skill_id,source_type,source_id,mention_text,matched_via,confidence,start_char,end_char
SKILL_0431,course,NPTEL_Dep_Free_Elective.csv:106105167,Cloud computing,alias,1.0,0,15
SKILL_0180,course,NPTEL_Dep_Free_Elective.csv:106105174,Data Mining,exact,1.0,0,11
SKILL_0133,course,NPTEL_Dep_Free_Elective.csv:106106137,Haskell,exact,1.0,16,23
SKILL_0144,course,NPTEL_Dep_Free_Elective.csv:111104100,R Software,alias,1.0,16,26
SKILL_0001,course,NPTEL_Dep_Free_Elective.csv:106105234,C++,exact,1.0,15,18
SKILL_0184,course,NPTEL_Dep_Free_Elective.csv:106106224,Deep Learning,exact,1.0,0,13
SKILL_0172,course,NPTEL_Dep_Free_Elective.csv:106106224,Computer Vision,exact,1.0,18,33
SKILL_0395,course,NPTEL_Dep_Free_Elective.csv:106105166,internet of things,exact,1.0,16,34
SKILL_0031,course,NPTEL_Dep_Free_Elective.csv:106106248,Cyber Security,exact,1.0,0,14
SKILL_0155,course,NPTEL_Dep_Free_Elective.csv:106105225,Algorithms,exact,1.0,19,29
SKILL_0396,course,NPTEL_Dep_Free_Elective.csv:106105225,Java,alias,1.0,36,40
SKILL_0363,course,NPTEL_Dep_Free_Elective.csv:106106183,Mathematics,exact,1.0,9,20
SKILL_0250,course,NPTEL_Dep_Free_Elective.csv:106106239,Social Network Analysis,exact,1.0,0,23
SKILL_0431,course,NPTEL_Dep_Free_Elective.csv:106105223,Cloud Computing,alias,1.0,7,22
SKILL_0127,course,NPTEL_Dep_Free_Elective.csv:106106210,Assembly,alias,1.0,18,26
SKILL_0155,course,NPTEL_Dep_Free_Elective.csv:106106230,Algorithms,exact,1.0,14,24
SKILL_0486,course,NPTEL_Dep_Free_Elective.csv:106101237,Game Theory,exact,1.0,16,27
SKILL_0363,course,NPTEL_Dep_Free_Elective.csv:106108227,Mathematics,exact,1.0,9,20
SKILL_0155,course,NPTEL_Dep_Free_Elective.csv:106106232,Algorithms,exact,1.0,43,53
SKILL_0144,course,NPTEL_Dep_Free_Elective.csv:111104160,R Software,alias,1.0,15,25
SKILL_0166,course,NPTEL_Dep_Free_Elective.csv:106106361,Business Intelligence,exact,1.0,0,21
SKILL_0431,course,NPTEL_Dep_Free_Elective.csv:106104182,Cloud Computing,alias,1.0,0,15
SKILL_0431,course,NPTEL_Dep_Free_Elective.csv:106104449,Edge Computing,alias,1.0,0,14
SKILL_0528,course,NPTEL_Dep_Free_Elective.csv:106105193,System Design,exact,1.0,9,22
SKILL_0477,course,NPTEL_Dep_Free_Elective.csv:106105159,Embedded Systems,exact,1.0,0,16
SKILL_0031,course,NPTEL_Dep_Free_Elective.csv:106106199,Information Security,alias,1.0,0,20
SKILL_0528,course,NPTEL_Dep_Free_Elective.csv:108102169,System Design,exact,1.0,25,38
SKILL_0155,course,NPTEL_Dep_Free_Elective.csv:106106241,Algorithms,exact,1.0,8,18
SKILL_0358,course,NPTEL_Dep_Free_Elective.csv:106103220,Human-Computer Interaction,exact,1.0,27,53
SKILL_0395,course,NPTEL_Dep_Free_Elective.csv:106104242,IoT,alias,1.0,20,23
SKILL_0279,course,NPTEL_Dep_Free_Elective.csv:106104242,ML,alias,1.0,29,31
SKILL_0170,course,NPTEL_Dep_Free_Elective.csv:106104356,computer science,exact,1.0,43,59
SKILL_0031,course,NPTEL_Dep_Free_Elective.csv:106104467,Cyber Security,exact,1.0,10,24
SKILL_0031,course,NPTEL_Dep_Free_Elective.csv:106104467,Cyber Security,exact,1.0,29,43
SKILL_0155,course,NPTEL_Dep_Free_Elective.csv:106108468,Algorithms,exact,1.0,22,32
SKILL_0254,course,NPTEL_Dep_Free_Elective.csv:106104189,Big Data,alias,1.0,0,8
SKILL_0155,course,NPTEL_Dep_Free_Elective.csv:106105164,Algorithms,exact,1.0,16,26
SKILL_0155,course,NPTEL_Dep_Free_Elective.csv:106105471,Algorithm,alias,1.0,14,23
SKILL_0511,course,NPTEL_Dep_Free_Elective.csv:106105218,Project Management,exact,1.0,9,27
SKILL_0511,course,NPTEL_HS_MG.csv:110107081,Project Management,exact,1.0,0,18
SKILL_0048,course,NPTEL_HS_MG.csv:110105097,Ethics,exact,1.0,0,6
SKILL_0400,course,NPTEL_HS_MG.csv:110107129,Python,alias,1.0,48,54
SKILL_0144,course,NPTEL_HS_MG.csv:110108161,R,exact,1.0,50,51
SKILL_0254,course,NPTEL_HS_MG.csv:110104125,Data Analysis,alias,1.0,0,13
SKILL_0112,course,NPTEL_HS_MG.csv:110105094,Safety Engineering,exact,1.0,11,29
SKILL_0033,course,NPTEL_HS_MG.csv:110104168,Decision Support Systems,exact,1.0,18,42
SKILL_0363,course,NPTEL_HS_MG.csv:109103188,Mathematics,exact,1.0,0,11
SKILL_0144,course,NPTEL_HS_MG.csv:109106204,R,exact,1.0,48,49
SKILL_0144,course,NPTEL_HS_MG.csv:109106180,R,exact,1.0,36,37
SKILL_0254,course,NPTEL_HS_MG.csv:109107190,Survey Data,alias,1.0,10,21
SKILL_0144,course,NPTEL_HS_MG.csv:109106183,R,exact,1.0,46,47
SKILL_0345,course,NPTEL_HS_MG.csv:109103134,Cognitive Psychology,exact,1.0,16,36
SKILL_0177,course,NPTEL_HS_MG.csv:109102392,Data Analytics,exact,1.0,49,63
SKILL_0180,course,NPTEL_HS_MG.csv:110107092,data mining,exact,1.0,23,34
SKILL_0144,course,NPTEL_HS_MG.csv:110107092,R,exact,1.0,50,51
SKILL_0048,course,NPTEL_HS_MG.csv:110105079,Ethics,exact,1.0,9,15
SKILL_0254,course,NPTEL_HS_MG.csv:110104094,Data Analysis,alias,1.0,0,13
SKILL_0144,course,NPTEL_HS_MG.csv:110108141,R,exact,1.0,38,39
SKILL_0227,course,NPTEL_HS_MG.csv:110105142,Marketing Analytics,exact,1.0,0,19
SKILL_0144,course,NPTEL_HS_MG.csv:110104440,R,exact,1.0,29,30
SKILL_0511,course,NPTEL_HS_MG.csv:110107430,Project Management,exact,1.0,0,18
SKILL_0511,course,NPTEL_HS_MG.csv:110105167,Project Management,exact,1.0,0,18
SKILL_0155,course,NPTEL_HS_MG.csv:110104169,Algorithmic,alias,1.0,9,20
SKILL_0155,course,NPTEL_HS_MG.csv:110104169,Algorithmic,alias,1.0,9,20
SKILL_0511,course,NPTEL_HS_MG.csv:110105167,Project Management,exact,1.0,0,18
SKILL_0272,resume,19962,Cisco,exact,1.0,158,163
SKILL_0475,resume,19962,DNS,alias,1.0,192,195
SKILL_0436,resume,19962,PowerShell,alias,1.0,366,376
SKILL_0436,resume,19962,Bash,alias,1.0,378,382
SKILL_0400,resume,19962,Python,alias,1.0,384,390
SKILL_0527,resume,19962,CSS,alias,1.0,398,401
SKILL_0397,resume,19962,JavaScript,exact,1.0,403,413
SKILL_0141,resume,19962,PHP,exact,1.0,423,426
SKILL_0031,resume,11491,IT Security,alias,1.0,270,281
SKILL_0304,resume,18744,Disaster Recovery,alias,1.0,207,224
SKILL_0441,resume,18744,ETL,alias,1.0,254,257
SKILL_0396,resume,3272,Java,alias,1.0,0,4
SKILL_0277,resume,3272,Jenkins,alias,1.0,190,197
SKILL_0546,resume,3272,Web Services,exact,1.0,228,240
SKILL_0397,resume,3272,JavaScript,exact,1.0,242,252
SKILL_0546,resume,3272,Web services,exact,1.0,409,421
SKILL_0391,resume,3272,Agile,alias,1.0,449,454
SKILL_0391,resume,3272,Scrum,alias,1.0,455,460
SKILL_0396,resume,3272,Java,alias,1.0,564,568
SKILL_0396,resume,3272,Java,alias,1.0,600,604
SKILL_0396,resume,3272,Java,alias,1.0,616,620
SKILL_0396,resume,3272,Java,alias,1.0,673,677
SKILL_0527,resume,22461,CSS,alias,1.0,53,56
SKILL_0266,resume,22461,Ajax,exact,1.0,161,165
SKILL_0436,resume,22461,AngularJS,alias,1.0,181,190
SKILL_0532,resume,22461,GIT,alias,1.0,313,316
SKILL_0532,resume,22461,source control,alias,1.0,321,335
SKILL_0546,resume,22461,web services,exact,1.0,415,427
SKILL_0397,resume,22461,JavaScript,exact,1.0,567,577
SKILL_0527,resume,22461,CSS,alias,1.0,739,742
SKILL_0391,resume,22461,Agile,alias,1.0,764,769
SKILL_0511,resume,10243,Project Management,exact,1.0,3,21
SKILL_0111,resume,10243,Risk assessment,alias,1.0,98,113
SKILL_0304,resume,10243,Disaster Recovery,alias,1.0,169,186
SKILL_0272,resume,10243,Cisco,exact,1.0,284,289
SKILL_0254,resume,10243,Data Analysis,alias,1.0,307,320
SKILL_0166,resume,10243,BI,alias,1.0,334,336
SKILL_0128,resume,10243,C#,exact,1.0,372,374
SKILL_0396,resume,10243,Java,alias,1.0,376,380
SKILL_0141,resume,10243,PHP,exact,1.0,382,385
SKILL_0272,resume,10243,Cisco,exact,1.0,498,503
SKILL_0397,resume,40178,JavaScript,exact,1.0,0,10
SKILL_0400,resume,40178,Python,alias,1.0,12,18
SKILL_0436,resume,40178,AngularJS,alias,1.0,20,29
SKILL_0532,resume,40178,Git,alias,1.0,88,91
SKILL_0152,resume,40178,Typescript,exact,1.0,134,144
SKILL_0254,resume,40178,Data Analysis,alias,1.0,348,361
SKILL_0254,resume,40178,Statistics,exact,1.0,509,519
SKILL_0400,resume,31764,Python,alias,1.0,0,6
SKILL_0532,resume,31764,Git,alias,1.0,173,176
SKILL_0391,resume,31764,Agile,alias,1.0,188,193
SKILL_0172,resume,31764,TensorFlow,alias,1.0,254,264
SKILL_0436,resume,31764,AngularJS,alias,1.0,447,456
SKILL_0119,resume,31764,Selenium,alias,1.0,474,482
SKILL_0001,resume,31764,C++,exact,1.0,518,521
SKILL_0527,resume,31764,CSS,alias,1.0,534,537
SKILL_0400,resume,31764,Python,alias,1.0,550,556
SKILL_0400,resume,31764,Python,alias,1.0,573,579
SKILL_0400,resume,31764,Python,alias,1.0,591,597
SKILL_0400,resume,31764,Python,alias,1.0,609,615
SKILL_0396,resume,31764,Java,alias,1.0,627,631
SKILL_0180,resume,9600,Data mining,exact,1.0,81,92
SKILL_0111,resume,9600,Risk Management,exact,1.0,94,109
SKILL_0031,resume,9600,Information security,alias,1.0,206,226
SKILL_0111,resume,9600,risk assessment,alias,1.0,443,458
SKILL_0615,resume,9600,plan,exact,1.0,476,480
SKILL_0615,resume,9600,plan,exact,1.0,482,486
SKILL_0031,resume,9600,IT Security,alias,1.0,513,524
SKILL_0031,resume,9600,Information Security,alias,1.0,534,554
SKILL_0511,resume,4838,Project Management,exact,1.0,34,52
SKILL_0396,resume,50551,Java,alias,1.0,6,10
SKILL_0396,resume,50551,Java,alias,1.0,34,38
SKILL_0396,resume,50551,Java,alias,1.0,54,58
SKILL_0396,resume,50551,Java,alias,1.0,70,74
SKILL_0397,resume,5753,JavaScript,exact,1.0,135,145
SKILL_0436,resume,5753,AngularJS,alias,1.0,179,188
SKILL_0266,resume,5753,AJAX,exact,1.0,207,211
SKILL_0436,resume,5753,AngularJS,alias,1.0,305,314
SKILL_0397,resume,5753,JavaScript,exact,1.0,616,626
SKILL_0527,resume,5753,CSS,alias,1.0,843,846
SKILL_0546,resume,5753,web services,exact,1.0,967,979
SKILL_0397,resume,5753,Mocha,alias,1.0,1540,1545
SKILL_0532,resume,5753,Git,alias,1.0,1595,1598
SKILL_0495,resume,5753,IDE,alias,1.0,1671,1674
SKILL_0153,resume,5753,Visual Studio,alias,1.0,1683,1696
SKILL_0391,resume,5753,Agile,alias,1.0,1757,1762
SKILL_0391,resume,5753,software development methodologies,alias,1.0,1763,1797
SKILL_0391,resume,5753,SCRUM,alias,1.0,1828,1833
SKILL_0511,resume,44513,Project Management,exact,1.0,0,18
SKILL_0304,resume,44513,Disaster Recovery,alias,1.0,68,85
SKILL_0511,resume,44513,Project Management,exact,1.0,289,307
SKILL_0511,resume,44513,Project Management,exact,1.0,332,350
SKILL_0511,resume,44513,Project Management,exact,1.0,371,389
SKILL_0272,resume,17344,Cisco,exact,1.0,57,62
SKILL_0031,resume,17344,Cybersecurity,alias,1.0,95,108
SKILL_0304,resume,17344,Disaster recovery,alias,1.0,141,158
SKILL_0511,resume,17344,Project management,exact,1.0,160,178
SKILL_0254,resume,17344,Big Data,alias,1.0,201,209
SKILL_0400,resume,17344,Python,alias,1.0,316,322
SKILL_0408,resume,17344,Data security,alias,1.0,395,408
SKILL_0272,resume,17344,Cisco,exact,1.0,555,560
SKILL_0320,resume,51318,SaaS,alias,1.0,109,113
SKILL_0272,resume,51318,Cisco,exact,1.0,563,568
SKILL_0272,resume,51318,Cisco,exact,1.0,677,682
SKILL_0475,resume,51318,DNS,alias,1.0,820,823
SKILL_0031,resume,52455,cyber security,exact,1.0,12,26
SKILL_0114,resume,52455,security threat,alias,1.0,66,81
SKILL_0111,resume,52455,risk assessment,alias,1.0,94,109
SKILL_0031,resume,52455,Information Security,alias,1.0,316,336
SKILL_0400,resume,18093,Python,alias,1.0,217,223
SKILL_0446,resume,19455,database systems,alias,1.0,56,72
SKILL_0304,resume,19455,disaster recovery,alias,1.0,133,150
SKILL_0391,resume,19455,Agile,alias,1.0,286,291
SKILL_0436,resume,19455,IO,alias,1.0,465,467
SKILL_0532,resume,19455,source control,alias,1.0,795,809
SKILL_0391,resume,19455,agile,alias,1.0,1047,1052
SKILL_0532,resume,19455,Source control,alias,1.0,1152,1166
SKILL_0532,resume,19455,Git,alias,1.0,1221,1224
SKILL_0132,resume,19455,Hadoop,exact,1.0,1302,1308
SKILL_0391,resume,36992,Scrum,alias,1.0,10,15
SKILL_0391,resume,36992,Agile,alias,1.0,48,53
SKILL_0391,resume,36992,Scrum,alias,1.0,69,74
SKILL_0119,resume,36992,Selenium,alias,1.0,187,195
SKILL_0387,resume,36992,Usability Testing,alias,1.0,232,249
SKILL_0391,resume,36992,Agile,alias,1.0,271,276
SKILL_0391,resume,36992,Scrum,alias,1.0,381,386
SKILL_0391,resume,36992,Scrum,alias,1.0,437,442
SKILL_0031,resume,10129,IT Security,alias,1.0,461,472
SKILL_0031,resume,10129,IT Security,alias,1.0,708,719
SKILL_0317,resume,38705,AS400,alias,1.0,34,39
SKILL_0417,resume,38705,POS,alias,1.0,183,186
SKILL_0111,resume,43287,risk assessment,alias,1.0,197,212
SKILL_0435,resume,39775,software design,alias,1.0,99,114
SKILL_0527,resume,39775,CSS,alias,1.0,131,134
SKILL_0397,resume,39775,JavaScript,exact,1.0,136,146
SKILL_0436,resume,39775,AngularJs,alias,1.0,148,157
SKILL_0266,resume,39775,AJAX,exact,1.0,187,191
SKILL_0320,resume,39775,SAAS,alias,1.0,252,256
SKILL_0436,resume,39775,AngularJS,alias,1.0,264,273
SKILL_0527,resume,39775,CSS,alias,1.0,386,389
SKILL_0396,resume,39775,Java,alias,1.0,403,407
SKILL_0527,resume,39775,CSS,alias,1.0,499,502
SKILL_0527,resume,39775,CSS,alias,1.0,516,519
SKILL_0527,resume,39775,CSS,alias,1.0,529,532
SKILL_0527,resume,39775,CSS,alias,1.0,546,549
SKILL_0527,resume,39775,CSS,alias,1.0,562,565
SKILL_0527,resume,39775,CSS,alias,1.0,572,575
SKILL_0527,resume,39775,CSS,alias,1.0,585,588
SKILL_0527,resume,39775,CSS,alias,1.0,597,600
SKILL_0495,resume,39775,NetBeans,alias,1.0,629,637
SKILL_0470,resume,39775,IAM,alias,1.0,748,751
SKILL_0546,resume,39775,Web Services,exact,1.0,880,892
SKILL_0400,resume,39775,Python,alias,1.0,914,920
SKILL_0128,resume,39775,C#,exact,1.0,1144,1146
SKILL_0266,resume,39775,AJAX,exact,1.0,1148,1152
SKILL_0532,resume,39775,Git,alias,1.0,1162,1165
SKILL_0436,resume,39775,bash,alias,1.0,1166,1170
SKILL_0397,resume,39775,JavaScript,exact,1.0,1229,1239
SKILL_0270,resume,39775,Apache Tomcat,exact,1.0,1257,1270
SKILL_0527,resume,39775,CSS,alias,1.0,1307,1310
SKILL_0387,resume,39775,Usability Testing,alias,1.0,1326,1343
SKILL_0391,resume,39775,Agile,alias,1.0,1345,1350
SKILL_0527,resume,21361,CSS,alias,1.0,104,107
SKILL_0546,resume,21361,Web Services,exact,1.0,328,340
SKILL_0397,resume,21361,JavaScript,exact,1.0,446,456
SKILL_0152,resume,21361,Typescript,exact,1.0,462,472
SKILL_0527,resume,21361,CSS,alias,1.0,615,618
SKILL_0527,resume,21361,CSS,alias,1.0,689,692
SKILL_0397,resume,21361,JavaScript,exact,1.0,737,747
SKILL_0532,resume,21361,GIT,alias,1.0,1256,1259
SKILL_0532,resume,21361,Git,alias,1.0,1280,1283
SKILL_0391,resume,21361,AGILE,alias,1.0,1649,1654
SKILL_0391,resume,21361,SCRUM,alias,1.0,1715,1720
SKILL_0511,resume,7252,Project Management,exact,1.0,94,112
SKILL_0436,resume,33059,PowerShell,alias,1.0,545,555
SKILL_0128,resume,33059,C#,exact,1.0,822,824
SKILL_0272,resume,33778,Cisco,exact,1.0,57,62
SKILL_0031,resume,14542,Cybersecurity,alias,1.0,188,201
SKILL_0615,resume,14542,Plan,exact,1.0,812,816
SKILL_0111,resume,28198,Risk management,exact,1.0,63,78
SKILL_0431,resume,28198,Cloud Technologies,exact,1.0,217,235
SKILL_0304,resume,28198,Disaster Recovery,alias,1.0,237,254
SKILL_0031,resume,28198,IT Security,alias,1.0,310,321
SKILL_0031,resume,28198,Cyber Security,exact,1.0,331,345
SKILL_0511,resume,41602,Project management,exact,1.0,155,173
SKILL_0400,resume,32300,Python,alias,1.0,120,126
SKILL_0396,resume,32300,Java,alias,1.0,171,175
SKILL_0400,resume,17683,Python,alias,1.0,252,258
SKILL_0254,resume,17683,statistics,exact,1.0,294,304
SKILL_0400,resume,17683,Python,alias,1.0,345,351
SKILL_0495,resume,17683,IDE,alias,1.0,352,355
SKILL_0400,resume,17683,Python,alias,1.0,438,444
SKILL_0400,resume,17683,Python,alias,1.0,541,547
SKILL_0400,resume,17683,Python,alias,1.0,715,721
SKILL_0532,resume,17683,Git,alias,1.0,913,916
SKILL_0277,resume,17683,Jenkins,alias,1.0,926,933
SKILL_0400,resume,17683,Python,alias,1.0,971,977
SKILL_0436,resume,17683,Bash,alias,1.0,982,986
SKILL_0391,resume,17683,Agile,alias,1.0,1276,1281
SKILL_0400,resume,17683,Python,alias,1.0,1325,1331
SKILL_0442,resume,17683,data models,exact,1.0,1483,1494
SKILL_0119,resume,17683,Selenium,alias,1.0,2181,2189
SKILL_0400,resume,17683,Python,alias,1.0,2201,2207
SKILL_0400,resume,17683,Python,alias,1.0,2243,2249
SKILL_0527,resume,17683,CSS,alias,1.0,2314,2317
SKILL_0400,resume,17683,Python,alias,1.0,2394,2400
SKILL_0400,resume,17683,Python,alias,1.0,2553,2559
SKILL_0400,resume,17683,Python,alias,1.0,2601,2607
SKILL_0400,resume,17683,Python,alias,1.0,2665,2671
SKILL_0254,resume,17683,statistical analysis,alias,1.0,2743,2763
SKILL_0391,resume,17683,agile,alias,1.0,3273,3278
SKILL_0266,resume,17683,AJAX,exact,1.0,3349,3353
SKILL_0527,resume,17683,CSS,alias,1.0,3355,3358
SKILL_0397,resume,17683,JavaScript,exact,1.0,3363,3373
SKILL_0141,resume,17683,PHP,exact,1.0,3523,3526
SKILL_0397,resume,17683,JavaScript,exact,1.0,3561,3571
SKILL_0266,resume,17683,Ajax,exact,1.0,3573,3577
SKILL_0141,resume,17683,PHP,exact,1.0,3644,3647
SKILL_0527,resume,17683,CSS,alias,1.0,3655,3658
SKILL_0397,resume,17683,JavaScript,exact,1.0,3660,3670
SKILL_0336,resume,17683,scratch,alias,1.0,3838,3845
SKILL_0266,resume,17683,AJAX,exact,1.0,3890,3894
SKILL_0397,resume,17683,JavaScript,exact,1.0,3968,3978
SKILL_0266,resume,17683,Ajax,exact,1.0,4085,4089
SKILL_0397,resume,17683,JavaScript,exact,1.0,4094,4104
SKILL_0400,resume,17683,Python,alias,1.0,4301,4307
SKILL_0400,resume,17683,Python,alias,1.0,4560,4566
SKILL_0400,resume,17683,python,alias,1.0,4646,4652
SKILL_0400,resume,17683,Python,alias,1.0,4872,4878
SKILL_0400,resume,17683,Python,alias,1.0,4909,4915
SKILL_0527,resume,17683,CSS,alias,1.0,5145,5148
SKILL_0400,resume,17683,Python,alias,1.0,5759,5765
SKILL_0400,resume,17683,Python,alias,1.0,5777,5783
SKILL_0400,resume,17683,Python,alias,1.0,5795,5801
SKILL_0177,resume,16100,Data Analytics,exact,1.0,0,14
SKILL_0511,resume,16100,project management,exact,1.0,372,390
SKILL_0615,resume,16100,plan,exact,1.0,525,529
SKILL_0605,resume,16100,meet deadlines,alias,1.0,546,560
SKILL_0177,resume,16100,data analytics,exact,1.0,588,602
SKILL_0315,resume,16100,Network Engineering,exact,1.0,790,809
SKILL_0315,resume,16100,Network Engineering,exact,1.0,822,841
SKILL_0087,resume,25507,Manage team,alias,1.0,82,93
SKILL_0615,resume,25507,plan,exact,1.0,192,196
SKILL_0254,resume,25507,data collection,alias,1.0,1037,1052
SKILL_0396,resume,12250,Java,alias,1.0,29,33
SKILL_0417,resume,12250,POS,alias,1.0,61,64
SKILL_0396,resume,12250,Java,alias,1.0,72,76
SKILL_0495,resume,12250,IDE,alias,1.0,90,93
SKILL_0417,resume,12250,POS,alias,1.0,104,107
SKILL_0396,resume,12250,Java,alias,1.0,231,235
SKILL_0417,resume,12250,POS,alias,1.0,319,322
SKILL_0532,resume,36572,Git,alias,1.0,57,60
SKILL_0546,resume,36572,web services,exact,1.0,109,121
SKILL_0546,resume,36572,web services,exact,1.0,173,185
SKILL_0400,resume,36572,Python,alias,1.0,277,283
SKILL_0266,resume,36572,AJAX,exact,1.0,359,363
SKILL_0396,resume,36572,Java,alias,1.0,401,405
SKILL_0335,resume,36572,Scala,exact,1.0,407,412
SKILL_0546,resume,36572,Web services,exact,1.0,462,474
SKILL_0391,resume,36572,Agile,alias,1.0,688,693
SKILL_0391,resume,36572,Scrum,alias,1.0,698,703
SKILL_0431,resume,36572,cloud technologies,exact,1.0,713,731
SKILL_0400,resume,36572,Python,alias,1.0,733,739
SKILL_0400,resume,36572,Python,alias,1.0,751,757
SKILL_0400,resume,36572,Python,alias,1.0,780,786
SKILL_0400,resume,36572,Python,alias,1.0,798,804
SKILL_0400,resume,36572,Python,alias,1.0,820,826
SKILL_0400,resume,36572,Python,alias,1.0,842,848
SKILL_0315,resume,16233,Network Engineering,exact,1.0,0,19
SKILL_0093,resume,16233,Network protocols,alias,1.0,299,316
SKILL_0511,resume,16233,project management,exact,1.0,497,515
SKILL_0391,resume,21348,Agile,alias,1.0,62,67
SKILL_0391,resume,21348,Scrum,alias,1.0,69,74
SKILL_0511,resume,21348,Project Management,exact,1.0,169,187
SKILL_0268,resume,21348,ASP.Net,exact,1.0,590,597
SKILL_0246,resume,21348,Quantitative Analysis,exact,1.0,1970,1991
SKILL_0111,resume,21348,Risk Assessment,alias,1.0,2338,2353
SKILL_0615,resume,47482,Plan,exact,1.0,99,103
SKILL_0238,resume,47482,Perform project management,exact,1.0,353,379
SKILL_0031,resume,47482,Information Security,alias,1.0,495,515
SKILL_0031,resume,46337,IT Security,alias,1.0,0,11
SKILL_0615,resume,46337,Plan,exact,1.0,173,177
SKILL_0111,resume,46337,Risk Assessment,alias,1.0,185,200
SKILL_0615,resume,46337,Plan,exact,1.0,284,288
SKILL_0408,resume,46337,Data Security,alias,1.0,372,385
SKILL_0111,resume,46337,risk assessment,alias,1.0,399,414
SKILL_0031,resume,46337,Information security,alias,1.0,446,466
SKILL_0031,resume,46337,IT Security,alias,1.0,558,569
SKILL_0436,resume,20027,Powershell,alias,1.0,66,76
SKILL_0274,resume,20027,DevOps,exact,1.0,78,84
SKILL_0170,resume,710,Computer Science,exact,1.0,291,307
SKILL_0031,resume,10423,IT Security,alias,1.0,0,11
SKILL_0031,resume,10423,IT Security,alias,1.0,70,81
SKILL_0396,resume,32344,Java,alias,1.0,0,4
SKILL_0396,resume,32344,Java,alias,1.0,54,58
SKILL_0397,resume,49957,JAVASCRIPT,exact,1.0,6,16
SKILL_0266,resume,49957,AJAX,exact,1.0,18,22
SKILL_0396,resume,49957,Java,alias,1.0,41,45
SKILL_0396,resume,49957,Java,alias,1.0,84,88
SKILL_0396,resume,49957,Java,alias,1.0,115,119
SKILL_0396,resume,49957,Java,alias,1.0,131,135
SKILL_0396,resume,49957,Java,alias,1.0,147,151
SKILL_0396,resume,49957,Java,alias,1.0,168,172
SKILL_0460,resume,22063,design process,exact,1.0,9,23
SKILL_0442,resume,1416,data models,exact,1.0,186,197
SKILL_0254,resume,1416,data analysis,alias,1.0,228,241
SKILL_0207,resume,1416,data architecture,alias,1.0,362,379
SKILL_0441,resume,1416,ETL,alias,1.0,554,557
SKILL_0166,resume,1416,Business Intelligence,exact,1.0,568,589
SKILL_0166,resume,1416,Business Intelligence,exact,1.0,637,658
SKILL_0441,resume,1416,ETL,alias,1.0,659,662
SKILL_0166,resume,1416,Business Intelligence,exact,1.0,698,719
SKILL_0166,resume,1416,Business Intelligence,exact,1.0,790,811
SKILL_0166,resume,1416,Business Intelligence,exact,1.0,859,880
SKILL_0272,resume,29694,Cisco,exact,1.0,24,29
SKILL_0141,resume,22650,PHP,exact,1.0,92,95
SKILL_0396,resume,31732,JAVA,alias,1.0,0,4
SKILL_0001,resume,31732,C++,exact,1.0,43,46
SKILL_0396,resume,31732,Java,alias,1.0,90,94
SKILL_0397,resume,31732,JavaScript,exact,1.0,225,235
SKILL_0266,resume,31732,AJAX,exact,1.0,237,241
SKILL_0270,resume,31732,Apache Tomcat,exact,1.0,302,315
SKILL_0534,resume,31732,UML,alias,1.0,349,352
SKILL_0436,resume,31732,Subversion,alias,1.0,420,430
SKILL_0132,resume,31732,Hadoop,exact,1.0,461,467
SKILL_0396,resume,31732,Java,alias,1.0,475,479
SKILL_0400,resume,31732,Python,alias,1.0,510,516
SKILL_0144,resume,31732,R,exact,1.0,518,519
SKILL_0396,resume,31732,JAVA,alias,1.0,597,601
SKILL_0396,resume,31732,JAVA,alias,1.0,631,635
SKILL_0396,resume,31732,JAVA,alias,1.0,655,659
SKILL_0396,resume,31732,JAVA,alias,1.0,667,671
SKILL_0396,resume,31732,JAVA,alias,1.0,707,711
SKILL_0396,resume,31732,JAVA,alias,1.0,732,736
SKILL_0396,resume,31732,JAVA,alias,1.0,754,758
SKILL_0511,resume,25356,Project Management,exact,1.0,3,21
SKILL_0391,resume,25356,Scrum,alias,1.0,23,28
SKILL_0031,resume,25356,Information Security,alias,1.0,82,102
SKILL_0511,resume,25356,Project Management,exact,1.0,253,271
SKILL_0511,resume,25356,Project Management,exact,1.0,372,390
SKILL_0031,resume,25356,IT Security,alias,1.0,710,721
SKILL_0031,resume,25356,Information Security,alias,1.0,1024,1044
SKILL_0408,resume,25356,Data Security,alias,1.0,1066,1079
SKILL_0111,resume,25356,Risk Management,exact,1.0,1892,1907
SKILL_0031,resume,47217,IT Security,alias,1.0,155,166
SKILL_0031,resume,47217,IT Security,alias,1.0,344,355
SKILL_0511,resume,26606,Project Management,exact,1.0,17,35
SKILL_0032,resume,46243,Data Protection,exact,1.0,203,218
SKILL_0336,resume,33476,scratch,alias,1.0,23,30
SKILL_0141,resume,33476,PHP,exact,1.0,53,56
SKILL_0274,resume,33476,DevOps,exact,1.0,439,445
SKILL_0511,resume,27152,Project Management,exact,1.0,0,18
SKILL_0048,resume,27152,Ethics,exact,1.0,42,48
SKILL_0111,resume,27152,Risk Management,exact,1.0,141,156
SKILL_0391,resume,27152,Agile,alias,1.0,222,227
SKILL_0511,resume,27152,Project Management,exact,1.0,236,254
SKILL_0396,resume,32071,Java,alias,1.0,0,4
SKILL_0396,resume,32071,Java,alias,1.0,16,20
SKILL_0396,resume,32071,Java,alias,1.0,32,36
SKILL_0397,resume,40307,JavaScript,exact,1.0,72,82
SKILL_0152,resume,40307,Typescript,exact,1.0,84,94
SKILL_0532,resume,40307,GIT,alias,1.0,96,99
SKILL_0391,resume,40307,Agile,alias,1.0,107,112
SKILL_0527,resume,40307,CSS,alias,1.0,246,249
SKILL_0527,resume,40307,CSS,alias,1.0,262,265
SKILL_0527,resume,40307,CSS,alias,1.0,275,278
SKILL_0527,resume,40307,CSS,alias,1.0,292,295
SKILL_0391,resume,20215,Agile,alias,1.0,77,82
SKILL_0391,resume,20215,SCRUM,alias,1.0,83,88
SKILL_0031,resume,10047,IT Security,alias,1.0,22,33
SKILL_0272,resume,33454,Cisco,exact,1.0,108,113
SKILL_0304,resume,33454,Disaster recovery,alias,1.0,223,240
SKILL_0475,resume,16237,DNS,alias,1.0,207,210
SKILL_0446,resume,38593,Database Systems,alias,1.0,383,399
SKILL_0446,resume,38593,Database Systems,alias,1.0,415,431
SKILL_0408,resume,38593,Data Security,alias,1.0,468,481
SKILL_0396,resume,12588,Java,alias,1.0,140,144
SKILL_0396,resume,12588,Java,alias,1.0,201,205
SKILL_0396,resume,12588,Java,alias,1.0,212,216
SKILL_0396,resume,12588,Java,alias,1.0,234,238
SKILL_0396,resume,12588,Java,alias,1.0,259,263
SKILL_0396,resume,12588,Java,alias,1.0,304,308
SKILL_0396,resume,12588,JAVA,alias,1.0,404,408
SKILL_0546,resume,12588,Web services,exact,1.0,437,449
SKILL_0270,resume,12588,Apache Tomcat,exact,1.0,451,464
SKILL_0391,resume,12588,Agile,alias,1.0,495,500
SKILL_0391,resume,12588,Scrum,alias,1.0,501,506
SKILL_0546,resume,12588,web services,exact,1.0,837,849
SKILL_0546,resume,12588,web services,exact,1.0,910,922
SKILL_0396,resume,12588,Java,alias,1.0,929,933
SKILL_0396,resume,12588,Java,alias,1.0,973,977
SKILL_0266,resume,12588,AJAX,exact,1.0,1020,1024
SKILL_0397,resume,12588,JavaScript,exact,1.0,1026,1036
SKILL_0396,resume,12588,java,alias,1.0,1062,1066
SKILL_0396,resume,12588,Java,alias,1.0,1200,1204
SKILL_0534,resume,12588,UML,alias,1.0,1652,1655
SKILL_0495,resume,12588,IDE,alias,1.0,1824,1827
SKILL_0495,resume,12588,NetBeans,alias,1.0,1873,1881
SKILL_0277,resume,12588,Jenkins,alias,1.0,1979,1986
SKILL_0396,resume,12588,Java,alias,1.0,2161,2165
SKILL_0396,resume,12588,Java,alias,1.0,2195,2199
SKILL_0396,resume,12588,Java,alias,1.0,2211,2215
SKILL_0396,resume,12588,Java,alias,1.0,2227,2231
SKILL_0396,resume,12588,Java,alias,1.0,2250,2254
SKILL_0397,resume,35805,JAVASCRIPT,exact,1.0,14,24
SKILL_0400,resume,35805,PYTHON,alias,1.0,26,32
SKILL_0400,resume,35805,Python,alias,1.0,46,52
SKILL_0400,resume,35805,Python,alias,1.0,74,80
SKILL_0400,resume,35805,Python,alias,1.0,98,104
SKILL_0400,resume,35805,Python,alias,1.0,116,122
SKILL_0400,resume,35805,Python,alias,1.0,134,140
SKILL_0400,resume,35805,Python,alias,1.0,152,158
SKILL_0031,resume,27709,IT Security,alias,1.0,0,11
SKILL_0031,resume,27709,Information Security,alias,1.0,13,33
SKILL_0031,resume,27709,Cyber Security,exact,1.0,35,49
SKILL_0272,resume,27709,Cisco,exact,1.0,190,195
SKILL_0031,resume,27709,IT Security,alias,1.0,275,286
SKILL_0183,resume,1248,data warehouse,exact,1.0,97,111
SKILL_0442,resume,1248,data modelling,alias,1.0,642,656
SKILL_0396,resume,50715,Java,alias,1.0,0,4
SKILL_0546,resume,50715,Web Services,exact,1.0,12,24
SKILL_0436,resume,50715,AngularJS,alias,1.0,60,69
SKILL_0391,resume,50715,Agile,alias,1.0,110,115
SKILL_0274,resume,50715,DevOps,exact,1.0,117,123
SKILL_0396,resume,50715,Java,alias,1.0,125,129
SKILL_0396,resume,50715,Java,alias,1.0,146,150
SKILL_0396,resume,50715,Java,alias,1.0,167,171
SKILL_0396,resume,50715,Java,alias,1.0,188,192
SKILL_0511,resume,46150,Project Management,exact,1.0,17,35
SKILL_0511,resume,46150,Project Management,exact,1.0,103,121
SKILL_0031,resume,29872,IT Security,alias,1.0,1010,1021
SKILL_0396,resume,12467,Java,alias,1.0,103,107
SKILL_0396,resume,12467,Java,alias,1.0,598,602
SKILL_0396,resume,12467,Java,alias,1.0,767,771
SKILL_0546,resume,12467,Web Services,exact,1.0,927,939
SKILL_0269,resume,12467,Agile development,exact,1.0,1590,1607
SKILL_0119,resume,12467,selenium,alias,1.0,1672,1680
SKILL_0145,resume,12467,Ruby,alias,1.0,1703,1707
SKILL_0527,resume,12467,CSS,alias,1.0,1856,1859
SKILL_0397,resume,12467,JavaScript,exact,1.0,1869,1879
SKILL_0266,resume,12467,AJAX,exact,1.0,1927,1931
SKILL_0436,resume,12467,AngularJS,alias,1.0,2053,2062
SKILL_0396,resume,12467,Java,alias,1.0,2306,2310
SKILL_0546,resume,12467,Web Services,exact,1.0,2573,2585
SKILL_0396,resume,12467,Java,alias,1.0,2608,2612
SKILL_0436,resume,12467,IO,alias,1.0,2682,2684
SKILL_0269,resume,12467,Agile Development,exact,1.0,2856,2873
SKILL_0153,resume,12467,.NET,alias,1.0,2875,2879
SKILL_0546,resume,12467,Web Services,exact,1.0,3067,3079
SKILL_0132,resume,12467,Hadoop,exact,1.0,3205,3211
SKILL_0532,resume,12467,GIT,alias,1.0,3322,3325
SKILL_0391,resume,12467,Agile,alias,1.0,3369,3374
SKILL_0391,resume,12467,SCRUM,alias,1.0,3394,3399
SKILL_0446,resume,12467,Database Systems,alias,1.0,3896,3912
SKILL_0396,resume,12467,Java,alias,1.0,4018,4022
SKILL_0335,resume,12467,Scala,exact,1.0,4027,4032
SKILL_0396,resume,12467,Java,alias,1.0,4162,4166
SKILL_0128,resume,12467,C#,exact,1.0,4189,4191
SKILL_0397,resume,12467,JavaScript,exact,1.0,4193,4203
SKILL_0396,resume,12467,Java,alias,1.0,4254,4258
SKILL_0132,resume,12467,Hadoop,exact,1.0,4399,4405
SKILL_0396,resume,12467,Java,alias,1.0,4447,4451
SKILL_0396,resume,12467,Java,alias,1.0,4478,4482
SKILL_0396,resume,12467,Java,alias,1.0,4509,4513
SKILL_0396,resume,12467,Java,alias,1.0,4530,4534
SKILL_0396,resume,12467,Java,alias,1.0,4546,4550
SKILL_0511,resume,25698,Project Management,exact,1.0,211,229
SKILL_0431,resume,48584,Cloud Computing,alias,1.0,119,134
SKILL_0031,resume,48584,Cyber Security,exact,1.0,230,244
SKILL_0098,resume,48584,Nmap,alias,1.0,348,352
SKILL_0098,resume,48584,Metasploit,alias,1.0,354,364
SKILL_0400,resume,48584,Python,alias,1.0,376,382
SKILL_0436,resume,48584,Powershell,alias,1.0,384,394
SKILL_0031,resume,48584,Cyber Security,exact,1.0,442,456
SKILL_0546,resume,48584,Web Services,exact,1.0,465,477
SKILL_0031,resume,48584,IT Security,alias,1.0,682,693
SKILL_0111,resume,46266,Risk Management,exact,1.0,46,61
SKILL_0304,resume,46266,Disaster Recovery,alias,1.0,161,178
SKILL_0031,resume,46266,Information Security,alias,1.0,366,386
SKILL_0132,resume,49304,Hadoop,exact,1.0,24,30
SKILL_0132,resume,49304,Hadoop,exact,1.0,45,51
SKILL_0132,resume,49304,Hadoop,exact,1.0,62,68
SKILL_0335,resume,49304,Scala,exact,1.0,104,109
SKILL_0546,resume,49304,Web Services,exact,1.0,143,155
SKILL_0391,resume,49304,Agile,alias,1.0,157,162
SKILL_0132,resume,49304,Hadoop,exact,1.0,214,220
SKILL_0178,resume,49304,Data Engineering,exact,1.0,232,248
SKILL_0132,resume,49304,Hadoop,exact,1.0,250,256
SKILL_0132,resume,49304,Hadoop,exact,1.0,268,274
SKILL_0396,resume,49304,Java,alias,1.0,286,290
SKILL_0132,resume,49304,Hadoop,exact,1.0,291,297
SKILL_0396,resume,49304,Java,alias,1.0,309,313
SKILL_0396,resume,49304,Java,alias,1.0,325,329
SKILL_0272,resume,4214,Cisco,exact,1.0,0,5
SKILL_0315,resume,4214,Network engineering,exact,1.0,287,306
SKILL_0397,resume,40603,JavaScript,exact,1.0,76,86
SKILL_0436,resume,40603,AngularJS,alias,1.0,123,132
SKILL_0152,resume,40603,TypeScript,exact,1.0,160,170
SKILL_0495,resume,40603,NetBeans,alias,1.0,457,465
SKILL_0155,resume,40603,Algorithm,alias,1.0,498,507
SKILL_0001,resume,40603,C++,exact,1.0,570,573
SKILL_0397,resume,40603,JavaScript,exact,1.0,831,841
SKILL_0397,resume,40603,JavaScript,exact,1.0,853,863
SKILL_0396,resume,32387,Java,alias,1.0,564,568
SKILL_0145,resume,32387,Ruby,alias,1.0,621,625
SKILL_0031,resume,46073,Cyber Security,exact,1.0,0,14
SKILL_0031,resume,46073,Information Security,alias,1.0,22,42
SKILL_0031,resume,46073,IT Security,alias,1.0,44,55
SKILL_0031,resume,46073,Cyber Security,exact,1.0,68,82
SKILL_0031,resume,46073,Cyber Security,exact,1.0,93,107
SKILL_0031,resume,46073,IT Security,alias,1.0,117,128
SKILL_0031,resume,46073,IT Security,alias,1.0,138,149
SKILL_0408,resume,51623,data security,alias,1.0,213,226
SKILL_0156,resume,48989,Big data analysis,alias,1.0,0,17
SKILL_0132,resume,48989,Hadoop,exact,1.0,19,25
SKILL_0178,resume,48989,Data engineering,exact,1.0,37,53
SKILL_0441,resume,48989,ETL,alias,1.0,55,58
SKILL_0431,resume,48989,Cloud computing,alias,1.0,60,75
SKILL_0269,resume,48989,Agile development,exact,1.0,77,94
SKILL_0396,resume,48989,Java,alias,1.0,96,100
SKILL_0254,resume,48989,Big data,alias,1.0,152,160
SKILL_0132,resume,48989,Hadoop,exact,1.0,161,167
SKILL_0254,resume,48989,Big data,alias,1.0,179,187
SKILL_0132,resume,48989,Hadoop,exact,1.0,188,194
SKILL_0132,resume,48989,Hadoop,exact,1.0,206,212
SKILL_0132,resume,48989,Hadoop,exact,1.0,224,230
SKILL_0396,resume,48989,Java,alias,1.0,242,246
SKILL_0396,resume,48989,Java,alias,1.0,258,262
SKILL_0170,resume,18924,computer science,exact,1.0,53,69
SKILL_0397,resume,22351,Javascript,exact,1.0,24,34
SKILL_0396,resume,12692,Java,alias,1.0,21,25
SKILL_0546,resume,12692,Web Services,exact,1.0,39,51
SKILL_0495,resume,12692,IDE,alias,1.0,94,97
SKILL_0396,resume,12692,JAVA,alias,1.0,203,207
SKILL_0511,resume,20022,Project Management,exact,1.0,0,18
SKILL_0511,resume,892,Project management,exact,1.0,61,79
SKILL_0400,resume,892,Python,alias,1.0,273,279
SKILL_0180,resume,892,Data mining,exact,1.0,425,436
SKILL_0254,resume,892,Data analysis,alias,1.0,450,463
SKILL_0111,resume,46945,Risk Management,exact,1.0,0,15
SKILL_0031,resume,46945,Cyber Security,exact,1.0,17,31
SKILL_0031,resume,46945,Information Security,alias,1.0,39,59
SKILL_0031,resume,46945,Cybersecurity,alias,1.0,70,83
SKILL_0304,resume,433,Disaster Recovery,alias,1.0,207,224
SKILL_0441,resume,433,ETL,alias,1.0,254,257
SKILL_0315,resume,52223,Network Architecture,alias,1.0,0,20
SKILL_0511,resume,52223,Project Management,exact,1.0,57,75
SKILL_0272,resume,52223,Cisco,exact,1.0,235,240
SKILL_0272,resume,52223,Cisco,exact,1.0,602,607
SKILL_0397,resume,3930,JavaScript,exact,1.0,45,55
SKILL_0391,resume,3930,Agile,alias,1.0,96,101
SKILL_0277,resume,1041,Jenkins,alias,1.0,227,234
SKILL_0615,resume,1041,plan,exact,1.0,1605,1609
SKILL_0400,resume,36617,Python,alias,1.0,24,30
SKILL_0396,resume,36617,Java,alias,1.0,32,36
SKILL_0396,resume,36617,Java,alias,1.0,307,311
SKILL_0268,resume,36617,ASP.net,exact,1.0,377,384
SKILL_0270,resume,36617,Tomcat,alias,1.0,570,576
SKILL_0391,resume,36617,Agile,alias,1.0,592,597
SKILL_0391,resume,36617,SCRUM,alias,1.0,599,604
SKILL_0495,resume,36617,IDE,alias,1.0,742,745
SKILL_0495,resume,36617,NetBeans,alias,1.0,766,774
SKILL_0153,resume,36617,Visual Studio,alias,1.0,792,805
SKILL_0145,resume,36617,Ruby,alias,1.0,813,817
SKILL_0141,resume,36617,PHP,exact,1.0,950,953
SKILL_0277,resume,36617,Jenkins,alias,1.0,1051,1058
SKILL_0436,resume,36617,ColdFusion,alias,1.0,1060,1070
SKILL_0266,resume,36617,AJAX,exact,1.0,1195,1199
SKILL_0400,resume,36617,Python,alias,1.0,1289,1295
SKILL_0400,resume,36617,Python,alias,1.0,1320,1326
SKILL_0400,resume,36617,Python,alias,1.0,1338,1344
SKILL_0400,resume,36617,Python,alias,1.0,1356,1362
SKILL_0400,resume,36617,Python,alias,1.0,1378,1384
SKILL_0396,resume,36617,Java,alias,1.0,1396,1400
SKILL_0031,resume,29943,IT Security,alias,1.0,15,26
SKILL_0111,resume,29943,Risk Assessment,alias,1.0,63,78
SKILL_0032,resume,29943,Data Privacy,alias,1.0,114,126
SKILL_0408,resume,29943,Data Security,alias,1.0,610,623
SKILL_0527,resume,40920,CSS,alias,1.0,8,11
SKILL_0397,resume,40920,JavaScript,exact,1.0,25,35
SKILL_0511,resume,40920,Project management,exact,1.0,124,142
SKILL_0436,resume,40920,Subversion,alias,1.0,234,244
SKILL_0532,resume,40920,Git,alias,1.0,246,249
SKILL_0396,resume,32715,Java,alias,1.0,0,4
SKILL_0397,resume,32715,JavaScript,exact,1.0,37,47
SKILL_0142,resume,32715,Perl,exact,1.0,49,53
SKILL_0534,resume,32715,UML,alias,1.0,55,58
SKILL_0527,resume,32715,CSS,alias,1.0,292,295
SKILL_0266,resume,32715,AJAX,exact,1.0,302,306
SKILL_0153,resume,32715,.Net,alias,1.0,312,316
SKILL_0396,resume,32715,Java,alias,1.0,380,384
SKILL_0142,resume,32715,PERL,exact,1.0,396,400
SKILL_0495,resume,32715,Netbeans,alias,1.0,438,446
SKILL_0532,resume,32715,Git,alias,1.0,488,491
SKILL_0277,resume,32715,Jenkins,alias,1.0,602,609
SKILL_0396,resume,32715,Java,alias,1.0,728,732
SKILL_0396,resume,32715,Java,alias,1.0,750,754
SKILL_0396,resume,32715,Java,alias,1.0,772,776
SKILL_0396,resume,32715,Java,alias,1.0,788,792
SKILL_0396,resume,32715,Java,alias,1.0,810,814
SKILL_0391,resume,7824,Agile,alias,1.0,183,188
SKILL_0511,resume,7824,Project Management,exact,1.0,271,289
SKILL_0511,resume,7824,project management,exact,1.0,377,395
SKILL_0254,resume,7824,data analysis,alias,1.0,589,602
SKILL_0180,resume,7824,data mining,exact,1.0,621,632
SKILL_0254,resume,7824,data analysis,alias,1.0,840,853
SKILL_0396,resume,30846,java,alias,1.0,0,4
SKILL_0546,resume,30846,web services,exact,1.0,31,43
SKILL_0277,resume,30846,jenkins,alias,1.0,141,148
SKILL_0391,resume,30846,agile,alias,1.0,157,162
SKILL_0396,resume,30846,java,alias,1.0,247,251
SKILL_0396,resume,30846,Java,alias,1.0,300,304
SKILL_0396,resume,30846,Java,alias,1.0,316,320
SKILL_0527,resume,23470,CSS,alias,1.0,104,107
SKILL_0397,resume,23470,JavaScript,exact,1.0,109,119
SKILL_0152,resume,23470,TypeScript,exact,1.0,130,140
SKILL_0397,resume,23470,JavaScript,exact,1.0,334,344
SKILL_0436,resume,23470,AngularJS,alias,1.0,361,370
SKILL_0353,resume,23470,strategic thinking,alias,1.0,421,439
SKILL_0269,resume,23470,Agile development,exact,1.0,448,465
SKILL_0391,resume,23470,Scrum,alias,1.0,470,475
SKILL_0152,resume,23470,TypeScript,exact,1.0,543,553
SKILL_0397,resume,23470,JavaScript,exact,1.0,558,568
SKILL_0031,resume,11012,Cyber Security,exact,1.0,0,14
SKILL_0031,resume,11012,Cyber Security,exact,1.0,135,149
SKILL_0396,resume,21570,JAVA,alias,1.0,73,77
SKILL_0397,resume,21570,JavaScript,exact,1.0,150,160
SKILL_0266,resume,21570,AJAX,exact,1.0,183,187
SKILL_0436,resume,21570,AngularJS,alias,1.0,204,213
SKILL_0391,resume,21570,Agile,alias,1.0,309,314
SKILL_0391,resume,21570,Scrum,alias,1.0,315,320
SKILL_0396,resume,21570,Java,alias,1.0,416,420
SKILL_0436,resume,21570,AngularJS,alias,1.0,501,510
SKILL_0436,resume,21570,AngularJS,alias,1.0,563,572
SKILL_0546,resume,21570,web services,exact,1.0,684,696
SKILL_0546,resume,21570,web services,exact,1.0,771,783
SKILL_0442,resume,21570,Data Models,exact,1.0,1204,1215
SKILL_0396,resume,21570,Java,alias,1.0,1222,1226
SKILL_0396,resume,21570,Java,alias,1.0,1315,1319
SKILL_0532,resume,21570,Git,alias,1.0,1500,1503
SKILL_0270,resume,21570,Apache Tomcat,exact,1.0,1682,1695
SKILL_0266,resume,21570,Ajax,exact,1.0,1782,1786
SKILL_0397,resume,21570,JavaScript,exact,1.0,1793,1803
SKILL_0436,resume,21570,AngularJS,alias,1.0,1813,1822
SKILL_0495,resume,21570,IDE,alias,1.0,1843,1846
SKILL_0495,resume,21570,NetBeans,alias,1.0,1898,1906
SKILL_0396,resume,21570,Java,alias,1.0,2012,2016
SKILL_0396,resume,21570,Java,alias,1.0,2064,2068
SKILL_0396,resume,21570,Java,alias,1.0,2084,2088
SKILL_0396,resume,21570,Java,alias,1.0,2116,2120
SKILL_0396,resume,21570,Java,alias,1.0,2139,2143
SKILL_0031,resume,48254,IT Security,alias,1.0,15,26
SKILL_0111,resume,48254,Risk Assessment,alias,1.0,63,78
SKILL_0032,resume,48254,Data Privacy,alias,1.0,114,126
SKILL_0408,resume,48254,Data Security,alias,1.0,610,623
SKILL_0272,resume,53873,Cisco systems,alias,1.0,0,13
SKILL_0511,resume,7878,project management,exact,1.0,137,155
SKILL_0031,resume,7878,IT security,alias,1.0,179,190
SKILL_0304,resume,7878,disaster recovery,alias,1.0,215,232
SKILL_0511,resume,7057,project management,exact,1.0,0,18
SKILL_0436,resume,7057,PowerShell,alias,1.0,247,257
SKILL_0436,resume,7057,cURL,alias,1.0,259,263
SKILL_0431,resume,7057,CLOUD Computing,alias,1.0,265,280
SKILL_0254,resume,7057,statistical analysis,alias,1.0,310,330
SKILL_0441,resume,2618,ETL,alias,1.0,197,200
SKILL_0304,resume,2618,Disaster Recovery,alias,1.0,228,245
SKILL_0111,resume,2618,Risk Management,exact,1.0,327,342
SKILL_0111,resume,2618,Risk Assessment,alias,1.0,344,359
SKILL_0391,resume,19387,Agile,alias,1.0,94,99
SKILL_0427,resume,19387,Business Process Modeling,alias,1.0,112,137
SKILL_0153,resume,19387,VB.Net,alias,1.0,159,165
SKILL_0180,resume,19387,Data Mining,exact,1.0,197,208
SKILL_0304,resume,44547,Disaster Recovery,alias,1.0,320,337
SKILL_0615,resume,44547,Plan,exact,1.0,425,429
SKILL_0511,resume,6689,Project Management,exact,1.0,0,18
SKILL_0391,resume,6689,Agile,alias,1.0,349,354
SKILL_0441,resume,21117,ETL,alias,1.0,148,151
SKILL_0031,resume,10455,Cyber Security,exact,1.0,0,14
SKILL_0111,resume,10455,Risk Management,exact,1.0,15,30
SKILL_0031,resume,10455,Cybersecurity,alias,1.0,32,45
SKILL_0031,resume,10455,Cybersecurity,alias,1.0,60,73
SKILL_0031,resume,10455,Cybersecurity,alias,1.0,88,101
SKILL_0031,resume,10455,Cybersecurity,alias,1.0,112,125
SKILL_0031,resume,10455,Cybersecurity,alias,1.0,137,150
SKILL_0111,resume,10455,Risk Management,exact,1.0,268,283
SKILL_0183,resume,10455,Data Warehouse,exact,1.0,438,452
SKILL_0327,resume,10455,COBOL,exact,1.0,585,590
SKILL_0511,resume,10455,Project Management,exact,1.0,627,645
SKILL_0031,resume,10455,Cyber Security,exact,1.0,667,681
SKILL_0511,resume,7416,Project Management,exact,1.0,3,21
SKILL_0361,resume,7416,Lean Six Sigma,alias,1.0,29,43
SKILL_0111,resume,7416,Risk management,exact,1.0,126,141
SKILL_0391,resume,7416,Agile,alias,1.0,186,191
SKILL_0527,resume,54263,CSS,alias,1.0,463,466
SKILL_0397,resume,54263,JavaScript,exact,1.0,480,490
SKILL_0400,resume,54263,Python,alias,1.0,605,611
SKILL_0142,resume,54263,Perl,exact,1.0,623,627
SKILL_0400,resume,54263,Python,alias,1.0,629,635
SKILL_0141,resume,54263,PHP,exact,1.0,647,650
SKILL_0615,resume,48437,plan,exact,1.0,116,120
SKILL_0111,resume,48437,Risk assessment,alias,1.0,211,226
SKILL_0031,resume,48437,IT Security,alias,1.0,272,283
SKILL_0031,resume,48437,IT Security,alias,1.0,317,328
SKILL_0400,resume,17966,Python,alias,1.0,0,6
SKILL_0001,resume,17966,C++,exact,1.0,154,157
SKILL_0254,resume,17966,BIG DATA,alias,1.0,159,167
SKILL_0397,resume,17966,JavaScript,exact,1.0,194,204
SKILL_0546,resume,17966,Web Services,exact,1.0,214,226
SKILL_0277,resume,17966,Jenkins,alias,1.0,457,464
SKILL_0392,resume,17966,System Integration,alias,1.0,515,533
SKILL_0391,resume,17966,Agile,alias,1.0,640,645
SKILL_0391,resume,17966,Scrum,alias,1.0,647,652
SKILL_0436,resume,17966,ColdFusion,alias,1.0,716,726
SKILL_0266,resume,17966,AJAX,exact,1.0,728,732
SKILL_0400,resume,17966,Python,alias,1.0,756,762
SKILL_0400,resume,17966,Python,alias,1.0,774,780
SKILL_0400,resume,17966,Python,alias,1.0,792,798
SKILL_0400,resume,17966,Python,alias,1.0,810,816
SKILL_0396,resume,17966,Java,alias,1.0,828,832
SKILL_0207,resume,4030,Information Architecture,exact,1.0,0,24
SKILL_0153,resume,4030,Visual Studio,alias,1.0,71,84
SKILL_0527,resume,4030,CSS,alias,1.0,108,111
SKILL_0397,resume,4030,Javascript,exact,1.0,125,135
SKILL_0207,resume,42011,Information Architecture,exact,1.0,33,57
SKILL_0532,resume,42011,Git,alias,1.0,109,112
SKILL_0527,resume,42011,CSS,alias,1.0,185,188
SKILL_0397,resume,42011,JavaScript,exact,1.0,190,200
SKILL_0397,resume,42011,JavaScript,exact,1.0,245,255
SKILL_0031,resume,45936,Cyber security,exact,1.0,0,14
SKILL_0031,resume,45936,information security,alias,1.0,24,44
SKILL_0111,resume,45936,Risk Assessment,alias,1.0,113,128
SKILL_0031,resume,45936,Cyber Security,exact,1.0,159,173
SKILL_0031,resume,45936,Cyber Security,exact,1.0,249,263
SKILL_0031,resume,45936,Information Security,alias,1.0,273,293
SKILL_0132,resume,31993,Hadoop,exact,1.0,0,6
SKILL_0270,resume,31993,Apache Tomcat,exact,1.0,97,110
SKILL_0532,resume,31993,Git,alias,1.0,123,126
SKILL_0396,resume,31993,Java,alias,1.0,220,224
SKILL_0335,resume,31993,Scala,exact,1.0,230,235
SKILL_0128,resume,31993,C#,exact,1.0,237,239
SKILL_0001,resume,31993,C++,exact,1.0,243,246
SKILL_0397,resume,31993,JavaScript,exact,1.0,248,258
SKILL_0326,resume,31993,ABAP,exact,1.0,260,264
SKILL_0145,resume,31993,Ruby,alias,1.0,268,272
SKILL_0132,resume,31993,Hadoop,exact,1.0,346,352
SKILL_0132,resume,31993,Hadoop,exact,1.0,386,392
SKILL_0132,resume,31993,Hadoop,exact,1.0,404,410
SKILL_0396,resume,31993,Java,alias,1.0,412,416
SKILL_0207,resume,22854,Information Architecture,exact,1.0,60,84
SKILL_0511,resume,23461,Project Management,exact,1.0,287,305
SKILL_0031,resume,11736,Cyber Security,exact,1.0,179,193
SKILL_0436,resume,42161,AngularJS,alias,1.0,173,182
SKILL_0266,resume,42161,AJAX,exact,1.0,187,191
SKILL_0436,resume,42161,AngularJS,alias,1.0,676,685
SKILL_0266,resume,42161,AJAX,exact,1.0,710,714
SKILL_0436,resume,42161,AngularJS,alias,1.0,809,818
SKILL_0391,resume,42161,Agile,alias,1.0,891,896
SKILL_0397,resume,42161,JavaScript,exact,1.0,1187,1197
SKILL_0397,resume,42161,JavaScript,exact,1.0,1240,1250
SKILL_0436,resume,42161,Subversion,alias,1.0,1429,1439
SKILL_0270,resume,42161,Apache Tomcat,exact,1.0,1545,1558
SKILL_0141,resume,42161,PHP,exact,1.0,1683,1686
SKILL_0396,resume,42161,java,alias,1.0,1771,1775
SKILL_0155,resume,42161,algorithms,exact,1.0,1790,1800
SKILL_0155,resume,42161,algorithm,alias,1.0,1924,1933
SKILL_0396,resume,42161,Java,alias,1.0,1968,1972
SKILL_0278,resume,42161,Matlab,exact,1.0,2170,2176
SKILL_0615,resume,1316,plan,exact,1.0,2246,2250
SKILL_0272,resume,30020,Cisco,exact,1.0,73,78
SKILL_0475,resume,30020,DNS,alias,1.0,88,91
SKILL_0391,resume,36384,Agile,alias,1.0,197,202
SKILL_0546,resume,36384,Web Services,exact,1.0,218,230
SKILL_0441,resume,36384,ETL,alias,1.0,537,540
SKILL_0177,resume,36384,Data Analytics,exact,1.0,542,556
SKILL_0400,resume,36384,Python,alias,1.0,613,619
SKILL_0400,resume,36384,Python,alias,1.0,631,637
SKILL_0400,resume,36384,Python,alias,1.0,649,655
SKILL_0400,resume,36384,Python,alias,1.0,667,673
SKILL_0511,resume,7617,Project Management,exact,1.0,58,76
SKILL_0392,resume,7617,System Integration,alias,1.0,108,126
SKILL_0144,resume,1672,R,exact,1.0,141,142
SKILL_0400,resume,36413,Python,alias,1.0,524,530
SKILL_0400,resume,36413,Python,alias,1.0,593,599
SKILL_0391,resume,36413,Agile,alias,1.0,866,871
SKILL_0400,resume,36413,Python,alias,1.0,1020,1026
SKILL_0397,resume,42551,JavaScript,exact,1.0,25,35
SKILL_0436,resume,42551,AngularJS,alias,1.0,37,46
SKILL_0152,resume,42551,Typescript,exact,1.0,92,102
SKILL_0266,resume,42551,AJAX,exact,1.0,104,108
SKILL_0397,resume,42551,JavaScript,exact,1.0,169,179
SKILL_0397,resume,42551,Mocha,alias,1.0,567,572
SKILL_0532,resume,42551,Git,alias,1.0,609,612
SKILL_0391,resume,42551,Agile,alias,1.0,614,619
SKILL_0391,resume,42551,Scrum,alias,1.0,621,626
SKILL_0391,resume,50880,SCRUM,alias,1.0,737,742
SKILL_0396,resume,50880,Java,alias,1.0,914,918
SKILL_0142,resume,50880,Perl,exact,1.0,1137,1141
SKILL_0436,resume,50880,IO,alias,1.0,1264,1266
SKILL_0396,resume,50880,Java,alias,1.0,1294,1298
SKILL_0396,resume,50880,Java,alias,1.0,1324,1328
SKILL_0270,resume,50880,Tomcat,alias,1.0,1419,1425
SKILL_0396,resume,50880,JAVA,alias,1.0,1537,1541
SKILL_0546,resume,50880,web services,exact,1.0,1679,1691
SKILL_0534,resume,50880,UML,alias,1.0,1797,1800
SKILL_0270,resume,50880,Apache tomcat,exact,1.0,2009,2022
SKILL_0546,resume,50880,web services,exact,1.0,2104,2116
SKILL_0266,resume,50880,Ajax,exact,1.0,2415,2419
SKILL_0396,resume,50880,Java,alias,1.0,2616,2620
SKILL_0396,resume,50880,Java,alias,1.0,2624,2628
SKILL_0396,resume,50880,Java,alias,1.0,2996,3000
SKILL_0397,resume,50880,JavaScript,exact,1.0,3591,3601
SKILL_0270,resume,50880,Apache Tomcat,exact,1.0,3769,3782
SKILL_0532,resume,50880,GIT,alias,1.0,3789,3792
SKILL_0277,resume,50880,Jenkins,alias,1.0,4054,4061
SKILL_0269,resume,50880,Agile Development,exact,1.0,4126,4143
SKILL_0391,resume,50880,SCRUM,alias,1.0,4156,4161
SKILL_0546,resume,50880,web services,exact,1.0,4423,4435
SKILL_0142,resume,50880,Perl,exact,1.0,4489,4493
SKILL_0397,resume,50880,JavaScript,exact,1.0,4501,4511
SKILL_0527,resume,50880,CSS,alias,1.0,4513,4516
SKILL_0142,resume,50880,Perl,exact,1.0,4660,4664
SKILL_0119,resume,50880,Selenium,alias,1.0,4756,4764
SKILL_0396,resume,50880,Java,alias,1.0,5356,5360
SKILL_0534,resume,50880,UML,alias,1.0,5687,5690
SKILL_0396,resume,50880,Java,alias,1.0,5789,5793
SKILL_0436,resume,50880,AngularJS,alias,1.0,6165,6174
SKILL_0266,resume,50880,AJAX,exact,1.0,6218,6222
SKILL_0400,resume,50880,Python,alias,1.0,6508,6514
SKILL_0400,resume,50880,Python,alias,1.0,6521,6527
SKILL_0397,resume,50880,JavaScript,exact,1.0,6949,6959
SKILL_0270,resume,50880,Tomcat,alias,1.0,7014,7020
SKILL_0546,resume,50880,web services,exact,1.0,7051,7063
SKILL_0277,resume,50880,Jenkins,alias,1.0,7152,7159
SKILL_0396,resume,50880,JAVA,alias,1.0,7569,7573
SKILL_0396,resume,50880,JAVA,alias,1.0,7634,7638
SKILL_0396,resume,50880,Java,alias,1.0,7653,7657
SKILL_0274,resume,50880,Devops,exact,1.0,7658,7664
SKILL_0391,resume,13050,Agile,alias,1.0,63,68
SKILL_0546,resume,13050,Web services,exact,1.0,870,882
SKILL_0527,resume,13050,CSS,alias,1.0,951,954
SKILL_0397,resume,13050,JavaScript,exact,1.0,956,966
SKILL_0441,resume,13050,ETL,alias,1.0,1098,1101
SKILL_0495,resume,13050,IDE,alias,1.0,1204,1207
SKILL_0048,resume,13050,ethics,exact,1.0,1291,1297
SKILL_0396,resume,13050,Java,alias,1.0,1488,1492
SKILL_0511,resume,26915,project management,exact,1.0,0,18
SKILL_0128,resume,34693,C#,exact,1.0,400,402
SKILL_0128,resume,34693,C#,exact,1.0,470,472
SKILL_0391,resume,12995,Agile,alias,1.0,287,292
SKILL_0391,resume,12995,Scrum,alias,1.0,319,324
SKILL_0113,resume,12995,Security Management,alias,1.0,526,545
SKILL_0546,resume,12995,Web Services,exact,1.0,943,955
SKILL_0495,resume,12995,IDE,alias,1.0,1299,1302
SKILL_0396,resume,12995,Java,alias,1.0,1343,1347
SKILL_0277,resume,12995,Jenkins,alias,1.0,1349,1356
SKILL_0396,resume,12995,Java,alias,1.0,1363,1367
SKILL_0397,resume,12995,JavaScript,exact,1.0,1442,1452
SKILL_0532,resume,12995,GIT,alias,1.0,1454,1457
SKILL_0119,resume,12995,selenium,alias,1.0,1545,1553
SKILL_0527,resume,12995,CSS,alias,1.0,1561,1564
SKILL_0527,resume,12995,CSS,alias,1.0,1761,1764
SKILL_0397,resume,12995,JavaScript,exact,1.0,1766,1776
SKILL_0436,resume,12995,AngularJS,alias,1.0,1778,1787
SKILL_0396,resume,12995,Java,alias,1.0,1860,1864
SKILL_0128,resume,12995,C#,exact,1.0,1871,1873
SKILL_0001,resume,12995,C++,exact,1.0,1875,1878
SKILL_0153,resume,12995,VB.net,alias,1.0,1880,1886
SKILL_0277,resume,12995,Jenkins,alias,1.0,1894,1901
SKILL_0436,resume,12995,Subversion,alias,1.0,1929,1939
SKILL_0532,resume,12995,GIT,alias,1.0,1941,1944
SKILL_0396,resume,12995,Java,alias,1.0,2073,2077
SKILL_0153,resume,19872,.NET,alias,1.0,0,4
SKILL_0511,resume,19872,Project Management,exact,1.0,83,101
SKILL_0031,resume,19872,Information Security,alias,1.0,103,123
SKILL_0254,resume,19872,Data Analysis,alias,1.0,153,166
SKILL_0396,resume,19872,JAVA,alias,1.0,338,342
SKILL_0528,resume,53174,system design,exact,1.0,121,134
SKILL_0396,resume,24214,JAVA,alias,1.0,219,223
SKILL_0396,resume,24214,Java,alias,1.0,270,274
SKILL_0396,resume,24214,Java,alias,1.0,577,581
SKILL_0270,resume,24214,Apache Tomcat,exact,1.0,618,631
SKILL_0546,resume,24214,Web Services,exact,1.0,842,854
SKILL_0266,resume,24214,AJAX,exact,1.0,1227,1231
SKILL_0397,resume,24214,JavaScript,exact,1.0,1246,1256
SKILL_0527,resume,24214,CSS,alias,1.0,1274,1277
SKILL_0134,resume,24214,LDAP,exact,1.0,1522,1526
SKILL_0396,resume,24214,JAVA,alias,1.0,1685,1689
SKILL_0396,resume,24214,JAVA,alias,1.0,1701,1705
SKILL_0396,resume,24214,JAVA,alias,1.0,1717,1721
SKILL_0254,resume,20240,DATA ANALYSIS,alias,1.0,391,404
SKILL_0615,resume,38698,Plan,exact,1.0,405,409
SKILL_0511,resume,18632,Project Management,exact,1.0,0,18
SKILL_0153,resume,35769,.net,alias,1.0,0,4
SKILL_0001,resume,35769,C++,exact,1.0,6,9
SKILL_0532,resume,35769,Git,alias,1.0,19,22
SKILL_0400,resume,35769,Python,alias,1.0,36,42
SKILL_0397,resume,35769,Javascript,exact,1.0,159,169
SKILL_0400,resume,35769,Python,alias,1.0,221,227
SKILL_0400,resume,35769,Python,alias,1.0,239,245
SKILL_0031,resume,47288,IT Security,alias,1.0,40,51
SKILL_0317,resume,20394,AS400,alias,1.0,34,39
SKILL_0417,resume,20394,POS,alias,1.0,183,186
SKILL_0397,resume,22297,JavaScript,exact,1.0,73,83
SKILL_0396,resume,31167,Java,alias,1.0,125,129
SKILL_0397,resume,31167,Javascript,exact,1.0,131,141
SKILL_0396,resume,31167,Java,alias,1.0,185,189
SKILL_0272,resume,35650,Cisco,exact,1.0,38,43
SKILL_0475,resume,35650,DNS,alias,1.0,416,419
SKILL_0615,resume,45023,Plan,exact,1.0,644,648
SKILL_0526,resume,45023,troubleshoot system,alias,1.0,978,997
SKILL_0527,resume,45023,CSS,alias,1.0,1351,1354
SKILL_0511,resume,26499,Project Management,exact,1.0,42,60
SKILL_0272,resume,26499,Cisco,exact,1.0,213,218
SKILL_0397,resume,41516,JavaScript,exact,1.0,44,54
SKILL_0391,resume,41516,Agile,alias,1.0,161,166
SKILL_0391,resume,41516,SCRUM,alias,1.0,167,172
SKILL_0391,resume,40955,Agile,alias,1.0,259,264
SKILL_0145,resume,3087,Ruby,alias,1.0,63,67
SKILL_0141,resume,3087,PHP,exact,1.0,75,78
SKILL_0400,resume,3087,Python,alias,1.0,80,86
SKILL_0527,resume,3087,CSS,alias,1.0,155,158
SKILL_0141,resume,3087,PHP,exact,1.0,160,163
SKILL_0441,resume,1128,ETL,alias,1.0,224,227
SKILL_0144,resume,1128,R,exact,1.0,407,408
SKILL_0166,resume,1128,BI,alias,1.0,423,425
SKILL_0166,resume,1128,BI,alias,1.0,621,623
SKILL_0534,resume,1128,UML,alias,1.0,812,815
SKILL_0087,resume,19305,Manage team,alias,1.0,1541,1552
SKILL_0446,resume,19305,database systems,alias,1.0,1721,1737
SKILL_0446,resume,19305,database systems,alias,1.0,2347,2363
SKILL_0132,resume,19305,Hadoop,exact,1.0,2588,2594
SKILL_0304,resume,19305,disaster recovery,alias,1.0,3126,3143
SKILL_0446,resume,19305,database systems,alias,1.0,3584,3600
SKILL_0317,resume,19305,operating systems,exact,1.0,3713,3730
SKILL_0391,resume,17459,Agile,alias,1.0,208,213
SKILL_0397,resume,17459,JavaScript,exact,1.0,266,276
SKILL_0527,resume,17459,CSS,alias,1.0,308,311
SKILL_0266,resume,17459,AJAX,exact,1.0,336,340
SKILL_0397,resume,17459,JavaScript,exact,1.0,413,423
SKILL_0546,resume,17459,Web Services,exact,1.0,639,651
SKILL_0274,resume,17459,Devops,exact,1.0,717,723
SKILL_0495,resume,17459,NetBeans,alias,1.0,857,865
SKILL_0527,resume,17459,CSS,alias,1.0,996,999
SKILL_0527,resume,17459,CSS,alias,1.0,1027,1030
SKILL_0527,resume,17459,CSS,alias,1.0,1043,1046
SKILL_0527,resume,17459,CSS,alias,1.0,1056,1059
SKILL_0527,resume,17459,CSS,alias,1.0,1073,1076
SKILL_0527,resume,17459,CSS,alias,1.0,1083,1086
SKILL_0527,resume,17459,CSS,alias,1.0,1095,1098
SKILL_0527,resume,17459,CSS,alias,1.0,1107,1110
SKILL_0527,resume,17459,CSS,alias,1.0,1120,1123
SKILL_0527,resume,17459,CSS,alias,1.0,1164,1167
SKILL_0397,resume,17459,JavaScript,exact,1.0,1179,1189
SKILL_0266,resume,17459,AJAX,exact,1.0,1239,1243
SKILL_0398,resume,17459,JavaScript framework,exact,1.0,1257,1277
SKILL_0436,resume,17459,AngularJs,alias,1.0,1461,1470
SKILL_0400,resume,17459,Python,alias,1.0,1496,1502
SKILL_0304,resume,9963,Disaster recovery,alias,1.0,463,480
SKILL_0031,resume,9963,Information Security,alias,1.0,801,821
SKILL_0141,resume,22726,PHP,exact,1.0,24,27
SKILL_0397,resume,22726,Javascript,exact,1.0,36,46
SKILL_0436,resume,22726,AngularJS,alias,1.0,135,144
SKILL_0532,resume,22726,Git,alias,1.0,163,166
SKILL_0266,resume,22726,AJAX,exact,1.0,168,172
SKILL_0141,resume,22726,PHP,exact,1.0,441,444
SKILL_0111,resume,47429,Risk management,exact,1.0,0,15
SKILL_0031,resume,47429,IT security,alias,1.0,84,95
SKILL_0511,resume,47429,Project management,exact,1.0,135,153
SKILL_0031,resume,47429,Information Security,alias,1.0,463,483
SKILL_0441,resume,39138,ETL,alias,1.0,25,28
SKILL_0391,resume,42976,Scrum,alias,1.0,15,20
SKILL_0391,resume,42976,Agile,alias,1.0,76,81
SKILL_0511,resume,42976,Project Management,exact,1.0,85,103
SKILL_0391,resume,42976,Scrum,alias,1.0,213,218
SKILL_0391,resume,42976,Scrum,alias,1.0,273,278
SKILL_0166,resume,699,Business Intelligence,exact,1.0,84,105
SKILL_0391,resume,43494,Scrum,alias,1.0,550,555
SKILL_0391,resume,43494,Scrum,alias,1.0,741,746
SKILL_0391,resume,43494,Scrum,alias,1.0,1000,1005
SKILL_0391,resume,43494,Agile,alias,1.0,1039,1044
SKILL_0391,resume,43494,Agile,alias,1.0,1056,1061
SKILL_0527,resume,43494,CSS,alias,1.0,1200,1203
SKILL_0113,resume,1738,Security Management,alias,1.0,140,159
SKILL_0511,resume,1738,Project Management,exact,1.0,227,245
SKILL_0511,resume,27420,Project Management,exact,1.0,89,107
SKILL_0511,resume,10333,Project Management,exact,1.0,44,62
SKILL_0396,resume,49181,JAVA,alias,1.0,6,10
SKILL_0397,resume,49181,Javascript,exact,1.0,12,22
SKILL_0396,resume,49181,JAVA,alias,1.0,37,41
SKILL_0396,resume,49181,JAVA,alias,1.0,68,72
SKILL_0396,resume,49181,JAVA,alias,1.0,116,120
SKILL_0396,resume,49181,Java,alias,1.0,137,141
SKILL_0396,resume,49181,JAVA,alias,1.0,153,157
SKILL_0396,resume,49181,JAVA,alias,1.0,174,178
SKILL_0031,resume,29359,IT Security,alias,1.0,143,154
SKILL_0031,resume,29359,IT Security,alias,1.0,580,591
SKILL_0031,resume,47794,IT security,alias,1.0,29,40
SKILL_0031,resume,47794,IT security,alias,1.0,179,190
SKILL_0031,resume,47794,IT security,alias,1.0,233,244
SKILL_0031,resume,47794,IT Security,alias,1.0,694,705
SKILL_0031,resume,47794,IT Security,alias,1.0,710,721
SKILL_0031,resume,47794,Information Security,alias,1.0,754,774
SKILL_0031,resume,47794,IT Security,alias,1.0,779,790
SKILL_0031,resume,47794,Information Security,alias,1.0,820,840
SKILL_0031,resume,47794,IT Security,alias,1.0,866,877
SKILL_0031,resume,47794,Information Security,alias,1.0,898,918
SKILL_0111,resume,16340,risk management,exact,1.0,228,243
SKILL_0112,resume,16340,safety management,alias,1.0,301,318
SKILL_0405,resume,20468,Business requirements analysis,alias,1.0,142,172
SKILL_0031,resume,9248,Cyber Security,exact,1.0,251,265
SKILL_0183,resume,19488,Data Warehouse,exact,1.0,40,54
SKILL_0111,resume,19488,Risk Assessment,alias,1.0,413,428
SKILL_0032,resume,19488,Data Protection,exact,1.0,877,892
SKILL_0142,resume,19488,Perl,exact,1.0,1510,1514
SKILL_0511,resume,45131,Project Management,exact,1.0,3,21
SKILL_0511,resume,45131,Project Management,exact,1.0,68,86
SKILL_0427,resume,45131,Process modelling,alias,1.0,110,127
SKILL_0304,resume,30426,Disaster Recovery,alias,1.0,72,89
SKILL_0031,resume,30426,Cyber Security,exact,1.0,221,235
SKILL_0031,resume,30426,Cyber Security,exact,1.0,367,381
SKILL_0511,resume,42791,Project Management,exact,1.0,0,18
SKILL_0166,resume,42791,Business Intelligence,exact,1.0,59,80
SKILL_0391,resume,42791,Agile,alias,1.0,82,87
SKILL_0254,resume,42791,Data Analysis,alias,1.0,394,407
SKILL_0031,resume,44474,IT Security,alias,1.0,242,253
SKILL_0396,resume,5881,JAVA,alias,1.0,148,152
SKILL_0397,resume,5881,JavaScript,exact,1.0,959,969
SKILL_0266,resume,5881,AJAX,exact,1.0,976,980
SKILL_0532,resume,5881,Git,alias,1.0,1236,1239
SKILL_0436,resume,5881,Subversion,alias,1.0,1249,1259
SKILL_0532,resume,5881,GIT,alias,1.0,1389,1392
SKILL_0277,resume,5881,Jenkins,alias,1.0,1434,1441
SKILL_0397,resume,5881,JavaScript,exact,1.0,1899,1909
SKILL_0266,resume,5881,Ajax,exact,1.0,1930,1934
SKILL_0436,resume,5881,AngularJS,alias,1.0,1936,1945
SKILL_0391,resume,5881,Agile,alias,1.0,2097,2102
SKILL_0391,resume,5881,Scrum,alias,1.0,2116,2121
SKILL_0546,resume,5881,Web Services,exact,1.0,2127,2139
SKILL_0396,resume,5881,Java,alias,1.0,2228,2232
SKILL_0396,resume,5881,Java,alias,1.0,2358,2362
SKILL_0396,resume,5881,Java,alias,1.0,2518,2522
SKILL_0495,resume,5881,IDE,alias,1.0,2523,2526
SKILL_0495,resume,5881,NetBeans,alias,1.0,2543,2551
SKILL_0270,resume,5881,Apache Tomcat,exact,1.0,2591,2604
SKILL_0266,resume,5881,AJAX,exact,1.0,2638,2642
SKILL_0397,resume,5881,JavaScript,exact,1.0,2655,2665
SKILL_0396,resume,5881,Java,alias,1.0,2876,2880
SKILL_0396,resume,5881,JAVA,alias,1.0,2982,2986
SKILL_0396,resume,5881,JAVA,alias,1.0,3013,3017
SKILL_0546,resume,14146,Web services,exact,1.0,417,429
SKILL_0495,resume,14146,IDE,alias,1.0,485,488
SKILL_0495,resume,14146,NetBeans,alias,1.0,508,516
SKILL_0270,resume,14146,Apache Tomcat,exact,1.0,564,577
SKILL_0396,resume,14146,Java,alias,1.0,617,621
SKILL_0396,resume,14146,Java,alias,1.0,676,680
SKILL_0532,resume,14146,source control,alias,1.0,688,702
SKILL_0391,resume,14146,Agile,alias,1.0,803,808
SKILL_0391,resume,14146,Scrum,alias,1.0,810,815
SKILL_0396,resume,14146,JAVA,alias,1.0,828,832
SKILL_0396,resume,14146,JAVA,alias,1.0,844,848
SKILL_0396,resume,50633,Java,alias,1.0,12,16
SKILL_0153,resume,50633,.NET,alias,1.0,49,53
SKILL_0128,resume,50633,C#,exact,1.0,54,56
SKILL_0268,resume,50633,ASP.NET,exact,1.0,111,118
SKILL_0396,resume,50633,Java,alias,1.0,345,349
SKILL_0145,resume,50633,Ruby,alias,1.0,366,370
SKILL_0546,resume,50633,Web Services,exact,1.0,417,429
SKILL_0396,resume,32209,Java,alias,1.0,67,71
SKILL_0546,resume,32209,web services,exact,1.0,283,295
SKILL_0397,resume,32209,JavaScript,exact,1.0,380,390
SKILL_0266,resume,32209,AJAX,exact,1.0,392,396
SKILL_0532,resume,32209,GIT,alias,1.0,433,436
SKILL_0277,resume,32209,Jenkins,alias,1.0,438,445
SKILL_0391,resume,32209,Agile,alias,1.0,466,471
SKILL_0391,resume,32209,Scrum,alias,1.0,473,478
SKILL_0436,resume,32209,Aspectj,alias,1.0,591,598
SKILL_0546,resume,32209,web services,exact,1.0,637,649
SKILL_0436,resume,32209,AngularJS,alias,1.0,668,677
SKILL_0397,resume,32209,JavaScript,exact,1.0,709,719
SKILL_0266,resume,32209,AJAX,exact,1.0,734,738
SKILL_0534,resume,32209,UML,alias,1.0,802,805
SKILL_0441,resume,32209,ETL,alias,1.0,948,951
SKILL_0397,resume,32209,JavaScript,exact,1.0,959,969
SKILL_0400,resume,32209,Python,alias,1.0,984,990
SKILL_0266,resume,32209,AJAX,exact,1.0,992,996
SKILL_0527,resume,32209,CSS,alias,1.0,998,1001
SKILL_0391,resume,32209,Agile,alias,1.0,1020,1025
SKILL_0391,resume,32209,Scrum,alias,1.0,1027,1032
SKILL_0270,resume,32209,Apache Tomcat,exact,1.0,1034,1047
SKILL_0396,resume,32209,JAVA,alias,1.0,1101,1105
SKILL_0396,resume,32209,JAVA,alias,1.0,1122,1126
SKILL_0315,resume,26939,Network Engineering,exact,1.0,0,19
SKILL_0475,resume,26939,DNS,alias,1.0,32,35
SKILL_0396,resume,26939,Java,alias,1.0,307,311
SKILL_0511,resume,46004,Project Management,exact,1.0,72,90
SKILL_0031,resume,46004,Cyber Security,exact,1.0,497,511
SKILL_0031,resume,46004,IT Security,alias,1.0,544,555
SKILL_0001,resume,41897,C++,exact,1.0,5,8
SKILL_0180,resume,41897,Data Mining,exact,1.0,10,21
SKILL_0396,resume,41897,Java,alias,1.0,42,46
SKILL_0400,resume,41897,Python,alias,1.0,48,54
SKILL_0397,resume,41897,Javascript,exact,1.0,74,84
SKILL_0511,resume,25487,Project Management,exact,1.0,16,34
SKILL_0400,resume,35790,Python,alias,1.0,0,6
SKILL_0391,resume,35790,Agile,alias,1.0,52,57
SKILL_0400,resume,35790,Python,alias,1.0,236,242
SKILL_0400,resume,35790,Python,alias,1.0,254,260
SKILL_0400,resume,35790,Python,alias,1.0,272,278
SKILL_0511,resume,48546,Project management,exact,1.0,141,159
SKILL_0262,resume,48546,MS Excel,alias,1.0,302,310
SKILL_0031,resume,48546,IT Security,alias,1.0,402,413
SKILL_0441,resume,18364,ETL,alias,1.0,317,320
SKILL_0391,resume,31858,Agile,alias,1.0,70,75
SKILL_0532,resume,31858,Git,alias,1.0,176,179
SKILL_0641,resume,31858,Team-working,alias,1.0,332,344
SKILL_0396,resume,31858,Java,alias,1.0,531,535
SKILL_0511,resume,15482,project management,exact,1.0,215,233
SKILL_0511,resume,9027,Project Management,exact,1.0,0,18
SKILL_0254,resume,1374,Big Data,alias,1.0,69,77
SKILL_0335,resume,1374,Scala,exact,1.0,94,99
SKILL_0254,resume,1374,Big Data,alias,1.0,137,145
SKILL_0335,resume,1374,Scala,exact,1.0,146,151
SKILL_0177,resume,1374,Data Analytics,exact,1.0,202,216
SKILL_0177,resume,1374,Data Analytics,exact,1.0,401,415
SKILL_0511,resume,24698,Project Management,exact,1.0,28,46
SKILL_0272,resume,24698,CISCO,exact,1.0,191,196
SKILL_0141,resume,21715,PHP,exact,1.0,34,37
SKILL_0397,resume,21715,Javascript,exact,1.0,46,56
SKILL_0436,resume,21715,AngularJS,alias,1.0,96,105
SKILL_0266,resume,21715,AJAX,exact,1.0,124,128
SKILL_0532,resume,21715,Git,alias,1.0,222,225
SKILL_0141,resume,21715,PHP,exact,1.0,374,377
SKILL_0396,resume,31909,Java,alias,1.0,22,26
SKILL_0546,resume,31909,Web services,exact,1.0,43,55
SKILL_0391,resume,31909,Agile,alias,1.0,89,94
SKILL_0396,resume,31909,Java,alias,1.0,296,300
SKILL_0153,resume,37659,Visual Studio,alias,1.0,103,116
SKILL_0183,resume,20989,Data Warehouse,exact,1.0,88,102
SKILL_0254,resume,20989,Data Analysis,alias,1.0,224,237
SKILL_0441,resume,20989,ETL,alias,1.0,239,242
SKILL_0391,resume,49587,Scrum,alias,1.0,0,5
SKILL_0391,resume,49587,Agile,alias,1.0,14,19
SKILL_0511,resume,49587,Project Management,exact,1.0,32,50
SKILL_0391,resume,49587,Agile,alias,1.0,193,198
SKILL_0391,resume,49587,Scrum,alias,1.0,209,214
SKILL_0274,resume,49587,DevOps,exact,1.0,291,297
SKILL_0396,resume,49587,Java,alias,1.0,440,444
SKILL_0391,resume,49587,Agile,alias,1.0,494,499
SKILL_0391,resume,49587,Scrum,alias,1.0,531,536
SKILL_0391,resume,49587,Scrum,alias,1.0,545,550
SKILL_0391,resume,49587,Scrum,alias,1.0,559,564
SKILL_0391,resume,49587,Scrum,alias,1.0,573,578
SKILL_0391,resume,49587,Scrum,alias,1.0,587,592
SKILL_0396,resume,49587,Java,alias,1.0,604,608
SKILL_0391,resume,49587,Scrum,alias,1.0,620,625
SKILL_0511,resume,15501,Project Management,exact,1.0,0,18
SKILL_0272,resume,53462,Cisco,exact,1.0,93,98
SKILL_0272,resume,53462,Cisco,exact,1.0,142,147
SKILL_0031,resume,48586,Cyber security,exact,1.0,139,153
SKILL_0031,resume,48586,IT Security,alias,1.0,269,280
SKILL_0166,resume,44812,BI,alias,1.0,100,102
SKILL_0166,resume,44812,BI,alias,1.0,127,129
SKILL_0511,resume,44812,Project Management,exact,1.0,185,203
SKILL_0391,resume,44812,Scrum,alias,1.0,205,210
SKILL_0166,resume,44812,Business Intelligence,exact,1.0,294,315
SKILL_0166,resume,44812,Business Intelligence,exact,1.0,474,495
SKILL_0141,resume,39959,PHP,exact,1.0,526,529
SKILL_0615,resume,39959,Plan,exact,1.0,544,548
SKILL_0391,resume,39959,Agile,alias,1.0,746,751
SKILL_0511,resume,23004,Project Management,exact,1.0,93,111
SKILL_0441,resume,49211,ETL,alias,1.0,65,68
SKILL_0132,resume,49211,hadoop,exact,1.0,101,107
SKILL_0178,resume,49211,Data Engineering,exact,1.0,158,174
SKILL_0178,resume,49211,Data Engineering,exact,1.0,183,199
SKILL_0396,resume,49211,Java,alias,1.0,247,251
SKILL_0254,resume,588,data analysis,alias,1.0,139,152
SKILL_0511,resume,28219,Project Management,exact,1.0,0,18
SKILL_0031,resume,28219,IT Security,alias,1.0,34,45
SKILL_0031,resume,28219,IT Security,alias,1.0,66,77
SKILL_0031,resume,28219,IT Security,alias,1.0,109,120
SKILL_0153,resume,41210,.Net,alias,1.0,10,14
SKILL_0153,resume,41210,.NET,alias,1.0,44,48
SKILL_0268,resume,41210,ASP.Net,exact,1.0,76,83
SKILL_0128,resume,41210,C#,exact,1.0,92,94
SKILL_0153,resume,41210,.Net,alias,1.0,95,99
SKILL_0153,resume,41210,.Net,alias,1.0,115,119
SKILL_0128,resume,41210,C#,exact,1.0,138,140
SKILL_0153,resume,41210,.Net,alias,1.0,141,145
SKILL_0128,resume,41210,C#,exact,1.0,164,166
SKILL_0153,resume,41210,.Net,alias,1.0,167,171
SKILL_0153,resume,41210,.Net,alias,1.0,204,208
SKILL_0031,resume,27855,IT Security,alias,1.0,0,11
SKILL_0111,resume,27855,Risk Management,exact,1.0,13,28
SKILL_0031,resume,27855,IT Security,alias,1.0,171,182
SKILL_0111,resume,27855,Risk Assessment,alias,1.0,252,267
SKILL_0111,resume,27855,Risk Assessment,alias,1.0,288,303
SKILL_0031,resume,27855,IT Security,alias,1.0,374,385
SKILL_0031,resume,27855,IT Security,alias,1.0,480,491
SKILL_0031,resume,27855,IT Security,alias,1.0,501,512
SKILL_0397,resume,23342,JavaScript,exact,1.0,120,130
SKILL_0436,resume,23342,AngularJS,alias,1.0,154,163
SKILL_0436,resume,23342,AngularJS,alias,1.0,183,192
SKILL_0436,resume,23342,AngularJS,alias,1.0,363,372
SKILL_0397,resume,23342,JavaScript,exact,1.0,403,413
SKILL_0527,resume,23342,CSS,alias,1.0,562,565
SKILL_0266,resume,23342,AJAX,exact,1.0,711,715
SKILL_0397,resume,23342,JavaScript,exact,1.0,733,743
SKILL_0572,resume,7429,Work under pressure,alias,1.0,155,174
SKILL_0001,resume,7429,C++,exact,1.0,213,216
SKILL_0400,resume,7429,Python,alias,1.0,234,240
SKILL_0111,resume,27757,Risk Management,exact,1.0,46,61
SKILL_0031,resume,27757,INFORMATION SECURITY,alias,1.0,185,205
SKILL_0031,resume,27757,INFORMATION SECURITY,alias,1.0,218,238
SKILL_0031,resume,10056,IT Security,alias,1.0,839,850
SKILL_0031,resume,10056,IT Security,alias,1.0,905,916
SKILL_0391,resume,1479,Agile,alias,1.0,438,443
SKILL_0511,resume,27630,Project Management,exact,1.0,11,29
SKILL_0031,resume,27630,IT Security,alias,1.0,352,363
SKILL_0374,resume,27630,quality standards,exact,1.0,551,568
SKILL_0391,resume,27630,Agile,alias,1.0,931,936
SKILL_0511,resume,27630,project management,exact,1.0,961,979
SKILL_0166,resume,27630,BI,alias,1.0,1348,1350
SKILL_0511,resume,27630,Project Management,exact,1.0,1459,1477
SKILL_0166,resume,27630,Business Intelligence,exact,1.0,1498,1519
SKILL_0166,resume,27630,BI,alias,1.0,1543,1545
SKILL_0166,resume,27630,BI,alias,1.0,1782,1784
SKILL_0166,resume,27630,Business Intelligence,exact,1.0,1868,1889
SKILL_0166,resume,27630,BI,alias,1.0,1926,1928
SKILL_0166,resume,27630,BI,alias,1.0,2117,2119
SKILL_0166,resume,27630,BI,alias,1.0,2228,2230
SKILL_0166,resume,27630,BI,alias,1.0,2379,2381
SKILL_0441,resume,27630,ETL,alias,1.0,2442,2445
SKILL_0166,resume,27630,Business Intelligence,exact,1.0,2591,2612
SKILL_0031,resume,27630,IT Security,alias,1.0,2745,2756
SKILL_0166,resume,27630,Business Intelligence,exact,1.0,2856,2877
SKILL_0166,resume,27630,BI,alias,1.0,2903,2905
SKILL_0166,resume,27630,Business Intelligence,exact,1.0,2926,2947
SKILL_0446,resume,20499,Database Management Systems,exact,1.0,151,178
SKILL_0141,resume,20499,PHP,exact,1.0,315,318
SKILL_0396,resume,20499,Java,alias,1.0,320,324
SKILL_0527,resume,20499,CSS,alias,1.0,344,347
SKILL_0441,resume,20499,ETL,alias,1.0,429,432
SKILL_0170,resume,45304,Computer Science,exact,1.0,17,33
SKILL_0170,resume,45304,Computer Science,exact,1.0,54,70
SKILL_0417,resume,16350,POS,alias,1.0,1132,1135
SKILL_0111,resume,10066,Risk Management,exact,1.0,36,51
SKILL_0031,resume,10066,Information Security,alias,1.0,75,95
SKILL_0111,resume,10066,Risk Assessment,alias,1.0,131,146
SKILL_0031,resume,10066,Cyber Security,exact,1.0,194,208
SKILL_0031,resume,10066,Information Security,alias,1.0,268,288
SKILL_0031,resume,10066,IT Security,alias,1.0,569,580
SKILL_0031,resume,10066,Information Security,alias,1.0,590,610
SKILL_0031,resume,10066,Cyber Security,exact,1.0,620,634
SKILL_0031,resume,46913,Cybersecurity,alias,1.0,22,35
SKILL_0336,resume,46913,scratch,alias,1.0,66,73
SKILL_0031,resume,46913,Information Security,alias,1.0,386,406
SKILL_0511,resume,44648,Project Management,exact,1.0,40,58
SKILL_0391,resume,44648,Agile,alias,1.0,86,91
SKILL_0391,resume,44648,Scrum,alias,1.0,232,237
SKILL_0511,resume,45130,Project management,exact,1.0,67,85
SKILL_0408,resume,10677,Data Security,alias,1.0,67,80
SKILL_0475,resume,10677,DNS,alias,1.0,194,197
SKILL_0417,resume,10677,POS,alias,1.0,234,237
SKILL_0141,resume,4267,PHP,exact,1.0,56,59
SKILL_0532,resume,4267,GIT,alias,1.0,255,258
SKILL_0527,resume,4267,CSS,alias,1.0,314,317
SKILL_0397,resume,4267,JavaScript,exact,1.0,326,336
SKILL_0142,resume,4267,PERL,exact,1.0,486,490
SKILL_0475,resume,4267,DNS,alias,1.0,527,530
SKILL_0391,resume,41893,Agile,alias,1.0,23,28
SKILL_0511,resume,9025,Project Management,exact,1.0,0,18
SKILL_0254,resume,6652,data analysis,alias,1.0,334,347
SKILL_0400,resume,18309,Python,alias,1.0,172,178
SKILL_0141,resume,18309,PHP,exact,1.0,188,191
SKILL_0527,resume,18309,CSS,alias,1.0,198,201
SKILL_0396,resume,18309,Java,alias,1.0,209,213
SKILL_0400,resume,18309,Python,alias,1.0,239,245
SKILL_0277,resume,18309,Jenkins,alias,1.0,438,445
SKILL_0400,resume,18309,Python,alias,1.0,585,591
SKILL_0391,resume,18309,Agile,alias,1.0,641,646
SKILL_0391,resume,18309,Scrum,alias,1.0,660,665
SKILL_0546,resume,18309,Web Services,exact,1.0,737,749
SKILL_0400,resume,18309,Python programming,alias,1.0,755,773
SKILL_0546,resume,18309,Web services,exact,1.0,995,1007
SKILL_0546,resume,18309,Web services,exact,1.0,1019,1031
SKILL_0277,resume,18309,Jenkins,alias,1.0,1175,1182
SKILL_0400,resume,18309,Python,alias,1.0,1637,1643
SKILL_0400,resume,18309,Python,alias,1.0,1659,1665
SKILL_0400,resume,18309,Python,alias,1.0,1677,1683
SKILL_0400,resume,18309,Python,alias,1.0,1695,1701
SKILL_0396,resume,18309,Java,alias,1.0,1713,1717
SKILL_0400,resume,18309,Python,alias,1.0,1729,1735
SKILL_0031,resume,46403,IT Security,alias,1.0,333,344
SKILL_0400,resume,54425,Python,alias,1.0,0,6
SKILL_0391,resume,54425,Agile,alias,1.0,126,131
SKILL_0397,resume,54425,JavaScript,exact,1.0,160,170
SKILL_0400,resume,54425,Python,alias,1.0,180,186
SKILL_0400,resume,54425,Python,alias,1.0,198,204
SKILL_0546,resume,54425,Web Services,exact,1.0,239,251
SKILL_0391,resume,54425,Agile,alias,1.0,319,324
SKILL_0400,resume,54425,Python,alias,1.0,429,435
SKILL_0400,resume,54425,Python,alias,1.0,447,453
SKILL_0400,resume,54425,Python,alias,1.0,475,481
SKILL_0400,resume,54567,Python,alias,1.0,0,6
SKILL_0527,resume,54567,CSS,alias,1.0,33,36
SKILL_0397,resume,54567,JavaScript,exact,1.0,38,48
SKILL_0001,resume,54567,C++,exact,1.0,264,267
SKILL_0132,resume,54567,Hadoop,exact,1.0,274,280
SKILL_0391,resume,54567,Agile,alias,1.0,325,330
SKILL_0391,resume,54567,Scrum,alias,1.0,346,351
SKILL_0277,resume,54567,Jenkins,alias,1.0,353,360
SKILL_0119,resume,54567,Selenium,alias,1.0,398,406
SKILL_0436,resume,54567,AngularJS,alias,1.0,469,478
SKILL_0527,resume,54567,CSS,alias,1.0,527,530
SKILL_0270,resume,54567,Tomcat,alias,1.0,557,563
SKILL_0400,resume,54567,Python,alias,1.0,608,614
SKILL_0400,resume,54567,Python,alias,1.0,630,636
SKILL_0400,resume,54567,Python,alias,1.0,648,654
SKILL_0400,resume,54567,Python,alias,1.0,666,672
SKILL_0111,resume,27665,Risk management,exact,1.0,38,53
SKILL_0111,resume,27665,Risk Management,exact,1.0,303,318
SKILL_0031,resume,27665,Information Security,alias,1.0,376,396
SKILL_0396,resume,13133,java,alias,1.0,21,25
SKILL_0397,resume,13133,javascript,exact,1.0,27,37
SKILL_0396,resume,13133,Java,alias,1.0,65,69
SKILL_0396,resume,13133,Java,alias,1.0,85,89
SKILL_0396,resume,13133,Java,alias,1.0,101,105
SKILL_0397,resume,5749,JavaScript,exact,1.0,80,90
SKILL_0436,resume,5749,AngularJS,alias,1.0,100,109
SKILL_0266,resume,5749,AJAX,exact,1.0,129,133
SKILL_0397,resume,5749,JavaScript,exact,1.0,204,214
SKILL_0320,resume,5749,SAAS,alias,1.0,231,235
SKILL_0436,resume,5749,AngularJS,alias,1.0,237,246
SKILL_0527,resume,5749,CSS,alias,1.0,352,355
SKILL_0397,resume,5749,JavaScript,exact,1.0,403,413
SKILL_0397,resume,5749,JavaScript,exact,1.0,430,440
SKILL_0391,resume,5749,Agile,alias,1.0,593,598
SKILL_0546,resume,5749,Web Services,exact,1.0,772,784
SKILL_0532,resume,5749,GIT,alias,1.0,953,956
SKILL_0532,resume,5749,GIT,alias,1.0,1050,1053
SKILL_0391,resume,5749,Agile,alias,1.0,1089,1094
SKILL_0400,resume,17777,Python,alias,1.0,24,30
SKILL_0396,resume,17777,Java,alias,1.0,32,36
SKILL_0397,resume,17777,JavaScript,exact,1.0,184,194
SKILL_0266,resume,17777,AJAX,exact,1.0,196,200
SKILL_0396,resume,17777,Java,alias,1.0,202,206
SKILL_0400,resume,17777,Python,alias,1.0,245,251
SKILL_0141,resume,17777,PHP,exact,1.0,261,264
SKILL_0400,resume,17777,Python,alias,1.0,516,522
SKILL_0400,resume,17777,python,alias,1.0,663,669
SKILL_0400,resume,17777,python,alias,1.0,985,991
SKILL_0495,resume,17777,NetBeans,alias,1.0,1031,1039
SKILL_0400,resume,17777,Python,alias,1.0,1098,1104
SKILL_0495,resume,17777,IDE,alias,1.0,1105,1108
SKILL_0277,resume,17777,Jenkins,alias,1.0,1319,1326
SKILL_0546,resume,17777,web Services,exact,1.0,1337,1349
SKILL_0546,resume,17777,Web Services,exact,1.0,1362,1374
SKILL_0153,resume,17777,.NET,alias,1.0,1436,1440
SKILL_0153,resume,17777,VB,alias,1.0,1456,1458
SKILL_0128,resume,17777,C#,exact,1.0,1460,1462
SKILL_0527,resume,17777,CSS,alias,1.0,1469,1472
SKILL_0397,resume,17777,JavaScript,exact,1.0,1485,1495
SKILL_0532,resume,17777,GIT,alias,1.0,1557,1560
SKILL_0436,resume,17777,Bash,alias,1.0,1600,1604
SKILL_0400,resume,17777,Python,alias,1.0,1647,1653
SKILL_0400,resume,17777,Python,alias,1.0,1820,1826
SKILL_0153,resume,17777,.NET,alias,1.0,1828,1832
SKILL_0128,resume,17777,C#,exact,1.0,1833,1835
SKILL_0400,resume,17777,Python,alias,1.0,1844,1850
SKILL_0266,resume,17777,Ajax,exact,1.0,1895,1899
SKILL_0527,resume,17777,CSS,alias,1.0,1917,1920
SKILL_0546,resume,17777,Web services,exact,1.0,1992,2004
SKILL_0546,resume,17777,Web services,exact,1.0,2016,2028
SKILL_0396,resume,17777,Java,alias,1.0,2121,2125
SKILL_0268,resume,17777,ASP.net,exact,1.0,2182,2189
SKILL_0396,resume,17777,Java,alias,1.0,2215,2219
SKILL_0397,resume,17777,JavaScript,exact,1.0,2751,2761
SKILL_0266,resume,17777,Ajax,exact,1.0,2775,2779
SKILL_0270,resume,17777,Tomcat,alias,1.0,2781,2787
SKILL_0400,resume,17777,Python,alias,1.0,3341,3347
SKILL_0400,resume,17777,Python,alias,1.0,3359,3365
SKILL_0400,resume,17777,Python,alias,1.0,3377,3383
SKILL_0254,resume,24565,Data Collection,alias,1.0,419,434
SKILL_0396,resume,24359,Java,alias,1.0,0,4
SKILL_0397,resume,24359,JavaScript,exact,1.0,54,64
SKILL_0266,resume,24359,AJAX,exact,1.0,85,89
SKILL_0396,resume,24359,Java,alias,1.0,122,126
SKILL_0396,resume,24359,Java,alias,1.0,161,165
SKILL_0396,resume,24359,Java,alias,1.0,192,196
SKILL_0475,resume,35242,DNS,alias,1.0,344,347
SKILL_0002,resume,29803,GDPR,exact,1.0,89,93
SKILL_0031,resume,29803,IT Security,alias,1.0,118,129
SKILL_0031,resume,25783,Cybersecurity,alias,1.0,42,55
SKILL_0511,resume,25783,Project Management,exact,1.0,140,158
SKILL_0391,resume,25783,Agile,alias,1.0,219,224
SKILL_0396,resume,50710,Java,alias,1.0,0,4
SKILL_0527,resume,50710,CSS,alias,1.0,6,9
SKILL_0532,resume,50710,Git,alias,1.0,21,24
SKILL_0132,resume,50710,Hadoop,exact,1.0,26,32
SKILL_0397,resume,50710,JavaScript,exact,1.0,52,62
SKILL_0400,resume,50710,Python,alias,1.0,89,95
SKILL_0396,resume,50710,Java,alias,1.0,230,234
SKILL_0031,resume,27861,IT Security,alias,1.0,37,48
SKILL_0031,resume,27861,Information Security,alias,1.0,50,70
SKILL_0031,resume,27861,Cyber Security,exact,1.0,101,115
SKILL_0031,resume,27861,IT Security,alias,1.0,130,141
SKILL_0031,resume,27861,IT Security,alias,1.0,151,162
SKILL_0031,resume,27861,IT Security,alias,1.0,179,190
SKILL_0400,resume,54370,Python,alias,1.0,48,54
SKILL_0269,resume,54370,AGILE development,exact,1.0,65,82
SKILL_0400,resume,54370,Python,alias,1.0,144,150
SKILL_0527,resume,54370,CSS,alias,1.0,162,165
SKILL_0266,resume,54370,AJAX,exact,1.0,167,171
SKILL_0400,resume,54370,Python,alias,1.0,309,315
SKILL_0400,resume,54370,Python,alias,1.0,345,351
SKILL_0400,resume,54370,Python,alias,1.0,486,492
SKILL_0546,resume,54370,Web services,exact,1.0,653,665
SKILL_0397,resume,54370,JavaScript,exact,1.0,684,694
SKILL_0527,resume,54370,CSS,alias,1.0,705,708
SKILL_0400,resume,54370,Python,alias,1.0,763,769
SKILL_0527,resume,54370,CSS,alias,1.0,782,785
SKILL_0397,resume,54370,JavaScript,exact,1.0,787,797
SKILL_0400,resume,54370,Python,alias,1.0,840,846
SKILL_0400,resume,54370,python,alias,1.0,1362,1368
SKILL_0400,resume,54370,python,alias,1.0,1514,1520
SKILL_0266,resume,54370,AJAX,exact,1.0,1659,1663
SKILL_0532,resume,54370,Git,alias,1.0,1856,1859
SKILL_0277,resume,54370,Jenkins,alias,1.0,1924,1931
SKILL_0400,resume,54370,Python,alias,1.0,2031,2037
SKILL_0142,resume,54370,PERL,exact,1.0,2381,2385
SKILL_0363,resume,54370,Calculation,alias,1.0,2421,2432
SKILL_0400,resume,54370,python,alias,1.0,2518,2524
SKILL_0266,resume,54370,AJAX,exact,1.0,2590,2594
SKILL_0527,resume,54370,CSS,alias,1.0,2596,2599
SKILL_0397,resume,54370,JavaScript,exact,1.0,2604,2614
SKILL_0400,resume,54370,Python,alias,1.0,2668,2674
SKILL_0400,resume,54370,python,alias,1.0,2764,2770
SKILL_0436,resume,54370,Subversion,alias,1.0,2778,2788
SKILL_0400,resume,54370,Python,alias,1.0,3164,3170
SKILL_0436,resume,54370,Bash,alias,1.0,3175,3179
SKILL_0254,resume,54370,big data,alias,1.0,3466,3474
SKILL_0400,resume,54370,Python,alias,1.0,3565,3571
SKILL_0527,resume,54370,CSS,alias,1.0,3584,3587
SKILL_0397,resume,54370,JavaScript,exact,1.0,3593,3603
SKILL_0400,resume,54370,Python,alias,1.0,3638,3644
SKILL_0142,resume,54370,PERL,exact,1.0,3998,4002
SKILL_0272,resume,54370,Cisco,exact,1.0,4031,4036
SKILL_0363,resume,54370,Calculation,alias,1.0,4292,4303
SKILL_0400,resume,54370,Python,alias,1.0,4454,4460
SKILL_0400,resume,54370,python,alias,1.0,4714,4720
SKILL_0111,resume,54370,RISK management,exact,1.0,4738,4753
SKILL_0254,resume,54370,statistics,exact,1.0,4913,4923
SKILL_0400,resume,54370,python,alias,1.0,5177,5183
SKILL_0400,resume,54370,Python,alias,1.0,5190,5196
SKILL_0527,resume,54370,CSS,alias,1.0,5299,5302
SKILL_0397,resume,54370,JavaScript,exact,1.0,5304,5314
SKILL_0266,resume,54370,AJAX,exact,1.0,5345,5349
SKILL_0400,resume,54370,Python,alias,1.0,5645,5651
SKILL_0400,resume,54370,Python,alias,1.0,5865,5871
SKILL_0142,resume,54370,PERL,exact,1.0,6053,6057
SKILL_0400,resume,54370,Python,alias,1.0,6092,6098
SKILL_0266,resume,54370,AJAX,exact,1.0,6278,6282
SKILL_0400,resume,54370,Python,alias,1.0,6390,6396
SKILL_0142,resume,54370,Perl,exact,1.0,6408,6412
SKILL_0546,resume,54370,Web Services,exact,1.0,6530,6542
SKILL_0400,resume,54370,python,alias,1.0,6754,6760
SKILL_0050,resume,54370,test programs,alias,1.0,6925,6938
SKILL_0400,resume,54370,Python,alias,1.0,7172,7178
SKILL_0400,resume,54370,python,alias,1.0,7236,7242
SKILL_0111,resume,54370,RISK management,exact,1.0,7260,7275
SKILL_0266,resume,54370,AJAX,exact,1.0,7334,7338
SKILL_0527,resume,54370,CSS,alias,1.0,7340,7343
SKILL_0397,resume,54370,JavaScript,exact,1.0,7348,7358
SKILL_0400,resume,54370,Python,alias,1.0,7487,7493
SKILL_0396,resume,54370,Java,alias,1.0,7512,7516
SKILL_0001,resume,54370,C++,exact,1.0,7518,7521
SKILL_0400,resume,54370,Python,alias,1.0,7537,7543
SKILL_0400,resume,54370,Python,alias,1.0,7588,7594
SKILL_0254,resume,54370,statistical Analysis,alias,1.0,7684,7704
SKILL_0436,resume,54370,ColdFusion,alias,1.0,7980,7990
SKILL_0266,resume,54370,AJAX,exact,1.0,8222,8226
SKILL_0400,resume,54370,Python,alias,1.0,8490,8496
SKILL_0400,resume,54370,Python,alias,1.0,8513,8519
SKILL_0400,resume,54370,Python,alias,1.0,8531,8537
SKILL_0400,resume,54370,Python,alias,1.0,8549,8555
SKILL_0400,resume,54370,Python,alias,1.0,8567,8573
SKILL_0152,resume,3737,Typescript,exact,1.0,39,49
SKILL_0128,resume,3737,C#,exact,1.0,51,53
SKILL_0153,resume,3737,.NET,alias,1.0,55,59
SKILL_0436,resume,3737,AngularJS,alias,1.0,78,87
SKILL_0397,resume,38954,JavaScript,exact,1.0,153,163
SKILL_0436,resume,38954,AngularJS,alias,1.0,165,174
SKILL_0396,resume,38954,Java,alias,1.0,211,215
SKILL_0397,resume,38954,JavaScript,exact,1.0,229,239
SKILL_0145,resume,38954,Ruby,alias,1.0,614,618
SKILL_0400,resume,38954,Python,alias,1.0,619,625
SKILL_0446,resume,38954,database systems,alias,1.0,991,1007
SKILL_0003,resume,38954,SSL,alias,1.0,1016,1019
SKILL_0003,resume,38954,SSL,alias,1.0,1038,1041
SKILL_0446,resume,38954,database systems,alias,1.0,1649,1665
SKILL_0400,resume,38954,Python,alias,1.0,3120,3126
SKILL_0615,resume,38954,plan,exact,1.0,3458,3462
SKILL_0615,resume,38954,Plan,exact,1.0,5653,5657
SKILL_0254,resume,38954,stats,alias,1.0,5825,5830
SKILL_0254,resume,38954,stats,alias,1.0,5864,5869
SKILL_0183,resume,38954,Data warehouse,exact,1.0,6055,6069
SKILL_0417,resume,38954,POS,alias,1.0,6296,6299
SKILL_0254,resume,38954,data analysis,alias,1.0,7444,7457
SKILL_0120,resume,30210,Train employees,exact,1.0,598,613
SKILL_0031,resume,30210,IT security,alias,1.0,625,636
SKILL_0615,resume,30210,Plan,exact,1.0,719,723
SKILL_0031,resume,30210,Information Security,alias,1.0,1115,1135
SKILL_0114,resume,30210,security risks,alias,1.0,1417,1431
SKILL_0031,resume,30210,Information Security,alias,1.0,1506,1526
SKILL_0031,resume,28827,Information Security,alias,1.0,0,20
SKILL_0031,resume,28827,Cyber Security,exact,1.0,22,36
SKILL_0082,resume,28827,CCTV,alias,1.0,54,58
SKILL_0031,resume,28827,It Security,alias,1.0,78,89
SKILL_0031,resume,28827,IT Security,alias,1.0,172,183
SKILL_0441,resume,37258,ETL,alias,1.0,536,539
SKILL_0441,resume,37258,ETL,alias,1.0,649,652
SKILL_0396,resume,49464,Java,alias,1.0,63,67
SKILL_0642,resume,49464,working independently,alias,1.0,607,628
SKILL_0396,resume,49464,Java,alias,1.0,720,724
SKILL_0546,resume,49464,web services,exact,1.0,743,755
SKILL_0391,resume,49464,Agile,alias,1.0,1142,1147
SKILL_0391,resume,49464,Scrum,alias,1.0,1148,1153
SKILL_0396,resume,49464,Java,alias,1.0,1334,1338
SKILL_0270,resume,49464,Tomcat,alias,1.0,1373,1379
SKILL_0396,resume,49464,Java,alias,1.0,1583,1587
SKILL_0396,resume,49464,Java,alias,1.0,1606,1610
SKILL_0396,resume,49464,Java,alias,1.0,1622,1626
SKILL_0396,resume,49464,Java,alias,1.0,1649,1653
SKILL_0396,resume,49464,Java,alias,1.0,1676,1680
SKILL_0396,resume,49464,Java,alias,1.0,1692,1696
SKILL_0396,resume,49464,Java,alias,1.0,1708,1712
SKILL_0396,resume,49464,Java,alias,1.0,1724,1728
SKILL_0396,resume,49464,Java,alias,1.0,1740,1744
SKILL_0396,resume,49464,Java,alias,1.0,1756,1760
SKILL_0272,resume,34343,CISCO,exact,1.0,0,5
SKILL_0272,resume,34343,Cisco,exact,1.0,82,87
SKILL_0400,resume,34343,Python,alias,1.0,201,207
SKILL_0102,resume,34343,Alcatel-Lucent,alias,1.0,259,273
SKILL_0475,resume,34343,DNS,alias,1.0,291,294
SKILL_0636,job,280825011954,shape the future,alias,1.0,130,146
SKILL_0549,job,280825011954,adapt to change,exact,1.0,183,198
SKILL_0564,job,280825011954,be responsible,alias,1.0,1258,1272
SKILL_0436,job,300925029858,Opencv,alias,1.0,22,28
SKILL_0400,job,300925029858,Python,alias,1.0,46,52
SKILL_0128,job,300925029858,C#,exact,1.0,104,106
SKILL_0400,job,300925029858,Python,alias,1.0,109,115
SKILL_0392,job,300925029858,system integration,alias,1.0,241,259
SKILL_0615,job,300925030778,plan,exact,1.0,193,197
SKILL_0087,job,300925030778,Manage team,alias,1.0,222,233
SKILL_0511,job,31025913792,project management,exact,1.0,114,132
SKILL_0396,job,230925930190,Java,alias,1.0,0,4
SKILL_0572,job,230925930190,work under pressure,alias,1.0,191,210
SKILL_0277,job,230925930190,Jenkins,alias,1.0,464,471
SKILL_0396,job,230925930190,Java,alias,1.0,712,716
SKILL_0396,job,230925930190,Java,alias,1.0,1052,1056
SKILL_0396,job,230925930190,Java,alias,1.0,1074,1078
SKILL_0270,job,230925930190,Tomcat,alias,1.0,1269,1275
SKILL_0532,job,230925930190,source control,alias,1.0,1431,1445
SKILL_0391,job,230925930190,Agile,alias,1.0,2217,2222
SKILL_0274,job,230925930190,DevOps,exact,1.0,2223,2229
SKILL_0400,job,230925916663,python,alias,1.0,91,97
SKILL_0400,job,240925910193,python,alias,1.0,53,59
SKILL_0400,job,240925910193,Python,alias,1.0,92,98
SKILL_0527,job,300925013487,CSS,alias,1.0,0,3
SKILL_0397,job,300925013487,Javascript,exact,1.0,4,14
SKILL_0527,job,290925923771,css,alias,1.0,78,81
SKILL_0400,job,290925501865,python,alias,1.0,0,6
SKILL_0180,job,290925501865,data mining,exact,1.0,39,50
SKILL_0254,job,290925501865,Statistics,exact,1.0,159,169
SKILL_0363,job,290925501865,Mathematics,exact,1.0,170,181
SKILL_0181,job,290925501865,Data Science,exact,1.0,182,194
SKILL_0170,job,290925501865,Computer Science,exact,1.0,195,211
SKILL_0274,job,240925931505,devops,exact,1.0,29,35
SKILL_0274,job,240925931505,DevOps,exact,1.0,349,355
SKILL_0397,job,260925501656,Javascript,exact,1.0,26,36
SKILL_0400,job,290925906428,python,alias,1.0,30,36
SKILL_0155,job,290925906428,algorithms,exact,1.0,57,67
SKILL_0001,job,290925906428,c++,exact,1.0,79,82
SKILL_0170,job,260925918138,Computer Science,exact,1.0,115,131
SKILL_0400,job,260925025868,Python,alias,1.0,54,60
SKILL_0555,job,250925500488,counselling,alias,1.0,4,15
SKILL_0144,job,31025011704,R,exact,1.0,87,88
SKILL_0528,job,230925500653,System design,exact,1.0,49,62
SKILL_0183,job,230925500653,data warehouse,exact,1.0,545,559
SKILL_0441,job,230925500653,ETL,alias,1.0,668,671
SKILL_0207,job,230925500653,data architecture,alias,1.0,1528,1545
SKILL_0207,job,230925500653,data architecture,alias,1.0,1630,1647
SKILL_0178,job,230925500653,data engineering,exact,1.0,1721,1737
SKILL_0528,job,230925500653,system design,exact,1.0,1880,1893
SKILL_0166,job,230925500653,BI,alias,1.0,2113,2115
SKILL_0166,job,230925500653,BI,alias,1.0,2141,2143
SKILL_0274,job,230925500653,DevOps,exact,1.0,2319,2325
SKILL_0178,job,230925500653,data engineering,exact,1.0,2341,2357
SKILL_0642,job,230925500653,working independently,alias,1.0,2375,2396
SKILL_0431,job,260925501876,Cloud computing,alias,1.0,5,20
SKILL_0528,job,260925501876,system design,exact,1.0,129,142
SKILL_0274,job,260925501876,DevOps,exact,1.0,330,336
SKILL_0254,job,260925501818,Data analysis,alias,1.0,0,13
SKILL_0391,job,260925501818,Agile,alias,1.0,52,57
SKILL_0391,job,260925501818,Scrum,alias,1.0,58,63
SKILL_0391,job,260925501818,Agile,alias,1.0,81,86
SKILL_0170,job,260925501818,Computer Science,exact,1.0,138,154
SKILL_0511,job,230925935883,project management,exact,1.0,0,18
SKILL_0400,job,290925919968,python,alias,1.0,0,6
SKILL_0145,job,290925919968,ruby,alias,1.0,7,11
SKILL_0396,job,290925919968,java,alias,1.0,28,32
SKILL_0396,job,290925919968,Java,alias,1.0,1211,1215
SKILL_0153,job,290925919968,.NET,alias,1.0,1217,1221
SKILL_0400,job,290925919968,Python,alias,1.0,1233,1239
SKILL_0145,job,290925919968,Ruby,alias,1.0,1241,1245
SKILL_0320,job,300925500648,SAAS,alias,1.0,39,43
SKILL_0511,job,230925019098,Project Management,exact,1.0,41,59
SKILL_0353,job,230925019098,Strategic Thinking,alias,1.0,129,147
SKILL_0511,job,230925019098,project management,exact,1.0,248,266
SKILL_0363,job,300925010470,Calculation,alias,1.0,15,26
SKILL_0363,job,300925010470,Calculation,alias,1.0,52,63
SKILL_0572,job,50825019341,handle pressure,alias,1.0,386,401
SKILL_0363,job,250925025221,Calculation,alias,1.0,62,73
SKILL_0511,job,11025501562,Project management,exact,1.0,35,53
SKILL_0326,job,250925923236,abap,exact,1.0,4,8
SKILL_0326,job,250925923236,abap,exact,1.0,51,55
SKILL_0511,job,250925923236,project management,exact,1.0,60,78
SKILL_0527,job,250925923236,css,alias,1.0,79,82
SKILL_0326,job,250925923236,ABAP,exact,1.0,426,430
SKILL_0279,job,250925923524,ml,alias,1.0,34,36
SKILL_0400,job,250925923524,python,alias,1.0,41,47
SKILL_0172,job,300925011830,OCR,alias,1.0,230,233
SKILL_0546,job,300925011830,web services,exact,1.0,663,675
SKILL_0546,job,300925011830,web services,exact,1.0,1307,1319
SKILL_0154,job,300925011830,XQuery,exact,1.0,1350,1356
SKILL_0546,job,300925011830,web services,exact,1.0,1580,1592
SKILL_0172,job,300925011830,OCR,alias,1.0,1727,1730
SKILL_0262,job,290925500851,MS Excel,alias,1.0,378,386
SKILL_0152,job,230925036785,Typescript,exact,1.0,0,10
SKILL_0397,job,230925036785,Javascript,exact,1.0,11,21
SKILL_0527,job,230925036785,CSS,alias,1.0,39,42
SKILL_0266,job,230925036785,Ajax,exact,1.0,58,62
SKILL_0254,job,240925500989,data analysis,alias,1.0,0,13
SKILL_0177,job,240925500989,data analytics,exact,1.0,14,28
SKILL_0180,job,240925500989,data mining,exact,1.0,51,62
SKILL_0166,job,240925500989,bi,alias,1.0,128,130
SKILL_0598,job,240925500989,Make decisions,exact,1.0,383,397
SKILL_0532,job,250925508602,GIT,alias,1.0,36,39
SKILL_0152,job,250925508602,TypeScript,exact,1.0,114,124
SKILL_0527,job,250925508602,CSS,alias,1.0,132,135
SKILL_0396,job,290925913651,java,alias,1.0,12,16
SKILL_0527,job,290925913651,css,alias,1.0,55,58
SKILL_0396,job,290925913651,Java,alias,1.0,464,468
SKILL_0111,job,230925918415,risk management,exact,1.0,368,383
SKILL_0111,job,230925918415,risk assessment,alias,1.0,2493,2508
SKILL_0446,job,300925915881,dbms,alias,1.0,0,4
SKILL_0397,job,300925915881,javascript,exact,1.0,5,15
SKILL_0396,job,300925915881,java,alias,1.0,16,20
SKILL_0396,job,300925915881,Java,alias,1.0,364,368
SKILL_0511,job,240925931835,project management,exact,1.0,102,120
SKILL_0254,job,230925027540,Data Analysis,alias,1.0,30,43
SKILL_0396,job,230925027540,Java,alias,1.0,44,48
SKILL_0396,job,230925027540,Java,alias,1.0,75,79
SKILL_0274,job,31025908745,devops,exact,1.0,33,39
SKILL_0400,job,31025908745,python,alias,1.0,100,106
SKILL_0170,job,31025908745,Computer science,exact,1.0,107,123
SKILL_0166,job,230925507465,bi,alias,1.0,65,67
SKILL_0441,job,230925507465,etl,alias,1.0,79,82
SKILL_0170,job,230925507465,Computer Science,exact,1.0,125,141
SKILL_0166,job,230925507465,BI,alias,1.0,308,310
SKILL_0615,job,31025911285,Plan,exact,1.0,1461,1465
SKILL_0363,job,31025502778,mathematics,exact,1.0,39,50
SKILL_0320,job,300925026709,SAAS,alias,1.0,0,4
SKILL_0166,job,230925932580,bi,alias,1.0,93,95
SKILL_0166,job,230925932580,business intelligence,exact,1.0,104,125
SKILL_0111,job,300925930253,risk management,exact,1.0,0,15
SKILL_0511,job,300925930253,project management,exact,1.0,16,34
SKILL_0155,job,300925930253,formulas,alias,1.0,335,343
SKILL_0511,job,300925930253,project management,exact,1.0,452,470
SKILL_0111,job,250925932595,risk management,exact,1.0,17,32
SKILL_0111,job,250925932595,risk assessment,alias,1.0,91,106
SKILL_0396,job,290925024947,Java,alias,1.0,0,4
SKILL_0400,job,11025915814,python,alias,1.0,81,87
SKILL_0511,job,250925901915,project management,exact,1.0,90,108
SKILL_0172,job,260925029855,Computer Vision,exact,1.0,32,47
SKILL_0184,job,260925029855,Deep Learning,exact,1.0,65,78
SKILL_0615,job,230925019352,Plan,exact,1.0,190,194
SKILL_0001,job,240925503475,C++,exact,1.0,0,3
SKILL_0327,job,240925503475,Cobol,exact,1.0,10,15
SKILL_0142,job,240925503475,Perl,exact,1.0,32,36
SKILL_0166,job,240925503475,Business intelligence,exact,1.0,59,80
SKILL_0629,job,60825017343,Identify opportunities,alias,1.0,370,392
SKILL_0048,job,260925500479,Ethics,exact,1.0,373,379
SKILL_0511,job,250925509081,project management,exact,1.0,0,18
SKILL_0254,job,260925503366,Data analysis,alias,1.0,0,13
SKILL_0254,job,260925503366,Data collection,alias,1.0,76,91
SKILL_0166,job,260925503366,Business intelligence,exact,1.0,105,126
SKILL_0443,job,260925503366,data quality assessment,exact,1.0,261,284
SKILL_0326,job,290925921787,abap,exact,1.0,37,41
SKILL_0326,job,290925921787,abap,exact,1.0,77,81
SKILL_0326,job,290925921787,ABAP,exact,1.0,201,205
SKILL_0326,job,290925921787,ABAP,exact,1.0,411,415
SKILL_0511,job,11025503635,Project management,exact,1.0,40,58
SKILL_0391,job,11025503635,Agile,alias,1.0,86,91
SKILL_0436,job,220925006231,io,alias,1.0,1416,1418
SKILL_0396,job,220424003255,Java,alias,1.0,102,106
SKILL_0400,job,230925507373,Python,alias,1.0,126,132
SKILL_0207,job,230925507373,Data architecture,alias,1.0,300,317
SKILL_0442,job,230925507373,Data modelling,alias,1.0,325,339
SKILL_0441,job,230925507373,ETL,alias,1.0,359,362
SKILL_0128,job,290925919936,c#,exact,1.0,83,85
SKILL_0363,job,11025012951,Calculation,alias,1.0,36,47
SKILL_0363,job,11025012951,Calculation,alias,1.0,71,82
SKILL_0564,job,11025012951,be responsible,alias,1.0,179,193
SKILL_0400,job,290925909692,python,alias,1.0,0,6
SKILL_0527,job,290925909692,css,alias,1.0,59,62
SKILL_0400,job,290925909692,Python,alias,1.0,883,889
SKILL_0400,job,290925909692,Python,alias,1.0,1733,1739
SKILL_0400,job,290925909692,Python coding,alias,1.0,1774,1787
SKILL_0254,job,290925909692,Data Analysis,alias,1.0,2485,2498
SKILL_0397,job,250925913156,javascript,exact,1.0,38,48
SKILL_0527,job,250925913156,css,alias,1.0,49,52
SKILL_0642,job,250925913156,work independently,exact,1.0,261,279
SKILL_0153,job,31025020410,Visual Studio,alias,1.0,75,88
SKILL_0274,job,31025020410,DevOps,exact,1.0,105,111
SKILL_0119,job,31025020410,Selenium,alias,1.0,178,186
SKILL_0119,job,31025020410,test automation tools,alias,1.0,311,332
SKILL_0254,job,250925922601,data analysis,alias,1.0,88,101
SKILL_0400,job,250925010736,Python,alias,1.0,9,15
SKILL_0400,job,250925931182,python,alias,1.0,12,18
SKILL_0632,job,260625034578,think logically,alias,1.0,365,380
SKILL_0546,job,240925910057,web services,exact,1.0,80,92
SKILL_0335,job,240925910057,scala,exact,1.0,93,98
SKILL_0166,job,230925917922,bi,alias,1.0,69,71
SKILL_0429,job,230925917922,Cloud reporting,alias,1.0,1880,1895
SKILL_0166,job,230925917922,BI,alias,1.0,1916,1918
SKILL_0546,job,230925933378,web services,exact,1.0,0,12
SKILL_0527,job,230925933378,css,alias,1.0,48,51
SKILL_0170,job,300925503357,Computer science,exact,1.0,0,16
SKILL_0391,job,300925503357,Agile,alias,1.0,65,70
SKILL_0170,job,300925503958,Computer science,exact,1.0,0,16
SKILL_0031,job,300925503958,Information security,alias,1.0,21,41
SKILL_0304,job,300925503958,Disaster recovery,alias,1.0,42,59
SKILL_0111,job,300925503958,Risk management,exact,1.0,97,112
SKILL_0128,job,250925927813,c#,exact,1.0,61,63
SKILL_0527,job,250925927813,css,alias,1.0,81,84
SKILL_0642,job,290925910339,work independently,exact,1.0,403,421
SKILL_0532,job,260925501105,GIT,alias,1.0,0,3
SKILL_0269,job,260925501105,Agile development,exact,1.0,43,60
SKILL_0032,job,260925501105,data privacy,alias,1.0,73,85
SKILL_0400,job,260925501105,Python,alias,1.0,117,123
SKILL_0400,job,260925501105,Python,alias,1.0,392,398
SKILL_0391,job,260925501105,agile,alias,1.0,662,667
SKILL_0400,job,260925501105,Python,alias,1.0,745,751
SKILL_0274,job,260925501105,DevOps,exact,1.0,918,924
SKILL_0400,job,260925501105,Python,alias,1.0,1218,1224
SKILL_0532,job,260925501105,Git,alias,1.0,1553,1556
SKILL_0269,job,260925501105,Agile development,exact,1.0,1576,1593
SKILL_0032,job,260925501105,data privacy,alias,1.0,1732,1744
SKILL_0527,job,230925504366,css,alias,1.0,5,8
SKILL_0546,job,230925504366,web services,exact,1.0,9,21
SKILL_0397,job,230925504366,javascript,exact,1.0,47,57
SKILL_0400,job,300925918049,python,alias,1.0,0,6
SKILL_0397,job,300925918049,javascript,exact,1.0,11,21
SKILL_0400,job,300925918049,python,alias,1.0,340,346
SKILL_0181,job,300925918049,Data Science,exact,1.0,510,522
SKILL_0177,job,300925918049,data analytics,exact,1.0,742,756
SKILL_0400,job,300925918049,Python,alias,1.0,773,779
SKILL_0400,job,300925918049,Python,alias,1.0,945,951
SKILL_0400,job,300925918049,Python,alias,1.0,1137,1143
SKILL_0400,job,300925918049,python,alias,1.0,1194,1200
SKILL_0397,job,300925918049,JavaScript,exact,1.0,1290,1300
SKILL_0166,job,290925908193,bi,alias,1.0,45,47
SKILL_0128,job,290925908193,c#,exact,1.0,87,89
SKILL_0320,job,300925009900,Saas,alias,1.0,43,47
SKILL_0532,job,300925009900,Git,alias,1.0,120,123
SKILL_0001,job,31025912247,c++,exact,1.0,0,3
SKILL_0477,job,31025912247,embedded systems,exact,1.0,4,20
SKILL_0396,job,31025912247,java,alias,1.0,33,37
SKILL_0400,job,31025912247,python,alias,1.0,86,92
SKILL_0511,job,31025912247,project management,exact,1.0,93,111
SKILL_0170,job,31025912247,Computer Science,exact,1.0,231,247
SKILL_0170,job,31025912247,Computer Science,exact,1.0,312,328
SKILL_0555,job,290925009709,Counselling,alias,1.0,105,116
SKILL_0555,job,290925009709,Counselling,alias,1.0,117,128
SKILL_0555,job,290925009709,Counselling,alias,1.0,969,980
SKILL_0111,job,250925932633,risk management,exact,1.0,0,15
SKILL_0111,job,250925932633,risk management,exact,1.0,255,270
SKILL_0400,job,290925924828,python,alias,1.0,69,75
SKILL_0392,job,260925500648,System integration,alias,1.0,96,114
SKILL_0392,job,260925500648,system integration,alias,1.0,1535,1553
SKILL_0572,job,260925500648,work under pressure,alias,1.0,2964,2983
SKILL_0564,job,250925500997,be responsible,alias,1.0,1109,1123
SKILL_0564,job,250925500997,be responsible,alias,1.0,1548,1562
SKILL_0615,job,250925500997,Plan,exact,1.0,4595,4599
SKILL_0153,job,110625024620,.Net,alias,1.0,0,4
SKILL_0128,job,110625024620,C#,exact,1.0,5,7
SKILL_0153,job,110625024620,.Net,alias,1.0,27,31
SKILL_0268,job,110625024620,ASP.Net,exact,1.0,37,44
SKILL_0268,job,110625024620,Asp.Net,exact,1.0,45,52
SKILL_0153,job,110625024620,.NET,alias,1.0,242,246
SKILL_0605,job,11025012699,meet deadlines,alias,1.0,293,307
SKILL_0181,job,290925502958,Data Science,exact,1.0,0,12
SKILL_0254,job,290925502958,Data analysis,alias,1.0,34,47
SKILL_0181,job,290925502958,Data Science,exact,1.0,48,60
SKILL_0511,job,240925932180,project management,exact,1.0,72,90
SKILL_0335,job,230925929911,SCALA,exact,1.0,23,28
SKILL_0400,job,230925929911,Python,alias,1.0,29,35
SKILL_0396,job,230925929911,Java,alias,1.0,44,48
SKILL_0269,job,230925929911,Agile development,exact,1.0,249,266
SKILL_0435,job,230925929911,Software design,alias,1.0,278,293
SKILL_0335,job,230925929911,Scala,exact,1.0,294,299
SKILL_0400,job,230925929911,Python,alias,1.0,304,310
SKILL_0391,job,230925929911,Agile,alias,1.0,397,402
SKILL_0274,job,230925929911,DevOps,exact,1.0,403,409
SKILL_0317,job,290925903016,as400,alias,1.0,0,5
SKILL_0001,job,290925903016,c++,exact,1.0,33,36
SKILL_0326,job,230925928879,ABAP,exact,1.0,118,122
SKILL_0254,job,260925501438,Data analysis,alias,1.0,6,19
SKILL_0254,job,260925501438,big data,alias,1.0,107,115
SKILL_0400,job,250925909980,python,alias,1.0,16,22
SKILL_0001,job,250925909980,c++,exact,1.0,40,43
SKILL_0396,job,230925020577,java,alias,1.0,0,4
SKILL_0170,job,230925020577,Computer Science,exact,1.0,136,152
SKILL_0532,job,230925020577,Git,alias,1.0,251,254
SKILL_0530,job,160725034339,mechanical drawings,alias,1.0,1664,1683
SKILL_0082,job,160725034339,CCTV,alias,1.0,3330,3334
SKILL_0400,job,250925923736,python,alias,1.0,75,81
SKILL_0431,job,290925923714,cloud computing,alias,1.0,75,90
SKILL_0128,job,290925923714,c#,exact,1.0,91,93
SKILL_0400,job,290925923714,python,alias,1.0,94,100
SKILL_0128,job,260925010142,C#,exact,1.0,0,2
SKILL_0153,job,260925010142,.NET,alias,1.0,8,12
SKILL_0153,job,260925010142,.Net,alias,1.0,35,39
SKILL_0153,job,260925010142,.net,alias,1.0,60,64
SKILL_0153,job,260925010142,.NET,alias,1.0,339,343
SKILL_0336,job,260925010142,scratch,alias,1.0,449,456
SKILL_0153,job,260925010142,.NET,alias,1.0,736,740
SKILL_0128,job,260925010142,C#,exact,1.0,788,790
SKILL_0153,job,260925010142,.NET,alias,1.0,792,796
SKILL_0153,job,260925010142,.NET,alias,1.0,812,816
SKILL_0528,job,260925010142,system design,exact,1.0,996,1009
SKILL_0153,job,260925010142,.NET,alias,1.0,1212,1216
SKILL_0153,job,260925010142,.NET,alias,1.0,1230,1234
SKILL_0153,job,260925010142,.Net,alias,1.0,1483,1487
SKILL_0128,job,260925010142,C#,exact,1.0,1573,1575
SKILL_0153,job,260925010142,.Net,alias,1.0,1588,1592
SKILL_0642,job,260925010142,work independently,exact,1.0,1874,1892
SKILL_0153,job,260925010142,.NET,alias,1.0,2069,2073
SKILL_0246,job,260925010142,quantitative analysis,exact,1.0,2236,2257
SKILL_0615,job,260925010142,Plan,exact,1.0,2753,2757
SKILL_0153,job,260925010142,.NET,alias,1.0,2809,2813
SKILL_0274,job,260925010142,DevOps,exact,1.0,3233,3239
SKILL_0511,job,11025917557,project management,exact,1.0,51,69
SKILL_0391,job,11025503825,Agile,alias,1.0,92,97
SKILL_0254,job,240925502990,Data analysis,alias,1.0,0,13
SKILL_0441,job,260925008196,ETL,alias,1.0,0,3
SKILL_0441,job,260925008196,ETL,alias,1.0,16,19
SKILL_0441,job,260925008196,ETL,alias,1.0,47,50
SKILL_0441,job,260925008196,ETL,alias,1.0,186,189
SKILL_0441,job,260925008196,ETL,alias,1.0,273,276
SKILL_0166,job,260925008196,Business intelligence,exact,1.0,525,546
SKILL_0166,job,260925008196,BI,alias,1.0,586,588
SKILL_0446,job,260925008196,Peoplesoft,alias,1.0,779,789
SKILL_0183,job,260925008196,Data Warehouse,exact,1.0,1114,1128
SKILL_0615,job,260925008196,Plan,exact,1.0,1355,1359
SKILL_0615,job,260925008196,plan,exact,1.0,1493,1497
SKILL_0374,job,260925008196,quality standards,exact,1.0,2092,2109
SKILL_0166,job,240125020678,Bi,alias,1.0,19,21
SKILL_0225,job,240125020678,gather data,alias,1.0,1266,1277
SKILL_0234,job,240125020678,Operations Research,alias,1.0,2627,2646
SKILL_0363,job,240125020678,Mathematics,exact,1.0,2681,2692
SKILL_0254,job,240125020678,Statistics,exact,1.0,2693,2703
SKILL_0166,job,240125020678,Business Intelligence,exact,1.0,3254,3275
SKILL_0166,job,240125020678,BI,alias,1.0,3277,3279
SKILL_0144,job,240125020678,R,exact,1.0,3420,3421
SKILL_0400,job,240125020678,Python,alias,1.0,3430,3436
SKILL_0441,job,240125020678,ETL,alias,1.0,3495,3498
SKILL_0281,job,240125020678,SAP ERP,alias,1.0,3517,3524
SKILL_0532,job,250925500839,GIT,alias,1.0,11,14
SKILL_0274,job,250925500839,devops,exact,1.0,17,23
SKILL_0432,job,250925500839,Collaborate with designers,exact,1.0,85,111
SKILL_0155,job,21025007935,Formulas,alias,1.0,36,44
SKILL_0155,job,21025007935,formulas,alias,1.0,156,164
SKILL_0254,job,21025007935,data analysis,alias,1.0,244,257
SKILL_0281,job,290925500400,SAP ERP,alias,1.0,25,32
SKILL_0281,job,290925500400,SAP ERP,alias,1.0,104,111
SKILL_0281,job,290925500400,SAP ERP,alias,1.0,162,169
SKILL_0001,job,290925004945,c++,exact,1.0,0,3
SKILL_0153,job,290925004945,.Net,alias,1.0,4,8
SKILL_0153,job,290925004945,VB,alias,1.0,9,11
SKILL_0511,job,290925903075,project management,exact,1.0,67,85
SKILL_0111,job,30925014639,Risk Assessment,alias,1.0,468,483
SKILL_0546,job,290925926277,web services,exact,1.0,84,96
SKILL_0170,job,290925926277,Computer Science,exact,1.0,177,193
SKILL_0153,job,290925926277,.NET,alias,1.0,265,269
SKILL_0615,job,300925917595,Plan,exact,1.0,117,121
SKILL_0111,job,11025503970,risk management,exact,1.0,0,15
SKILL_0254,job,11025503970,data analysis,alias,1.0,38,51
SKILL_0396,job,290925921456,java,alias,1.0,17,21
SKILL_0527,job,290925921456,css,alias,1.0,59,62
SKILL_0001,job,290925921456,c++,exact,1.0,63,66
SKILL_0396,job,290925921456,Java,alias,1.0,294,298
SKILL_0532,job,240925503727,GIT,alias,1.0,54,57
SKILL_0397,job,240925503727,Javascript,exact,1.0,68,78
SKILL_0128,job,290925014811,C#,exact,1.0,0,2
SKILL_0153,job,290925014811,.Net,alias,1.0,3,7
SKILL_0153,job,290925014811,.Net,alias,1.0,13,17
SKILL_0268,job,290925014811,ASP.Net,exact,1.0,34,41
SKILL_0268,job,290925014811,ASP.Net,exact,1.0,42,49
SKILL_0153,job,290925014811,.NET,alias,1.0,115,119
SKILL_0153,job,290925014811,.NET,alias,1.0,125,129
SKILL_0153,job,290925014811,.NET,alias,1.0,146,150
SKILL_0128,job,290925014811,C#,exact,1.0,177,179
SKILL_0278,job,250925501393,Matlab,exact,1.0,122,128
SKILL_0400,job,250925501393,Python,alias,1.0,138,144
SKILL_0400,job,300925924233,python,alias,1.0,0,6
SKILL_0172,job,300925924233,tensorflow,alias,1.0,40,50
SKILL_0128,job,300925924233,c#,exact,1.0,59,61
SKILL_0172,job,300925924233,cuda,alias,1.0,62,66
SKILL_0155,job,300925924233,algorithms,exact,1.0,67,77
SKILL_0155,job,300925924233,algorithms,exact,1.0,163,173
SKILL_0170,job,300925924233,Computer Science,exact,1.0,232,248
SKILL_0172,job,300925924233,computer vision,exact,1.0,312,327
SKILL_0155,job,300925924233,algorithm,alias,1.0,349,358
SKILL_0279,job,300925924233,ML,alias,1.0,363,365
SKILL_0155,job,300925924233,algorithm,alias,1.0,371,380
SKILL_0326,job,230925918830,abap,exact,1.0,0,4
SKILL_0326,job,230925918830,abap,exact,1.0,48,52
SKILL_0326,job,230925918830,abap,exact,1.0,53,57
SKILL_0326,job,230925918830,abap,exact,1.0,63,67
SKILL_0170,job,230925918830,Computer Science,exact,1.0,124,140
SKILL_0326,job,230925918830,ABAP,exact,1.0,202,206
SKILL_0326,job,230925918830,ABAP,exact,1.0,275,279
SKILL_0527,job,290925920646,css,alias,1.0,84,87
SKILL_0546,job,290925920646,web services,exact,1.0,88,100
SKILL_0170,job,31025500751,Computer science,exact,1.0,0,16
SKILL_0391,job,31025500751,Agile,alias,1.0,37,42
SKILL_0391,job,31025500751,Scrum,alias,1.0,50,55
SKILL_0431,job,250925921280,cloud computing,alias,1.0,67,82
SKILL_0166,job,250925921280,bi,alias,1.0,110,112
SKILL_0527,job,290925911773,css,alias,1.0,0,3
SKILL_0397,job,290925911773,javascript,exact,1.0,13,23
SKILL_0155,job,290925911773,algorithms,exact,1.0,36,46
SKILL_0363,job,290925911773,mathematics,exact,1.0,59,70
SKILL_0397,job,290925911773,JavaScript,exact,1.0,262,272
SKILL_0363,job,290925911773,mathematics,exact,1.0,353,364
SKILL_0397,job,290925911773,JavaScript,exact,1.0,423,433
SKILL_0564,job,290925911773,be responsible,alias,1.0,459,473
SKILL_0397,job,290925911773,JavaScript,exact,1.0,620,630
SKILL_0363,job,290925911773,mathematics,exact,1.0,660,671
SKILL_0155,job,290925911773,algorithms,exact,1.0,672,682
SKILL_0170,job,290925911773,Computer Science,exact,1.0,1215,1231
SKILL_0363,job,290925911773,Mathematics,exact,1.0,1273,1284
SKILL_0397,job,290925911773,JavaScript,exact,1.0,1353,1363
SKILL_0363,job,290925911773,mathematics,exact,1.0,1496,1507
SKILL_0155,job,290925911773,algorithms,exact,1.0,1567,1577
SKILL_0478,job,290925911773,engineering principles,exact,1.0,1928,1950
SKILL_0532,job,290925911773,Git,alias,1.0,2020,2023
SKILL_0397,job,290925911773,JavaScript,exact,1.0,2235,2245
SKILL_0397,job,290925911773,JavaScript,exact,1.0,2340,2350
SKILL_0363,job,290925911773,mathematics,exact,1.0,2393,2404
SKILL_0155,job,290925911773,algorithms,exact,1.0,2405,2415
SKILL_0128,job,260625019238,C#,exact,1.0,0,2
SKILL_0153,job,260625019238,.NET,alias,1.0,13,17
SKILL_0128,job,260625019238,C#,exact,1.0,120,122
SKILL_0400,job,260925500879,Python,alias,1.0,98,104
SKILL_0400,job,260925500879,Python,alias,1.0,287,293
SKILL_0436,job,250925921315,powershell,alias,1.0,28,38
SKILL_0436,job,250925921315,powershell,alias,1.0,39,49
SKILL_0128,job,250925921315,c#,exact,1.0,76,78
SKILL_0400,job,250925921315,python,alias,1.0,79,85
SKILL_0555,job,31025001382,Counselling,alias,1.0,50,61
SKILL_0555,job,31025001382,Counselling,alias,1.0,79,90
SKILL_0441,job,260925501514,ETL,alias,1.0,170,173
SKILL_0441,job,260925501514,ETL,alias,1.0,297,300
SKILL_0441,job,260925501514,ETL,alias,1.0,327,330
SKILL_0170,job,230925506024,Computer Science,exact,1.0,149,165
SKILL_0396,job,230925933564,java,alias,1.0,28,32
SKILL_0119,job,230925933564,selenium,alias,1.0,33,41
SKILL_0119,job,230925933564,Selenium,alias,1.0,228,236
SKILL_0111,job,290925501374,risk management,exact,1.0,3,18
SKILL_0111,job,290925501374,risk management,exact,1.0,19,34
SKILL_0031,job,290925501374,information security,alias,1.0,54,74
SKILL_0511,job,240925026457,project management,exact,1.0,0,18
SKILL_0417,job,231124004845,POS,alias,1.0,527,530
SKILL_0274,job,250925920550,devops,exact,1.0,54,60
SKILL_0391,job,250925920550,agile,alias,1.0,61,66
SKILL_0128,job,250925920550,c#,exact,1.0,67,69
SKILL_0511,job,250925920550,project management,exact,1.0,70,88
SKILL_0605,job,300925500487,meet deadlines,alias,1.0,287,301
SKILL_0400,job,11025910714,python,alias,1.0,23,29
SKILL_0397,job,11025910714,javascript,exact,1.0,37,47
SKILL_0181,job,11025910714,Data Science,exact,1.0,164,176
SKILL_0274,job,11025910714,DevOps,exact,1.0,1409,1415
SKILL_0430,job,11025910714,cloud security,alias,1.0,1524,1538
SKILL_0400,job,11025910714,Python,alias,1.0,2103,2109
SKILL_0642,job,11025910714,work independently,exact,1.0,2522,2540
SKILL_0391,job,11025910714,Agile,alias,1.0,2768,2773
SKILL_0391,job,11025910714,Scrum,alias,1.0,2774,2779
SKILL_0111,job,250925029005,risk assessment,alias,1.0,189,204
SKILL_0254,job,250925029005,statistics,exact,1.0,854,864
SKILL_0396,job,230925930921,java,alias,1.0,37,41
SKILL_0119,job,230925930921,selenium,alias,1.0,42,50
SKILL_0269,job,230925930921,agile development,exact,1.0,179,196
SKILL_0180,job,300925030395,Data Mining,exact,1.0,117,128
SKILL_0181,job,300925030395,data science,exact,1.0,308,320
SKILL_0153,job,270625033476,.Net,alias,1.0,0,4
SKILL_0153,job,270625033476,.Net,alias,1.0,10,14
SKILL_0153,job,270625033476,.NET,alias,1.0,297,301
SKILL_0441,job,260925930369,etl,alias,1.0,27,30
SKILL_0326,job,260925930369,ABAP,exact,1.0,221,225
SKILL_0326,job,260925930369,ABAP,exact,1.0,277,281
SKILL_0127,job,300925026781,Assembly,alias,1.0,0,8
SKILL_0127,job,300925026781,Assembly,alias,1.0,20,28
SKILL_0272,job,250925923969,cisco,exact,1.0,18,23
SKILL_0272,job,250925923969,cisco,exact,1.0,33,38
SKILL_0272,job,250925923969,Cisco,exact,1.0,234,239
UNKNOWN_SKILL,resume,31732,. Net,unresolved,0.529827153815494,364,369
SKILL_0396,resume_raw_skill,06_skills:24495,Java 2,alias,1.0,0,6
SKILL_0111,resume_raw_skill,06_skills:98669,risk assessment,alias,1.0,0,15
UNKNOWN_SKILL,resume_raw_skill,06_skills:198595,Technical applications and vendor software/hardware integration and support,unresolved,0.6296022405330688,0,75
UNKNOWN_SKILL,resume_raw_skill,06_skills:57977,Pricing proposal bids,unresolved,0.33440709028897203,0,21
UNKNOWN_SKILL,resume_raw_skill,06_skills:111084,employee access levels,unresolved,0.5497523751607015,0,22
UNKNOWN_SKILL,resume_raw_skill,06_skills:35712,Deploying new PCs with required updates and security software,unresolved,0.3592179894877017,0,61
UNKNOWN_SKILL,resume_raw_skill,06_skills:89009,Action bar,unresolved,0.3663143891433316,0,10
UNKNOWN_SKILL,resume_raw_skill,06_skills:25256,Rosetta,unresolved,0.2191962325413776,0,7
UNKNOWN_SKILL,resume_raw_skill,06_skills:116647,Developed relationship with business partners,unresolved,0.5832921013150548,0,45
SKILL_0100,resume_raw_skill,06_skills:70588,Technical troubleshooting,embedding,0.7431945379941758,0,25
UNKNOWN_SKILL,resume_raw_skill,06_skills:206408,QuickBooks Pro,unresolved,0.37215440697096813,0,14
UNKNOWN_SKILL,resume_raw_skill,06_skills:125629,Research referral resources and provide information to the staff,unresolved,0.44045327378040927,0,64
UNKNOWN_SKILL,resume_raw_skill,06_skills:170877,hard disk wiping,unresolved,0.28945509453204066,0,16
UNKNOWN_SKILL,resume_raw_skill,06_skills:152168,Windows Server 2012/2008,unresolved,0.3866706108733035,0,24
SKILL_0272,resume_raw_skill,06_skills:199213,Cisco IOS ACLs,embedding,0.7666715500463024,0,14
UNKNOWN_SKILL,resume_raw_skill,06_skills:143592,bootstrap,unresolved,0.23642198726725283,0,9
UNKNOWN_SKILL,resume_raw_skill,06_skills:182205,Financial and clinical data/analytics,unresolved,0.5561720093661593,0,37
UNKNOWN_SKILL,resume_raw_skill,06_skills:108233,Apache Chemistry,unresolved,0.4593235008366176,0,16
UNKNOWN_SKILL,resume_raw_skill,06_skills:147471,Device Fabrication,unresolved,0.4070462045438577,0,18
UNKNOWN_SKILL,resume_raw_skill,06_skills:208359,Datacenter Buildout,unresolved,0.3513685226373572,0,19
UNKNOWN_SKILL,resume_raw_skill,06_skills:123651,SPS Commerce EDI portal,unresolved,0.23143975841917155,0,23
UNKNOWN_SKILL,resume_raw_skill,06_skills:157209,NetScout/nGeniusONE,unresolved,0.27378016580524484,0,19
UNKNOWN_SKILL,resume_raw_skill,06_skills:158786,Server resource monitoring,unresolved,0.5238811475183583,0,26
UNKNOWN_SKILL,resume_raw_skill,06_skills:114099,Eclipse Kepler IDE,unresolved,0.4573278385196281,0,18
UNKNOWN_SKILL,resume_raw_skill,06_skills:158997,"Python, C#, Java, HTML, CSS",unresolved,0.4112004822044219,0,27
UNKNOWN_SKILL,resume_raw_skill,06_skills:85728,Conference room setup,unresolved,0.5081865380089292,0,21
SKILL_0328,resume_raw_skill,06_skills:30774,Web standards and accessibility (W3C and s508),embedding,0.7197813599621021,0,46
SKILL_0183,resume_raw_skill,06_skills:200819,Red Hat repository,embedding,0.7844543293011877,0,18
UNKNOWN_SKILL,resume_raw_skill,06_skills:185400,Report attacks to RCERT and contact DOIMs about possible security breaches,unresolved,0.27415325668074186,0,74
UNKNOWN_SKILL,resume_raw_skill,06_skills:51340,Citrix Presentation Server,unresolved,0.4673151452111159,0,26
UNKNOWN_SKILL,resume_raw_skill,06_skills:73649,Developed methods to safeguard computer files,unresolved,0.48700205410596403,0,45
SKILL_0207,resume_raw_skill,06_skills:8218,Router Architectures,embedding,0.6807172107183429,0,20
UNKNOWN_SKILL,resume_raw_skill,06_skills:195501,Avalara Tax Services,unresolved,0.44347265128943203,0,20
UNKNOWN_SKILL,resume_raw_skill,06_skills:25083,TaskHub,unresolved,0.48824924477985904,0,7
UNKNOWN_SKILL,resume_raw_skill,06_skills:39509,Crystal Reports,unresolved,0.5247026050918064,0,15
UNKNOWN_SKILL,resume_raw_skill,06_skills:18759,i2 SNA,unresolved,0.26749164621009747,0,6
UNKNOWN_SKILL,resume_raw_skill,06_skills:174489,"Social media marketing, to mention bet a few",unresolved,0.39608562033026307,0,44
UNKNOWN_SKILL,resume_raw_skill,06_skills:12170,Cricket,unresolved,0.25188584210097226,0,7
UNKNOWN_SKILL,resume_raw_skill,06_skills:189792,tier 2 support,unresolved,0.5016482110096429,0,14
UNKNOWN_SKILL,resume_raw_skill,06_skills:172556,Cisco UCS VMware environment,unresolved,0.5636341443357601,0,28
SKILL_0100,resume_raw_skill,06_skills:148848,NETWORK TROUBLESHOOTING,embedding,0.7594258379172933,0,23
UNKNOWN_SKILL,resume_raw_skill,06_skills:198081,Informatica 9.6.1/10.1,unresolved,0.550442328186657,0,22
UNKNOWN_SKILL,resume_raw_skill,06_skills:203622,VMWare admin,unresolved,0.45596366473061606,0,12
UNKNOWN_SKILL,resume_raw_skill,06_skills:206829,Collected clarification documents,unresolved,0.39120640565077525,0,33
UNKNOWN_SKILL,resume_raw_skill,06_skills:46232,Multitenant,unresolved,0.3635758291413143,0,11
UNKNOWN_SKILL,resume_raw_skill,06_skills:140355,Improved and recreated project charter,unresolved,0.34755781784804113,0,38
UNKNOWN_SKILL,resume_raw_skill,06_skills:42782,Pandas,unresolved,0.30823748557659647,0,6
UNKNOWN_SKILL,resume_raw_skill,06_skills:27224,Answer telephone calls to assist computer users,unresolved,0.3751355335113698,0,47
UNKNOWN_SKILL,resume_raw_skill,06_skills:130366,"Configured software dependent on department types, iPads using Casper Suite",unresolved,0.3301074122968838,0,75
UNKNOWN_SKILL,resume_raw_skill,06_skills:108072,security standard implementation,unresolved,0.6383370418144382,0,32
SKILL_0532,resume_raw_skill,06_skills:114460,Azure Git,embedding,0.8322524651761194,0,9
UNKNOWN_SKILL,resume_raw_skill,06_skills:180243,"Static, RIP and OSPF protocols on Cisco Routers",unresolved,0.46006352597342176,0,47
UNKNOWN_SKILL,resume_raw_skill,06_skills:223563,Lead database administrator for Snohomish County PUD data warehouse and PeopleSoft databases,unresolved,0.5052721307087772,0,92
UNKNOWN_SKILL,resume_raw_skill,06_skills:193854,"Functional configuration and implementing new enhancement, portlets, reports, and processes",unresolved,0.3397061481100298,0,91
UNKNOWN_SKILL,resume_raw_skill,06_skills:137513,JWS JBoss Annotations,unresolved,0.2883288089712818,0,21
UNKNOWN_SKILL,resume_raw_skill,06_skills:141818,Loan services,unresolved,0.6065382599046334,0,13
UNKNOWN_SKILL,resume_raw_skill,06_skills:118922,CMST,unresolved,0.33908810881303797,0,4
UNKNOWN_SKILL,resume_raw_skill,06_skills:50806,Data Pull from External Systems,unresolved,0.38998073393919847,0,31
SKILL_0634,resume_raw_skill,06_skills:4270,SSP Review,embedding,0.6791470436942808,0,10
UNKNOWN_SKILL,resume_raw_skill,06_skills:163022,Constructed HTML from design files,unresolved,0.4410983979183419,0,34
SKILL_0120,resume_raw_skill,06_skills:218212,New Employee Training,embedding,0.8072868122451959,0,21
UNKNOWN_SKILL,resume_raw_skill,06_skills:189004,OS deployment best practices,unresolved,0.5872484189574848,0,28
UNKNOWN_SKILL,resume_raw_skill,06_skills:68344,Assist In providing computer/ network support relating to software and hardware problems reported by users,unresolved,0.3900778469574851,0,106
SKILL_0262,resume_raw_skill,06_skills:46406,Xcel,embedding,0.6504653564297708,0,4
UNKNOWN_SKILL,resume_raw_skill,06_skills:131177,Horizon Enterprise Revenue Management (Horizon ERM),unresolved,0.3551449145879044,0,51
UNKNOWN_SKILL,resume_raw_skill,06_skills:106145,SMS vendors,unresolved,0.6002302008044865,0,11
UNKNOWN_SKILL,resume_raw_skill,06_skills:7705,SoundForge,unresolved,0.46658530872716353,0,10
UNKNOWN_SKILL,resume_raw_skill,06_skills:52190,Obtaining quotes,unresolved,0.5244360941687115,0,16
UNKNOWN_SKILL,resume_raw_skill,06_skills:145617,Coordinated catering for meeting,unresolved,0.5166846118818508,0,32
UNKNOWN_SKILL,resume_raw_skill,06_skills:202777,Assisted with project management and Service Introduction for a Digital Process Automation Project utilizing the KAPOW framework,unresolved,0.5738527682234326,0,128
UNKNOWN_SKILL,resume_raw_skill,06_skills:34626,Windows 2008 AD Migration,unresolved,0.38946579763397327,0,25
UNKNOWN_SKILL,resume_raw_skill,06_skills:40767,Adapt to certain clients concerns,unresolved,0.36809280815250023,0,33
UNKNOWN_SKILL,resume_raw_skill,06_skills:193616,Helped Develop,unresolved,0.434303461754026,0,14
UNKNOWN_SKILL,resume_raw_skill,06_skills:28341,Firepath,unresolved,0.4532380767163257,0,8
UNKNOWN_SKILL,resume_raw_skill,06_skills:119405,Assigning,unresolved,0.40770200550851743,0,9
UNKNOWN_SKILL,resume_raw_skill,06_skills:183708,Promote,unresolved,0.5600906800504414,0,7
UNKNOWN_SKILL,resume_raw_skill,06_skills:199539,Scope Deliverables,unresolved,0.4182482034548653,0,18
UNKNOWN_SKILL,resume_raw_skill,06_skills:134264,Network Management and Support,unresolved,0.5712407476031955,0,30
UNKNOWN_SKILL,resume_raw_skill,06_skills:137333,"Performed inspections, kept detailed records regarding operations and performance as part of overall Maintenance",unresolved,0.3852839548890568,0,112
SKILL_0219,resume_raw_skill,06_skills:172395,Remedy administrator,embedding,0.6514627614533602,0,20
UNKNOWN_SKILL,resume_raw_skill,06_skills:36698,"HTML5, CSS3, JavaScript, Shopify, Liquid",unresolved,0.49979465778749116,0,40
UNKNOWN_SKILL,resume_raw_skill,06_skills:100652,Served as an on-call person on a rotating basis,unresolved,0.28078207995834925,0,47
UNKNOWN_SKILL,resume_raw_skill,06_skills:84402,email/content filtering,unresolved,0.5927323922309361,0,23
UNKNOWN_SKILL,resume_raw_skill,06_skills:7058,Troubleshoot DFS functionality,unresolved,0.6481265340809488,0,30
SKILL_0317,resume_raw_skill,06_skills:193094,Operating Systems Management,embedding,0.8091350279800261,0,28
UNKNOWN_SKILL,resume_raw_skill,06_skills:54658,"Designing and coding Oracle PL/SQL, SQL reports, procedures, and packages, optimization of code",unresolved,0.3331210363793221,0,95
UNKNOWN_SKILL,resume_raw_skill,06_skills:91323,IT State Government,unresolved,0.43465024661498286,0,19
UNKNOWN_SKILL,resume_raw_skill,06_skills:201090,Financial Data,unresolved,0.5838171496137672,0,14
UNKNOWN_SKILL,resume_raw_skill,06_skills:133775,Printer and Scanning Setup,unresolved,0.4737014108503127,0,26
UNKNOWN_SKILL,resume_raw_skill,06_skills:165288,SOX IT control testing,unresolved,0.5685241870234754,0,22
UNKNOWN_SKILL,resume_raw_skill,06_skills:2616,Moved and installed furniture for office relocations,unresolved,0.23468666658587073,0,52
UNKNOWN_SKILL,resume_raw_skill,06_skills:3952,Westlaw gateway,unresolved,0.3654075332680625,0,15
UNKNOWN_SKILL,resume_raw_skill,06_skills:177714,Loading data from flat files to database using SQL*Loader and External Tables,unresolved,0.4325663908055393,0,77
UNKNOWN_SKILL,resume_raw_skill,06_skills:109344,Lead a team to build an SQL database with the airport's internal phone numbers to create a full stack dynamic website,unresolved,0.3395274282538969,0,117
UNKNOWN_SKILL,resume_raw_skill,06_skills:61709,Performing database cloning using RMAN,unresolved,0.5810660412476171,0,38
UNKNOWN_SKILL,resume_raw_skill,06_skills:36252,Cisco VOIP phone installation and troubleshooting,unresolved,0.5472685476692472,0,49
UNKNOWN_SKILL,resume_raw_skill,06_skills:188266,Import/Export Compliance Officer,unresolved,0.424329838977322,0,32
UNKNOWN_SKILL,resume_raw_skill,06_skills:113307,Spring- 3 DI,unresolved,0.20493849948302073,0,12
UNKNOWN_SKILL,resume_raw_skill,06_skills:104242,Kanban,unresolved,0.21900705811136478,0,6
UNKNOWN_SKILL,resume_raw_skill,06_skills:138646,HR Application Support,unresolved,0.5272304525390641,0,22
UNKNOWN_SKILL,resume_raw_skill,06_skills:184400,Cisco 2960 POE Switch,unresolved,0.596045056524796,0,21
UNKNOWN_SKILL,resume_raw_skill,06_skills:178822,wireless device management,unresolved,0.5721514511357046,0,26
UNKNOWN_SKILL,resume_raw_skill,06_skills:184465,Migrated all Salesforce files and attachments to Box and implemented single-sign-on with Salesforce as the Identity Provider,unresolved,0.2855323378546063,0,124
UNKNOWN_SKILL,resume_raw_skill,06_skills:123844,Cisco routers/switches (CCNA),unresolved,0.5344101215772109,0,29
SKILL_0311,resume_raw_skill,06_skills:53418,Maintaining configuration management,embedding,0.7563475932104554,0,36
UNKNOWN_SKILL,resume_raw_skill,06_skills:66490,Set up and configure Cisco small business switches,unresolved,0.4216426359177903,0,50
UNKNOWN_SKILL,resume_raw_skill,06_skills:9836,Struts Dyna Action Forms,unresolved,0.29149771433124166,0,24
UNKNOWN_SKILL,resume_raw_skill,06_skills:131639,SQL Server Express 2014,unresolved,0.48078572254863416,0,23
UNKNOWN_SKILL,resume_raw_skill,06_skills:162716,Monitor terminals and telecommunications,unresolved,0.45334583081497526,0,40
UNKNOWN_SKILL,resume_raw_skill,06_skills:216622,"Researched, assisted and revise Cyber Security policies and procedures",unresolved,0.4275096435304138,0,70
UNKNOWN_SKILL,resume_raw_skill,06_skills:61871,Worked in a rapidly expanding and changing environment,unresolved,0.38622678185256476,0,54
UNKNOWN_SKILL,resume_raw_skill,06_skills:103206,Import/Export Operations,unresolved,0.390283419037112,0,24
UNKNOWN_SKILL,resume_raw_skill,06_skills:4477,Digital Media,unresolved,0.5280623196925492,0,13
UNKNOWN_SKILL,resume_raw_skill,06_skills:27716,Qualys vulnerability report,unresolved,0.5364557965629112,0,27
UNKNOWN_SKILL,resume_raw_skill,06_skills:177521,work plans,unresolved,0.4752735623205738,0,10
UNKNOWN_SKILL,resume_raw_skill,06_skills:160508,MICROSOFT DYNAMICS,unresolved,0.5737715698061413,0,18
UNKNOWN_SKILL,resume_raw_skill,06_skills:165552,Transfer data,unresolved,0.5356933393823409,0,13
UNKNOWN_SKILL,resume_raw_skill,06_skills:174218,Heart flow,unresolved,0.5295728985376316,0,10
UNKNOWN_SKILL,resume_raw_skill,06_skills:106817,Application research and evaluation,unresolved,0.5930032172542156,0,35
UNKNOWN_SKILL,resume_raw_skill,06_skills:54301,"HTML, XHTML, XML, JSP, JSTL, JavaScript, JQuery, DataTables, CSS, BootStrap, Font Awesome",unresolved,0.3163740037714825,0,89
SKILL_0428,resume_raw_skill,06_skills:140578,Business Requirements Documentation,embedding,0.7008831217520958,0,35
UNKNOWN_SKILL,resume_raw_skill,06_skills:131132,Marksmanship,unresolved,0.2876260723099431,0,12
UNKNOWN_SKILL,resume_raw_skill,06_skills:198436,"Network security and analysis (access-list, IPsec, firewall and VPN)",unresolved,0.5415839230683325,0,68
UNKNOWN_SKILL,resume_raw_skill,06_skills:140517,"Organized, Directed, and Managed the North Afghanistan Dispositions Expansion Project; provided network capability in austere conditions- efforts marked milestone for United  States/Afghanistan Drawdown",unresolved,0.25219076082400216,0,202
UNKNOWN_SKILL,resume_raw_skill,06_skills:52369,Maintained data integrity and security (managed roles and permissions of database users),unresolved,0.5706382116685397,0,88
UNKNOWN_SKILL,resume_raw_skill,06_skills:85434,Recommend products to improve customers home entertainment experience,unresolved,0.3715487217774377,0,69
UNKNOWN_SKILL,resume_raw_skill,06_skills:194807,HashMap,unresolved,0.3586741180764028,0,7
UNKNOWN_SKILL,resume_raw_skill,06_skills:29903,Labtech(remote services),unresolved,0.4273964559268311,0,24
UNKNOWN_SKILL,resume_raw_skill,06_skills:204659,consultative sales,unresolved,0.306092060165477,0,18
UNKNOWN_SKILL,resume_raw_skill,06_skills:121815,Install Hoffman cabinets for new network,unresolved,0.47804982531925705,0,40
UNKNOWN_SKILL,resume_raw_skill,06_skills:46037,help desk support,unresolved,0.44218728360846427,0,17
SKILL_0438,resume_raw_skill,06_skills:24682,Flow Chart,embedding,0.8457398588694272,0,10
UNKNOWN_SKILL,resume_raw_skill,06_skills:97616,Maintain detailed database for customer equipment inventory,unresolved,0.4710067884612113,0,59
UNKNOWN_SKILL,resume_raw_skill,06_skills:178797,SQL server 2000,unresolved,0.5999063018367191,0,15
UNKNOWN_SKILL,resume_raw_skill,06_skills:78365,On-site walkthroughs,unresolved,0.372530097102583,0,20
SKILL_0272,resume_raw_skill,06_skills:10768,Cisco command line,embedding,0.7000883377749487,0,18
UNKNOWN_SKILL,resume_raw_skill,06_skills:200892,Test case creation and validation,unresolved,0.4437935327561336,0,33
SKILL_0534,resume_raw_skill,06_skills:118130,Unified Modeling Language (UML),embedding,0.937724980130323,0,31
UNKNOWN_SKILL,resume_raw_skill,06_skills:81621,Hibernate-Search 3.2.1,unresolved,0.2855666747517133,0,22
UNKNOWN_SKILL,resume_raw_skill,06_skills:111879,software release,unresolved,0.610243458237123,0,16
UNKNOWN_SKILL,resume_raw_skill,06_skills:141768,Conduct program evaluation,unresolved,0.49957671360660866,0,26
UNKNOWN_SKILL,resume_raw_skill,06_skills:130715,Designed and implemented Sass and SVG based branding solution,unresolved,0.3691461745486475,0,61
UNKNOWN_SKILL,resume_raw_skill,06_skills:106670,Developed rich media,unresolved,0.40725715245587646,0,20
UNKNOWN_SKILL,resume_raw_skill,06_skills:117366,Reschedule appointments,unresolved,0.5788871703594933,0,23
UNKNOWN_SKILL,resume_raw_skill,06_skills:210410,"Governance, Risk, and Compliance (GRC) Team efforts",unresolved,0.5810660123450475,0,51
UNKNOWN_SKILL,resume_raw_skill,06_skills:48956,Tufin Secure change/Secure Track,unresolved,0.5668595621173949,0,32
SKILL_0312,resume_raw_skill,06_skills:1277,Upgrade,embedding,0.8445040132458967,0,7
SKILL_0567,resume_raw_skill,06_skills:144649,Project team,embedding,0.7493246310159967,0,12
UNKNOWN_SKILL,resume_raw_skill,06_skills:226618,Managed network design and implementation projects for small business customers,unresolved,0.4146612727914598,0,79
UNKNOWN_SKILL,resume_raw_skill,06_skills:107220,Project Portfolio,unresolved,0.522642416716609,0,17
UNKNOWN_SKILL,resume_raw_skill,06_skills:224227,User Needs Elicitation,unresolved,0.5471430189235218,0,22
UNKNOWN_SKILL,resume_raw_skill,06_skills:205602,Citrix best practice verification and optimization,unresolved,0.36106267834369626,0,50
UNKNOWN_SKILL,resume_raw_skill,06_skills:177298,Lookup and Maser Details Page,unresolved,0.5743101025110517,0,29
UNKNOWN_SKILL,resume_raw_skill,06_skills:167817,Providing remote and on-site support troubleshooting hardware and software,unresolved,0.4594960956579124,0,74
UNKNOWN_SKILL,resume_raw_skill,06_skills:177439,Design database and reports,unresolved,0.5713243994259501,0,27
UNKNOWN_SKILL,resume_raw_skill,06_skills:201482,Highly secured environment,unresolved,0.553413857246786,0,26
SKILL_0541,resume_raw_skill,06_skills:64137,DAO design patterns,embedding,0.7965209169833383,0,19
UNKNOWN_SKILL,resume_raw_skill,06_skills:34210,Responsible for designing the technological infrastructure,unresolved,0.5369045743118845,0,58
UNKNOWN_SKILL,resume_raw_skill,06_skills:107630,Fusion Middleware Patching,unresolved,0.48368136347839497,0,26
UNKNOWN_SKILL,resume_raw_skill,06_skills:178598,Provided administrators with a central point of contact during outages and incidents,unresolved,0.3642069445216723,0,84
UNKNOWN_SKILL,resume_raw_skill,06_skills:1201,Route Map,unresolved,0.35690787728581536,0,9
UNKNOWN_SKILL,resume_raw_skill,06_skills:41935,Labor efficiency improvement,unresolved,0.6250560465198068,0,28
SKILL_0396,resume_raw_skill,06_skills:43288,Java beans,embedding,0.7433821951012232,0,10
SKILL_0111,resume_raw_skill,06_skills:133776,Project Governance,embedding,0.6807810949959513,0,18
UNKNOWN_SKILL,resume_raw_skill,06_skills:221578,Advanced Custom Fields,unresolved,0.3796075888259283,0,22
UNKNOWN_SKILL,resume_raw_skill,06_skills:170728,Beef,unresolved,0.21499264436957147,0,4
SKILL_0012,resume_raw_skill,06_skills:46446,Familiarity with Security Frameworks,embedding,0.7879688249652043,0,36
UNKNOWN_SKILL,resume_raw_skill,06_skills:121955,Learned extensively about hospitality WiFi,unresolved,0.28342793711887077,0,42
UNKNOWN_SKILL,resume_raw_skill,06_skills:214308,Xpediter,unresolved,0.2516878631234294,0,8
UNKNOWN_SKILL,resume_raw_skill,06_skills:178553,Retrospectives,unresolved,0.35403348975453125,0,14
UNKNOWN_SKILL,resume_raw_skill,06_skills:91718,remote management,unresolved,0.537662426900726,0,17
SKILL_0183,resume_raw_skill,06_skills:51995,data warehousing,embedding,0.8199754474871893,0,16
UNKNOWN_SKILL,resume_raw_skill,06_skills:224409,Monitoring day to day backups,unresolved,0.5319913836544364,0,29
UNKNOWN_SKILL,resume_raw_skill,06_skills:108240,Proposal writing and presentations to various clients to contract for creative and technical work,unresolved,0.43545736332064244,0,97
UNKNOWN_SKILL,resume_raw_skill,06_skills:108684,Used SQL to analyze real Cincinnati salary data and Tableau to create further visualizations,unresolved,0.3949727488536584,0,92
SKILL_0362,resume_raw_skill,06_skills:64070,IT tasks,embedding,0.6780348959809761,0,8
UNKNOWN_SKILL,resume_raw_skill,06_skills:60200,Frequently asked questions resources,unresolved,0.3744612740061538,0,36
SKILL_0219,resume_raw_skill,06_skills:78190,User and privilege administration,embedding,0.6744829040630267,0,33
UNKNOWN_SKILL,resume_raw_skill,06_skills:182130,Provided guidance and direction and salvaged previously written scripts for an in progress data migration,unresolved,0.3797652023593904,0,105
UNKNOWN_SKILL,resume_raw_skill,06_skills:31384,"Repaired and troubleshoot computers, printers, and monitors",unresolved,0.4431124521975057,0,59
UNKNOWN_SKILL,resume_raw_skill,06_skills:20679,Supervised staff by assigning responsibilities,unresolved,0.586108033829952,0,46
UNKNOWN_SKILL,resume_raw_skill,06_skills:31487,Solid analytical skills in assessing functional and technical requirements,unresolved,0.5165179653779843,0,74
UNKNOWN_SKILL,resume_raw_skill,06_skills:206426,Revised code to update customer locations,unresolved,0.4174142619684929,0,41
UNKNOWN_SKILL,resume_raw_skill,06_skills:213112,"Spring Modules (DAO, MVC, Securities, AOP, ORM data)",unresolved,0.3261188965030056,0,52
UNKNOWN_SKILL,resume_raw_skill,06_skills:82481,Removed Cisco Switches to prepare for network installation,unresolved,0.4124505700158978,0,58
UNKNOWN_SKILL,resume_raw_skill,06_skills:27964,Localite,unresolved,0.3940730070692239,0,8
UNKNOWN_SKILL,resume_raw_skill,06_skills:124231,linear regression,unresolved,0.3607234024618454,0,17
UNKNOWN_SKILL,resume_raw_skill,06_skills:2815,Capacity - Responsible for maintaining accurate records regarding campus infrastructure capacity,unresolved,0.41582807883678413,0,96
UNKNOWN_SKILL,resume_raw_skill,06_skills:20811,Developed efficient time management procedures to assist technicians complete daily workload,unresolved,0.3699262160478511,0,92
UNKNOWN_SKILL,resume_raw_skill,06_skills:47561,User and Group accounts,unresolved,0.41985917591396377,0,23
UNKNOWN_SKILL,resume_raw_skill,06_skills:18966,AEM CMS,unresolved,0.36123515957943714,0,7
UNKNOWN_SKILL,resume_raw_skill,06_skills:208361,"Communicated Within and Throughout Departments, Businesses, and Partners",unresolved,0.32807348114061996,0,72
SKILL_0391,resume_raw_skill,06_skills:104987,Agile processes,embedding,0.6906863422410006,0,15
UNKNOWN_SKILL,resume_raw_skill,06_skills:216894,Coordinate a cycle count program,unresolved,0.5139853374134291,0,32
UNKNOWN_SKILL,resume_raw_skill,06_skills:202885,DJANGO,unresolved,0.24976110412844815,0,6
UNKNOWN_SKILL,resume_raw_skill,06_skills:80020,Performed user-managed backup of the database files,unresolved,0.4518757425359133,0,51
SKILL_0100,resume_raw_skill,06_skills:95324,Troubleshooting PKI solutions,embedding,0.7166412541501537,0,29
UNKNOWN_SKILL,resume_raw_skill,06_skills:223649,Market analysis,unresolved,0.5794420259869696,0,15
UNKNOWN_SKILL,resume_raw_skill,06_skills:171101,"Implementation, maintenance and security of all DHS DB2 databases",unresolved,0.4643612130206169,0,65
UNKNOWN_SKILL,resume_raw_skill,06_skills:46227,Fixed bugs from existing websites,unresolved,0.34086529871003496,0,33
UNKNOWN_SKILL,resume_raw_skill,06_skills:109025,converting all of the Microsoft Access databases to SQL Server,unresolved,0.40047592105016927,0,62
UNKNOWN_SKILL,resume_raw_skill,06_skills:27003,Stock shelves,unresolved,0.41455025710645454,0,13
UNKNOWN_SKILL,resume_raw_skill,06_skills:183500,Structured Software,unresolved,0.6165175536527945,0,19
UNKNOWN_SKILL,resume_raw_skill,06_skills:110272,J2EE,unresolved,0.1958291581576922,0,4
UNKNOWN_SKILL,resume_raw_skill,06_skills:24761,Supervised membership coordinator,unresolved,0.4088660523177923,0,33
UNKNOWN_SKILL,resume_raw_skill,06_skills:38374,Windows 2000/2003 server environment,unresolved,0.43556571160397983,0,36
UNKNOWN_SKILL,resume_raw_skill,06_skills:149717,Warranty Sales,unresolved,0.27268232405378606,0,14
SKILL_0317,resume_raw_skill,06_skills:47975,Secure operating systems,embedding,0.8494362202862665,0,24
SKILL_0391,resume_raw_skill,06_skills:115460,Agile scrum,embedding,0.7665412896276507,0,11
UNKNOWN_SKILL,resume_raw_skill,06_skills:214645,data base operations,unresolved,0.529643142262089,0,20
UNKNOWN_SKILL,resume_raw_skill,06_skills:194139,Managed the project lifecycle of customer-facing applications with UI/UX features,unresolved,0.4857285074526239,0,81
UNKNOWN_SKILL,resume_raw_skill,06_skills:139094,"Python, Django, AWS, J2EE, PostgreSQL, MySQL, Oracle 10g and MongoDB",unresolved,0.2971850485578022,0,68
UNKNOWN_SKILL,resume_raw_skill,06_skills:25706,API Endpoints,unresolved,0.4779236207243772,0,13
SKILL_0221,resume_raw_skill,06_skills:9568,"Ensured network, system, and data availability",embedding,0.7748595951634721,0,46
UNKNOWN_SKILL,resume_raw_skill,06_skills:129834,data integrity and accuracy verification,unresolved,0.4897911367320402,0,40
UNKNOWN_SKILL,resume_raw_skill,06_skills:185255,Phishing campaigns,unresolved,0.2826204634411897,0,18
UNKNOWN_SKILL,resume_raw_skill,06_skills:58671,Conduct campus tours,unresolved,0.3695491399530267,0,20
UNKNOWN_SKILL,resume_raw_skill,06_skills:113530,cyber-security awareness program,unresolved,0.5923439671900321,0,32
UNKNOWN_SKILL,resume_raw_skill,06_skills:53102,Managed day-to-day operations to meet multiple KPI goals as dictated by the customer and company upper management,unresolved,0.33404807907989775,0,113
SKILL_0010,resume_raw_skill,06_skills:61642,OSHA Safety,embedding,0.6991898391079988,0,11
UNKNOWN_SKILL,resume_raw_skill,06_skills:94071,Responds to service issues,unresolved,0.35149154413880257,0,26
SKILL_0510,resume_raw_skill,06_skills:63489,Backup appliances,embedding,0.6536156874411059,0,17
UNKNOWN_SKILL,resume_raw_skill,06_skills:157920,Soap/XML/WSDL,unresolved,0.28543726634755184,0,13
UNKNOWN_SKILL,resume_raw_skill,06_skills:93382,Log-Shipping,unresolved,0.2529206387816686,0,12
UNKNOWN_SKILL,resume_raw_skill,06_skills:39580,Hotfix/Side by Side/In Place,unresolved,0.30290712501995964,0,28
SKILL_0327,resume_raw_skill,06_skills:44726,cobol programming,embedding,0.8307311096721821,0,17
UNKNOWN_SKILL,resume_raw_skill,06_skills:32848,Healthcare Knowledge,unresolved,0.6070876695914359,0,20
UNKNOWN_SKILL,resume_raw_skill,06_skills:51513,Assessing Security Access to Network Server Rooms,unresolved,0.44275581794750873,0,49
UNKNOWN_SKILL,resume_raw_skill,06_skills:78540,root-cause analysis,unresolved,0.5354892741956334,0,19
UNKNOWN_SKILL,resume_raw_skill,06_skills:63170,Resource properties,unresolved,0.4882658206348698,0,19
UNKNOWN_SKILL,resume_raw_skill,06_skills:208659,PowerScript,unresolved,0.5535679781592525,0,11
UNKNOWN_SKILL,resume_raw_skill,06_skills:81494,Research complex issues across multiple databases,unresolved,0.42556908255228987,0,49
UNKNOWN_SKILL,resume_raw_skill,06_skills:61031,"VMware and Hyper-V environment deployment for Infor self-hosted Clients, including installation, setup and administration of the self-hosted environment (Windows Server, SQL Server and/or Oracle)",unresolved,0.3928879487678971,0,195
SKILL_0093,resume_raw_skill,06_skills:207640,IP Protocols,embedding,0.7028264178572385,0,12
UNKNOWN_SKILL,resume_raw_skill,06_skills:153438,Assist Network Engineers in repair and deployment of network infrastructure devices,unresolved,0.507443190229548,0,83
SKILL_0305,resume_raw_skill,06_skills:23889,Government Compliance,embedding,0.7258624363097211,0,21
UNKNOWN_SKILL,resume_raw_skill,06_skills:57182,Achieved 20% departmental cost savings,unresolved,0.3628997247745204,0,38
UNKNOWN_SKILL,resume_raw_skill,06_skills:157555,configuration and distribution of mobile devices,unresolved,0.45371951385156983,0,48
UNKNOWN_SKILL,resume_raw_skill,06_skills:212600,Managed a 55 person's team performing ICT center implementation,unresolved,0.4478037625331001,0,63
UNKNOWN_SKILL,resume_raw_skill,06_skills:62792,Hotel-wide recognition and bonus for personalized customer service in 5-star hotel,unresolved,0.3264467459286102,0,82
UNKNOWN_SKILL,resume_raw_skill,06_skills:111245,Improving hours,unresolved,0.5367014414075866,0,15
UNKNOWN_SKILL,resume_raw_skill,06_skills:189135,Vugen,unresolved,0.15825458302034467,0,5
UNKNOWN_SKILL,resume_raw_skill,06_skills:217309,Answering call bells,unresolved,0.2308893301585373,0,20
UNKNOWN_SKILL,resume_raw_skill,06_skills:7178,Talend 6.1/5.5.2,unresolved,0.4544864445146316,0,16
UNKNOWN_SKILL,resume_raw_skill,06_skills:153398,Conducted HIPAA compliance audits,unresolved,0.5148083519879778,0,33
UNKNOWN_SKILL,resume_raw_skill,06_skills:202335,Cross-browser Development,unresolved,0.4064557821219649,0,25
SKILL_0521,resume_raw_skill,06_skills:178439,UI best practices,embedding,0.8119423416049552,0,17
UNKNOWN_SKILL,resume_raw_skill,06_skills:121878,Feature Writing,unresolved,0.5257782567751073,0,15
UNKNOWN_SKILL,resume_raw_skill,06_skills:139141,Created specials for summer menu,unresolved,0.2902256551526191,0,32
UNKNOWN_SKILL,resume_raw_skill,06_skills:29990,Pivot Transformation,unresolved,0.5271232489550985,0,20
UNKNOWN_SKILL,resume_raw_skill,06_skills:174743,Tested Google Analytic number in source code,unresolved,0.4142167971286045,0,44
UNKNOWN_SKILL,resume_raw_skill,06_skills:141434,Asset visibility,unresolved,0.4694951278300118,0,16
SKILL_0155,resume_raw_skill,06_skills:8082,@Formulas,embedding,0.96990206315881,0,9
UNKNOWN_SKILL,resume_raw_skill,06_skills:148716,Configured iPhones to custom configuration,unresolved,0.5883129381311896,0,42
UNKNOWN_SKILL,resume_raw_skill,06_skills:113064,Razor,unresolved,0.16254981995542733,0,5
UNKNOWN_SKILL,resume_raw_skill,06_skills:101447,Credit card deposits,unresolved,0.339611660205587,0,20
UNKNOWN_SKILL,resume_raw_skill,06_skills:168196,Windows print server,unresolved,0.4029441171862285,0,20
UNKNOWN_SKILL,resume_raw_skill,06_skills:43652,Kali Linux OS,unresolved,0.47240421265808585,0,13
UNKNOWN_SKILL,resume_raw_skill,06_skills:185561,Learning and Development,unresolved,0.5499102500469676,0,24
UNKNOWN_SKILL,resume_raw_skill,06_skills:9239,IT management assistant,unresolved,0.49608104429414834,0,23
UNKNOWN_SKILL,resume_raw_skill,06_skills:80713,"Repair, upgrade, and install new computer components",unresolved,0.41021553039212116,0,52
SKILL_0109,resume_raw_skill,06_skills:44481,Troubleshooted Internet Explorer Issues,embedding,0.6891186618837067,0,39
UNKNOWN_SKILL,resume_raw_skill,06_skills:77076,Domain and Network design and administration,unresolved,0.597354410837336,0,44
UNKNOWN_SKILL,resume_raw_skill,06_skills:8005,Worked and resolved service tickets in the HPSM System,unresolved,0.33090341944891044,0,54
UNKNOWN_SKILL,resume_raw_skill,06_skills:19026,Enterprise office move,unresolved,0.48370331306531544,0,22
SKILL_0004,resume_raw_skill,06_skills:52909,INFRASTRUCTURE,embedding,0.9550248080332244,0,14
UNKNOWN_SKILL,resume_raw_skill,06_skills:211501,Grinder scripts,unresolved,0.46762753950822233,0,15
UNKNOWN_SKILL,resume_raw_skill,06_skills:76541,server room hardware relocation,unresolved,0.48453502886461236,0,31
UNKNOWN_SKILL,resume_raw_skill,06_skills:172376,fabric,unresolved,0.2599735551364343,0,6
UNKNOWN_SKILL,resume_raw_skill,06_skills:89467,API Kit Router,unresolved,0.48579427807386166,0,14
UNKNOWN_SKILL,resume_raw_skill,06_skills:128680,SSIS job creation,unresolved,0.4000886591022489,0,17
UNKNOWN_SKILL,resume_raw_skill,06_skills:42290,file structures,unresolved,0.5430293878695837,0,15
UNKNOWN_SKILL,resume_raw_skill,06_skills:116253,Database Backup and Recovery Strategy,unresolved,0.5752465503526201,0,37
UNKNOWN_SKILL,resume_raw_skill,06_skills:68055,Delivery controllers,unresolved,0.5402896876393323,0,20
UNKNOWN_SKILL,resume_raw_skill,06_skills:53742,Forklift operating,unresolved,0.5157497737605848,0,18
UNKNOWN_SKILL,resume_raw_skill,06_skills:113251,Federal Privacy Guidance,unresolved,0.5206494879085627,0,24
UNKNOWN_SKILL,resume_raw_skill,06_skills:205625,Evaluate global incidents,unresolved,0.5295023616249696,0,25
UNKNOWN_SKILL,resume_raw_skill,06_skills:104596,"Design and document all IMAC processes, and regularly reviewed and revised procedures and tools to implement efficiencies",unresolved,0.41449054708860233,0,121
UNKNOWN_SKILL,resume_raw_skill,06_skills:21372,Tier I and II IT support to non-technical and executive staff,unresolved,0.49769785818803614,0,61
SKILL_0546,resume_raw_skill,06_skills:91003,JAX - RPC Web Services,embedding,0.741066847135213,0,22
UNKNOWN_SKILL,resume_raw_skill,06_skills:129720,Track financial deposits and withdrawals over set financial limits,unresolved,0.474550264413427,0,66
UNKNOWN_SKILL,resume_raw_skill,06_skills:93380,Provide 24-hour on-call support,unresolved,0.4008532757828644,0,31
UNKNOWN_SKILL,resume_raw_skill,06_skills:127927,Skilled in all phases of the project/system development lifecycle,unresolved,0.4901183354953348,0,65
UNKNOWN_SKILL,resume_raw_skill,06_skills:117,Writing request for change orders,unresolved,0.36346629380224094,0,33
SKILL_0622,resume_raw_skill,06_skills:162639,Project conflicts,embedding,0.6639205468373593,0,17
UNKNOWN_SKILL,resume_raw_skill,06_skills:67624,Set up new users on the phone switch,unresolved,0.2815912579320397,0,36
UNKNOWN_SKILL,resume_raw_skill,06_skills:56085,"Maintaining, configuring and troubleshooting network laser printers, Zebra thermal printers, thin clients, scanners, PCs, handheld terminals, and mobile devices",unresolved,0.415658001202768,0,160
UNKNOWN_SKILL,resume_raw_skill,06_skills:30723,"Web site, Microsoft VM / VMware ESX Servers, Windows Servers, Exchange Servers, and Citrix Servers",unresolved,0.4216532531481312,0,98
UNKNOWN_SKILL,resume_raw_skill,06_skills:82466,PMUWS,unresolved,0.5114382882350397,0,5
UNKNOWN_SKILL,resume_raw_skill,06_skills:216331,Financial Information Security Audit,unresolved,0.6262463390927329,0,36
UNKNOWN_SKILL,resume_raw_skill,06_skills:209013,Contractual Obligations,unresolved,0.5066440667098452,0,23
UNKNOWN_SKILL,resume_raw_skill,06_skills:156213,Monthly and quarterly fuel tax reporting,unresolved,0.426341625663826,0,40
UNKNOWN_SKILL,resume_raw_skill,06_skills:196876,Technical and Non-technical Communication,unresolved,0.5098826161587777,0,41
UNKNOWN_SKILL,resume_raw_skill,06_skills:2695,Use online software,unresolved,0.5435774135686688,0,19
UNKNOWN_SKILL,resume_raw_skill,06_skills:196201,Subject matter expert among colleagues,unresolved,0.4697539386228069,0,38
UNKNOWN_SKILL,resume_raw_skill,06_skills:48422,"Worked in a Dell dependent environment all using Windows 7 Enterprise Milestone, Titanium, Lockdown Browser, DeepFreeze, Blumen Software, Active Networks Class system",unresolved,0.30036546797413927,0,166
UNKNOWN_SKILL,resume_raw_skill,06_skills:126613,Client mini-sites,unresolved,0.35535462813210295,0,17
UNKNOWN_SKILL,resume_raw_skill,06_skills:65910,Lead onboarding processes,unresolved,0.469017398294638,0,25
UNKNOWN_SKILL,resume_raw_skill,06_skills:198183,"DOD-approved, Government-furnished operating systems and software",unresolved,0.46269349799018156,0,65
UNKNOWN_SKILL,resume_raw_skill,06_skills:74196,Maintained server clusters,unresolved,0.4231774888185568,0,26
UNKNOWN_SKILL,resume_raw_skill,06_skills:67676,Mitigation recommendations,unresolved,0.6067015914215448,0,26
UNKNOWN_SKILL,resume_raw_skill,06_skills:40438,SQL review,unresolved,0.6152928144207606,0,10
UNKNOWN_SKILL,resume_raw_skill,06_skills:154769,Financial Reference Data and Related Systems,unresolved,0.42852465645598603,0,44
UNKNOWN_SKILL,resume_raw_skill,06_skills:159662,LAN/WAN Connectivity,unresolved,0.42959439903985674,0,20
UNKNOWN_SKILL,resume_raw_skill,06_skills:78497,Jersey Framework,unresolved,0.632930342562371,0,16
SKILL_0266,resume_raw_skill,06_skills:6848,Reverse AJAX,embedding,0.7274217212696438,0,12
UNKNOWN_SKILL,resume_raw_skill,06_skills:166831,Network IP addresses,unresolved,0.5250685723668481,0,20
UNKNOWN_SKILL,resume_raw_skill,06_skills:178282,business cards,unresolved,0.5169019309366777,0,14
UNKNOWN_SKILL,resume_raw_skill,06_skills:178203,Maintains appropriate backups and security on secured websites,unresolved,0.44448352641725136,0,62
UNKNOWN_SKILL,resume_raw_skill,06_skills:74099,"Managing the bank accounts, monthly reconciliations, checks & invoicing",unresolved,0.2721179962999571,0,71
UNKNOWN_SKILL,resume_raw_skill,06_skills:89830,Networking Solutions,unresolved,0.5403866589408458,0,20
UNKNOWN_SKILL,resume_raw_skill,06_skills:12416,DISP & DQL,unresolved,0.41775242447471916,0,10
UNKNOWN_SKILL,resume_raw_skill,06_skills:58246,GITLab,unresolved,0.6202758668388523,0,6
UNKNOWN_SKILL,resume_raw_skill,06_skills:131531,Troubleshot numerous software problems that prevented users from accessing or using the BAR Exam Software for the company that administers the BAR Exam in Georgia,unresolved,0.3073941066095732,0,162
UNKNOWN_SKILL,resume_raw_skill,06_skills:164128,Client application support,unresolved,0.49387710725548495,0,26
UNKNOWN_SKILL,resume_raw_skill,06_skills:73276,Presented in New-Student Orientations,unresolved,0.40788336038821754,0,37
UNKNOWN_SKILL,resume_raw_skill,06_skills:140356,WLAN equipment,unresolved,0.5955814390465173,0,14
UNKNOWN_SKILL,resume_raw_skill,06_skills:5131,healthcare claims payments,unresolved,0.5210217960569787,0,26
UNKNOWN_SKILL,resume_raw_skill,06_skills:104435,SOX compliance and audit remediation,unresolved,0.4562900964395866,0,36
UNKNOWN_SKILL,resume_raw_skill,06_skills:2571,Assisted Macys managers with customer satisfaction,unresolved,0.44440286782303123,0,50
UNKNOWN_SKILL,resume_raw_skill,06_skills:76602,Install and configured application servers and maintained systems documentation,unresolved,0.46667746128834553,0,79
UNKNOWN_SKILL,resume_raw_skill,06_skills:68273,vendor partner management,unresolved,0.39809766614030606,0,25
UNKNOWN_SKILL,resume_raw_skill,06_skills:197038,Developed/ implemented a 6 week project that grew organizational influence by 700%,unresolved,0.4034875717914801,0,82
UNKNOWN_SKILL,resume_raw_skill,06_skills:142470,Windows System center operations Manager 2012,unresolved,0.4585718991942363,0,45
UNKNOWN_SKILL,resume_raw_skill,06_skills:73785,Archer 6.x,unresolved,0.22810147572403028,0,10
UNKNOWN_SKILL,resume_raw_skill,06_skills:22485,Clarify,unresolved,0.6409263421212397,0,7
UNKNOWN_SKILL,resume_raw_skill,06_skills:28803,"Setup/managing ISS SiteProtector/Proventia G IPS, Enterasys Dragon IDS and sensors",unresolved,0.244570932030251,0,82
UNKNOWN_SKILL,resume_raw_skill,06_skills:208093,"Querying Mail Servers, Gateways, Redbacks, Authentication Servers and Registration Servers",unresolved,0.3743639125646794,0,90
UNKNOWN_SKILL,resume_raw_skill,06_skills:130196,Programed codes to compare structural similarity of two Python codes,unresolved,0.4069366555024895,0,68
UNKNOWN_SKILL,resume_raw_skill,06_skills:140026,"Update DNS, DHCP for new servers and computers at new centers, Configure Radius Server for AP",unresolved,0.42961377162915154,0,93
UNKNOWN_SKILL,resume_raw_skill,06_skills:99572,"Design, implementation, upgrade of network, Telco, and CATV",unresolved,0.38673426869785527,0,59
UNKNOWN_SKILL,resume_raw_skill,06_skills:109537,Reading blue prints,unresolved,0.3781225289439554,0,19
UNKNOWN_SKILL,resume_raw_skill,06_skills:80573,FormCalc,unresolved,0.4048556306031352,0,8
UNKNOWN_SKILL,resume_raw_skill,06_skills:208648,Test Result Documentation,unresolved,0.6050588637321883,0,25
UNKNOWN_SKILL,resume_raw_skill,06_skills:91972,"Researched, recommended, and implemented changes to procedures and systems to enhance data systems security, and assists in communicating security procedures to users",unresolved,0.5382952217668897,0,166
UNKNOWN_SKILL,resume_raw_skill,06_skills:193988,Create temporary wired and wireless access points,unresolved,0.3380247536068968,0,49
UNKNOWN_SKILL,resume_raw_skill,06_skills:186273,STS (spring tool suite),unresolved,0.3820274793601934,0,23
UNKNOWN_SKILL,resume_raw_skill,06_skills:220790,CentOS/Ubuntu Administration,unresolved,0.5741489554019101,0,28
UNKNOWN_SKILL,resume_raw_skill,06_skills:140748,Google Checkout,unresolved,0.5581239462176718,0,15
UNKNOWN_SKILL,resume_raw_skill,06_skills:54402,Database Change Deployment,unresolved,0.6300761027994793,0,26
SKILL_0450,resume_raw_skill,06_skills:219672,Application architecture,embedding,0.8661277846575338,0,24
SKILL_0262,resume_raw_skill,06_skills:124123,Creating Spreadsheets,embedding,0.7681095643784235,0,21
UNKNOWN_SKILL,resume_raw_skill,06_skills:197050,RPD Model Changes,unresolved,0.5142244458993999,0,17
UNKNOWN_SKILL,resume_raw_skill,06_skills:43318,"Establish and maintain user accounts, user-related network resources, files, security access protocols and systems in SharePoint for a 4000-acre family farm",unresolved,0.31124960205419216,0,156
UNKNOWN_SKILL,resume_raw_skill,06_skills:114527,Develop online environments,unresolved,0.6408179341650446,0,27
UNKNOWN_SKILL,resume_raw_skill,06_skills:162282,VoIP adoption,unresolved,0.33009742513582707,0,13
UNKNOWN_SKILL,resume_raw_skill,06_skills:165256,Client Presentations,unresolved,0.5288020557707207,0,20
UNKNOWN_SKILL,resume_raw_skill,06_skills:201087,event organization,unresolved,0.5912384846581873,0,18
UNKNOWN_SKILL,resume_raw_skill,06_skills:45887,Gives account directly to the store manager,unresolved,0.507070432785181,0,43
UNKNOWN_SKILL,resume_raw_skill,06_skills:100322,Centralized file storage,unresolved,0.47521613373869565,0,24
SKILL_0219,resume_raw_skill,06_skills:180834,Lifecycle,embedding,0.8609313666271902,0,9
UNKNOWN_SKILL,resume_raw_skill,06_skills:124951,Conduct Perimeter interior and exterior foot patrol,unresolved,0.2966688672744478,0,51
UNKNOWN_SKILL,resume_raw_skill,06_skills:4979,"Identified, evaluated, and approved hardware and software",unresolved,0.5045627536072081,0,57
UNKNOWN_SKILL,resume_raw_skill,06_skills:169699,Tracking project changes and producing updated schedules,unresolved,0.3948427861362337,0,56
UNKNOWN_SKILL,resume_raw_skill,06_skills:25515,Object-oriented Java Script,unresolved,0.6496338404535518,0,27
UNKNOWN_SKILL,resume_raw_skill,06_skills:45722,Obtained thorough understanding,unresolved,0.3922564842934558,0,31
UNKNOWN_SKILL,resume_raw_skill,06_skills:171936,"Managed cross-functional teams, third-party vendors, RFQ and SOW",unresolved,0.2876863131695232,0,64
UNKNOWN_SKILL,resume_raw_skill,06_skills:75710,ETL routines,unresolved,0.6117942842098263,0,12
UNKNOWN_SKILL,resume_raw_skill,06_skills:220399,Cronos,unresolved,0.3118601585762142,0,6
UNKNOWN_SKILL,resume_raw_skill,06_skills:159085,IT Rollouts at Coca Cola headquarters,unresolved,0.20510153861209668,0,37
UNKNOWN_SKILL,resume_raw_skill,06_skills:168390,Azure Cloud Solutions,unresolved,0.5884402347049716,0,21
UNKNOWN_SKILL,resume_raw_skill,06_skills:111767,"production, test and development databases",unresolved,0.5397794306052203,0,42
UNKNOWN_SKILL,resume_raw_skill,06_skills:9140,Workflow tracking,unresolved,0.44158462320868086,0,17
UNKNOWN_SKILL,resume_raw_skill,06_skills:40609,Perform regular backups to ensure data preservation,unresolved,0.6239309602596798,0,51
UNKNOWN_SKILL,resume_raw_skill,06_skills:20098,CMMI Level 2 & Level 3 Initiation & Inspection Preparation,unresolved,0.34330123338180524,0,58
UNKNOWN_SKILL,resume_raw_skill,06_skills:63848,Order or buy computer systems,unresolved,0.4541296350700149,0,29
UNKNOWN_SKILL,resume_raw_skill,06_skills:52956,Recording methods,unresolved,0.6162783801610617,0,17
UNKNOWN_SKILL,resume_raw_skill,06_skills:129320,Support internal and external audit activities,unresolved,0.5295363879364787,0,46
SKILL_0003,resume_raw_skill,06_skills:223492,TDE/Tablespace Encryption,embedding,0.6927177955531083,0,25
UNKNOWN_SKILL,resume_raw_skill,06_skills:94185,Oracle 11g Real Application Cluster (RAC),unresolved,0.49611605741692294,0,41
UNKNOWN_SKILL,resume_raw_skill,06_skills:94277,Web tier,unresolved,0.46772664643231676,0,8
UNKNOWN_SKILL,resume_raw_skill,06_skills:176034,Project Closure,unresolved,0.5328506709473781,0,15
UNKNOWN_SKILL,resume_raw_skill,06_skills:74471,Application Insights,unresolved,0.5383882580233501,0,20
UNKNOWN_SKILL,resume_raw_skill,06_skills:159070,Security certification test,unresolved,0.4545825972384574,0,27
UNKNOWN_SKILL,resume_raw_skill,06_skills:224050,Develop solution to complex issue by streamlining the production release of 40 Engineering applications for Systems Engineering. Interface directly with internal and external customers. Create and implement a Lean+ release management process that increased developer productivity by 9%,unresolved,0.43648308883479564,0,285
UNKNOWN_SKILL,resume_raw_skill,06_skills:193676,Close incident tickets within SLA,unresolved,0.3806917701655079,0,33
UNKNOWN_SKILL,resume_raw_skill,06_skills:181660,AD administration including group policy design,unresolved,0.5262408338064948,0,47
UNKNOWN_SKILL,resume_raw_skill,06_skills:147182,Windows 2008 and 2012 ERPM Servers,unresolved,0.3652197597149473,0,34
UNKNOWN_SKILL,resume_raw_skill,06_skills:144243,creating and disabling accounts,unresolved,0.39198507672458754,0,31
SKILL_0391,resume_raw_skill,06_skills:219949,Scrum principles,embedding,0.7179823176011134,0,16
UNKNOWN_SKILL,resume_raw_skill,06_skills:1943,Supported small business networks with NT Server 4.0,unresolved,0.44759377199422434,0,52
UNKNOWN_SKILL,resume_raw_skill,06_skills:210108,Bowel and bladder care (diaper),unresolved,0.25537115723082393,0,31
UNKNOWN_SKILL,resume_raw_skill,06_skills:140463,SVN 2.0,unresolved,0.19943003756966984,0,7
SKILL_0209,resume_raw_skill,06_skills:94224,User Access control,embedding,0.8192129475279425,0,19
UNKNOWN_SKILL,resume_raw_skill,06_skills:97831,"Analyzed, restructured, and cut costs in the over one-million-dollar IT budget",unresolved,0.29070057579318875,0,78
UNKNOWN_SKILL,resume_raw_skill,06_skills:46956,"Raised $14,000 for programming in the 2014 - 2015 season",unresolved,0.3526549385882716,0,56
UNKNOWN_SKILL,resume_raw_skill,06_skills:188495,M2M,unresolved,0.24945592183915974,0,3
SKILL_0285,resume_raw_skill,06_skills:74274,ERP system administration,embedding,0.7032648151243499,0,25
UNKNOWN_SKILL,resume_raw_skill,06_skills:193387,Development and testing of alternate relocation facilities,unresolved,0.39266208422732396,0,58
UNKNOWN_SKILL,resume_raw_skill,06_skills:129032,NIST SP 800-53a,unresolved,0.2171668481937685,0,15
UNKNOWN_SKILL,resume_raw_skill,06_skills:194004,Network/Technical Support,unresolved,0.4703492848062321,0,25
UNKNOWN_SKILL,resume_raw_skill,06_skills:225953,Data entry into CJA computer database,unresolved,0.50471719381157,0,37
UNKNOWN_SKILL,resume_raw_skill,06_skills:165773,WSJ.com Newsletters,unresolved,0.26241464759838057,0,19
UNKNOWN_SKILL,resume_raw_skill,06_skills:165671,Managing development,unresolved,0.6113545588711642,0,20
UNKNOWN_SKILL,resume_raw_skill,06_skills:72725,Front-end maintenance,unresolved,0.5032597739020738,0,21
UNKNOWN_SKILL,resume_raw_skill,06_skills:84376,Generated and updated project plan and time lines,unresolved,0.4406273002660869,0,49
UNKNOWN_SKILL,resume_raw_skill,06_skills:155210,Support the Regulatory Department by preparing Ingredient Statements as needed,unresolved,0.307724072220667,0,78
SKILL_0111,resume_raw_skill,06_skills:181911,Third Party Risk Assessments,embedding,0.7445107115214114,0,28
UNKNOWN_SKILL,resume_raw_skill,06_skills:151778,high performance SAN disk subsystems,unresolved,0.49060804589230717,0,36
SKILL_0087,resume_raw_skill,06_skills:36227,managing employees,embedding,0.8462461081885563,0,18
UNKNOWN_SKILL,resume_raw_skill,06_skills:3982,Worked on Custom Workflows,unresolved,0.5767827070116277,0,26
UNKNOWN_SKILL,resume_raw_skill,06_skills:137359,VMware View (VDI),unresolved,0.3556287560436132,0,17
UNKNOWN_SKILL,resume_raw_skill,06_skills:107686,Server administrator for all server environments including Server 03/08/12 and LINUX,unresolved,0.5064859981011041,0,84
UNKNOWN_SKILL,resume_raw_skill,06_skills:39856,Juniper Ex series,unresolved,0.6450815053460424,0,17
UNKNOWN_SKILL,resume_raw_skill,06_skills:27112,Problem Requests,unresolved,0.45705490426266715,0,16
UNKNOWN_SKILL,resume_raw_skill,06_skills:40000,Qubit platform,unresolved,0.5663134542104895,0,14
SKILL_0450,resume_raw_skill,06_skills:57657,SoftwareArchitecture,embedding,0.7686082348951108,0,20
UNKNOWN_SKILL,resume_raw_skill,06_skills:141339,chatbot development,unresolved,0.5715808739666458,0,19
SKILL_0111,resume_raw_skill,06_skills:131174,Security Gap Assessment,embedding,0.6585580841233305,0,23
UNKNOWN_SKILL,resume_raw_skill,06_skills:213630,Server 2008 Migration,unresolved,0.45026313876046736,0,21
UNKNOWN_SKILL,resume_raw_skill,06_skills:104632,"Upgraded MLS to new hardware, DB and OS",unresolved,0.4354875459345886,0,39
UNKNOWN_SKILL,resume_raw_skill,06_skills:47654,"In-depth Citrix application knowledge and client support for; GoToMyPC, XenApp, XenDesktop, ShareFile, GoToMetting, Citrix Cloud Salesforce, Service-Now, Remedy",unresolved,0.32991042845049845,0,160
UNKNOWN_SKILL,resume_raw_skill,06_skills:13717,AKO support,unresolved,0.644791662003277,0,11
SKILL_0602,resume_raw_skill,06_skills:190680,Appointments,embedding,0.766291495709818,0,12
UNKNOWN_SKILL,resume_raw_skill,06_skills:196126,Closely collaborated with project members,unresolved,0.5210286685418123,0,41
UNKNOWN_SKILL,resume_raw_skill,06_skills:159476,"Maintained Citrix, Windows, Oracle, and Unix based systems",unresolved,0.3577156031597929,0,58
UNKNOWN_SKILL,resume_raw_skill,06_skills:93062,Execution plan,unresolved,0.549641137948198,0,14
SKILL_0296,resume_raw_skill,06_skills:207636,Computer network operation,embedding,0.7104437725318821,0,26
UNKNOWN_SKILL,resume_raw_skill,06_skills:133840,OS/2,unresolved,0.3687098123685013,0,4
SKILL_0091,resume_raw_skill,06_skills:105437,Monitor performance of AWRDS application,embedding,0.6690414048669986,0,40
UNKNOWN_SKILL,resume_raw_skill,06_skills:175630,E911,unresolved,0.3377527249912803,0,4
UNKNOWN_SKILL,resume_raw_skill,06_skills:107843,Delivered individual branded help centers using handlebars.js - https://support.clickpay.com/hc/en-us repo is available on Github for previous Help Center,unresolved,0.47008151946186605,0,154
SKILL_0153,resume_raw_skill,06_skills:69085,.Net (C#),embedding,0.798613772928476,0,9
UNKNOWN_SKILL,resume_raw_skill,06_skills:162818,Greenplumb,unresolved,0.2593898575745613,0,10
SKILL_0634,resume_raw_skill,06_skills:86113,COTS Evaluation,embedding,0.732176677619315,0,15
SKILL_0446,resume_raw_skill,06_skills:15833,Oracle OEM 12C,embedding,0.7105458821036241,0,14
UNKNOWN_SKILL,resume_raw_skill,06_skills:32340,"Assignment rules, Escalation rules",unresolved,0.5455731126674168,0,34
UNKNOWN_SKILL,resume_raw_skill,06_skills:221076,Email alert,unresolved,0.43692530034119187,0,11
UNKNOWN_SKILL,resume_raw_skill,06_skills:12965,Troubleshooting all department networks and office tickets,unresolved,0.5199869851553316,0,58
UNKNOWN_SKILL,resume_raw_skill,06_skills:136439,Trained on coming librarians and worked in the research department,unresolved,0.3456810321942297,0,66
SKILL_0322,resume_raw_skill,06_skills:91682,alumni assistance,embedding,0.7314886252103616,0,17
UNKNOWN_SKILL,resume_raw_skill,06_skills:142892,Form API,unresolved,0.6284270456946277,0,8
UNKNOWN_SKILL,resume_raw_skill,06_skills:37408,Governance and Change Management,unresolved,0.5733254355009263,0,32
UNKNOWN_SKILL,resume_raw_skill,06_skills:153074,built the website,unresolved,0.4888777636369833,0,17
UNKNOWN_SKILL,resume_raw_skill,06_skills:34347,Equipment Maintenance,unresolved,0.5029040036190114,0,21
UNKNOWN_SKILL,resume_raw_skill,06_skills:174189,Oracle HCM Cloud Transformation Program,unresolved,0.42362758138836704,0,39
SKILL_0606,resume_raw_skill,06_skills:193432,SYBASE reliability,embedding,0.6716666241407571,0,18
UNKNOWN_SKILL,resume_raw_skill,06_skills:65999,Ensuring responsiveness,unresolved,0.48382650365972935,0,23
SKILL_0546,resume_raw_skill,06_skills:87101,Web Services (REST & Soap),embedding,0.7591867961636269,0,26
UNKNOWN_SKILL,resume_raw_skill,06_skills:91784,Safe Harbor/Privacy,unresolved,0.5374344640406902,0,19
UNKNOWN_SKILL,resume_raw_skill,06_skills:163144,Maintained Hadoop environment,unresolved,0.559726616879645,0,29
UNKNOWN_SKILL,resume_raw_skill,06_skills:19671,Design and implement High Availability and Disaster Recovery (HADR) for highly critical databases,unresolved,0.4507770470652916,0,97
SKILL_0446,resume_raw_skill,06_skills:50314,Oracle 8i - 9i,embedding,0.982172312583269,0,14
UNKNOWN_SKILL,resume_raw_skill,06_skills:69338,Plot.ly,unresolved,0.14959802885767937,0,7
UNKNOWN_SKILL,resume_raw_skill,06_skills:193704,Sharepoint sites,unresolved,0.3711658445387557,0,16
UNKNOWN_SKILL,resume_raw_skill,06_skills:80096,STRUTS 1.1,unresolved,0.2968627046205525,0,10
UNKNOWN_SKILL,resume_raw_skill,06_skills:27887,Phone Orders,unresolved,0.42649384528054973,0,12
UNKNOWN_SKILL,resume_raw_skill,06_skills:140586,"Skilled at remembering names and preferences of individual customers to provide friendly, personalized service",unresolved,0.31088438803651924,0,110
UNKNOWN_SKILL,resume_raw_skill,06_skills:15128,"Administered Enterprise Backup Systems, SQL DBA duties, and SAN Architect",unresolved,0.42303077453522697,0,73
UNKNOWN_SKILL,resume_raw_skill,06_skills:884,GSIM,unresolved,0.20405715432400476,0,4
UNKNOWN_SKILL,resume_raw_skill,06_skills:216064,Regional accounts,unresolved,0.4645718650291397,0,17
UNKNOWN_SKILL,resume_raw_skill,06_skills:177205,BW-HR,unresolved,0.3059504952479646,0,5
UNKNOWN_SKILL,resume_raw_skill,06_skills:107091,"Support and troubleshooting servers, computers, wireless, routers, printers, copiers, and mobile devices",unresolved,0.44651546764131234,0,104
UNKNOWN_SKILL,resume_raw_skill,06_skills:21838,JavaScript-based site features,unresolved,0.6171312460843226,0,30
SKILL_0361,resume_raw_skill,06_skills:30124,Six sigma lean process,embedding,0.9045369052626472,0,22
UNKNOWN_SKILL,resume_raw_skill,06_skills:103636,"Designed, planned and implemented four highly-available, redundant, multi-pathed production environments in two different physical locations for Reed Group's SaaS offering",unresolved,0.3157168938633366,0,171
UNKNOWN_SKILL,resume_raw_skill,06_skills:65086,Planning implementation and deployment of new infrastructure,unresolved,0.5446709660064615,0,60
UNKNOWN_SKILL,resume_raw_skill,06_skills:64846,VMWare 5.5/6 environment and storage,unresolved,0.5825698219543373,0,36
UNKNOWN_SKILL,resume_raw_skill,06_skills:86223,LAN using 2691 series Routers and 2950 series switches,unresolved,0.3061745202291421,0,54
UNKNOWN_SKILL,resume_raw_skill,06_skills:154007,Develop websites from start to finish,unresolved,0.4705265010699212,0,37
UNKNOWN_SKILL,resume_raw_skill,06_skills:93917,IOC/AOP,unresolved,0.4251701706400906,0,7
UNKNOWN_SKILL,resume_raw_skill,06_skills:107321,"Integration of GSM, UMTS, LTE",unresolved,0.4899929015032117,0,29
UNKNOWN_SKILL,resume_raw_skill,06_skills:211131,Sales Cloud and Service Cloud customization,unresolved,0.5357764015467764,0,43
SKILL_0362,resume_raw_skill,06_skills:128050,Planning,embedding,0.7762750542277287,0,8
UNKNOWN_SKILL,resume_raw_skill,06_skills:3016,Migrations and Deployments,unresolved,0.6226419730044979,0,26
UNKNOWN_SKILL,resume_raw_skill,06_skills:160664,composer,unresolved,0.5452652703334216,0,8
UNKNOWN_SKILL,resume_raw_skill,06_skills:208990,Datagaurd,unresolved,0.2829380813766435,0,9
UNKNOWN_SKILL,resume_raw_skill,06_skills:114134,"Designed, built, maintenance and implemented network systems across the company, troubleshooting TCP/IP DNS, and CISCO VPN",unresolved,0.414265801362669,0,122
UNKNOWN_SKILL,resume_raw_skill,06_skills:14962,Overhead projectors,unresolved,0.4953441219857915,0,19
UNKNOWN_SKILL,resume_raw_skill,06_skills:129050,Installation & configuration of multi-node SQL cluster up to 4 nodes,unresolved,0.3660919667853268,0,68
UNKNOWN_SKILL,resume_raw_skill,06_skills:20319,Database production change management,unresolved,0.5987151526126115,0,37
UNKNOWN_SKILL,resume_raw_skill,06_skills:75614,Evaluator,unresolved,0.6171822215187082,0,9
UNKNOWN_SKILL,resume_raw_skill,06_skills:207835,Gained SSCP Certificate,unresolved,0.29270574111962816,0,23
SKILL_0570,resume_raw_skill,06_skills:106432,Compliance with Army regulations,embedding,0.7431335167024848,0,32
SKILL_0452,resume_raw_skill,06_skills:159446,CQ5 Development and Deployment,embedding,0.6887374595877261,0,30
UNKNOWN_SKILL,resume_raw_skill,06_skills:28504,"Assisted users throughout entire deployment process by providing assistance with data migration/recovery, drive/printer mapping, software activation/installation, and basic troubleshooting",unresolved,0.3853015138332655,0,188
UNKNOWN_SKILL,resume_raw_skill,06_skills:25306,"Responsible for Oracle logical and physical databases design, implementation and maintenance on UNIX",unresolved,0.3605611392570307,0,100
UNKNOWN_SKILL,resume_raw_skill,06_skills:35965,Orchestrated research experiments and surveys on campus,unresolved,0.4021276836035329,0,55
UNKNOWN_SKILL,resume_raw_skill,06_skills:156528,"Jobs for maintenance in terms of updating statistics, rebuilding indexes, scheduled full/diff/log backups, refreshing database environments periodically or on demand",unresolved,0.25420423721998353,0,165
UNKNOWN_SKILL,resume_raw_skill,06_skills:138892,"Responsible for upgrading software applications, performing anti virus checks, and providing efficient customer service",unresolved,0.33118033980403966,0,119
UNKNOWN_SKILL,resume_raw_skill,06_skills:142233,DC Consolidation,unresolved,0.3388088276968688,0,16
UNKNOWN_SKILL,resume_raw_skill,06_skills:5810,problem resolution and fix creation,unresolved,0.6363269883418652,0,35
UNKNOWN_SKILL,resume_raw_skill,06_skills:55138,Provided email support for a variety of API platforms and services,unresolved,0.41995913536566765,0,66
UNKNOWN_SKILL,resume_raw_skill,06_skills:178403,Managing Government Records Directive,unresolved,0.4574299615207472,0,37
UNKNOWN_SKILL,resume_raw_skill,06_skills:177556,Ricoh device configuration,unresolved,0.5399887970464904,0,26
UNKNOWN_SKILL,resume_raw_skill,06_skills:59577,Informatica 6.0/6.1,unresolved,0.44556019090383187,0,19
UNKNOWN_SKILL,resume_raw_skill,06_skills:53667,Cloud Front,unresolved,0.4520376894647519,0,11
UNKNOWN_SKILL,resume_raw_skill,06_skills:195447,Accela,unresolved,0.4216306042691753,0,6
UNKNOWN_SKILL,resume_raw_skill,06_skills:108082,Spring Web Sockets,unresolved,0.4994312559794726,0,18
SKILL_0407,resume_raw_skill,06_skills:18752,Software requirements,embedding,0.7906643546887954,0,21
SKILL_0197,resume_raw_skill,06_skills:72785,Technical content / documentation,embedding,0.7963696336456292,0,33
UNKNOWN_SKILL,resume_raw_skill,06_skills:66947,Engineering Change Proposal (ECP 004),unresolved,0.5304601032207611,0,37
UNKNOWN_SKILL,resume_raw_skill,06_skills:138934,Tier II helpdesk administrative support,unresolved,0.5406919818007356,0,39
UNKNOWN_SKILL,resume_raw_skill,06_skills:147057,Ghosted laptops and desktops for employees,unresolved,0.43493082768467967,0,42
UNKNOWN_SKILL,resume_raw_skill,06_skills:123451,Chip brush in chipper,unresolved,0.2117980979315555,0,21
UNKNOWN_SKILL,resume_raw_skill,06_skills:87948,Exchange Admin Center (EAC),unresolved,0.3560623751604781,0,27
UNKNOWN_SKILL,resume_raw_skill,06_skills:49985,Mission Planning,unresolved,0.5430049353915184,0,16
UNKNOWN_SKILL,resume_raw_skill,06_skills:19101,Perform move/add/changes in local office; perform asset disposal process and liaise with vendor to schedule pick-ups,unresolved,0.3423451763480959,0,116
UNKNOWN_SKILL,resume_raw_skill,06_skills:163490,training documentation,unresolved,0.6112555576619708,0,22
UNKNOWN_SKILL,resume_raw_skill,06_skills:210768,system access,unresolved,0.5426556929064384,0,13
SKILL_0083,resume_raw_skill,06_skills:63099,Managed database security,embedding,0.6994002286940492,0,25
UNKNOWN_SKILL,resume_raw_skill,06_skills:82116,"Collaborated with program managers, product owners, and scrum masters",unresolved,0.5544177845140348,0,69
UNKNOWN_SKILL,resume_raw_skill,06_skills:136847,touring schedules,unresolved,0.6400579101676496,0,17
UNKNOWN_SKILL,resume_raw_skill,06_skills:38249,Data Pipeline,unresolved,0.6252288549890181,0,13
UNKNOWN_SKILL,resume_raw_skill,06_skills:221108,clarifying numerical and character keys in data fields,unresolved,0.4195898079788583,0,54
UNKNOWN_SKILL,resume_raw_skill,06_skills:103627,MacOS Imaging,unresolved,0.4810672171645018,0,13
UNKNOWN_SKILL,resume_raw_skill,06_skills:193062,Operations and maintenance,unresolved,0.537965614023387,0,26
UNKNOWN_SKILL,resume_raw_skill,06_skills:30004,Thales theorem,unresolved,0.4245301398613232,0,14
UNKNOWN_SKILL,resume_raw_skill,06_skills:146424,Pharmaceutical,unresolved,0.29850235997984803,0,14
UNKNOWN_SKILL,resume_raw_skill,06_skills:158552,SAP business cycles revision,unresolved,0.4159710602568924,0,28
UNKNOWN_SKILL,resume_raw_skill,06_skills:57516,System Controls and Analytics (SCA) Team,unresolved,0.5122278636708039,0,40
UNKNOWN_SKILL,resume_raw_skill,06_skills:83184,Adwords,unresolved,0.2805343879237016,0,7
SKILL_0149,resume_raw_skill,06_skills:119858,T- SQL,embedding,0.8618947009318636,0,6
UNKNOWN_SKILL,resume_raw_skill,06_skills:111232,HIXNY Monitoring and Investigations,unresolved,0.5431319821687298,0,35
UNKNOWN_SKILL,resume_raw_skill,06_skills:156180,Security Control Assessor Representative (SCAR),unresolved,0.3937762733322181,0,47
UNKNOWN_SKILL,resume_raw_skill,06_skills:92920,Web Driver,unresolved,0.4987120433211054,0,10
UNKNOWN_SKILL,resume_raw_skill,06_skills:216485,software installation and maintenance,unresolved,0.5002658953453969,0,37
SKILL_0322,resume_raw_skill,06_skills:23421,System Test and Support,embedding,0.7035004809444765,0,23
UNKNOWN_SKILL,resume_raw_skill,06_skills:139050,"Initiate, review, or approve modifications to project plans",unresolved,0.3541507842664898,0,59
UNKNOWN_SKILL,resume_raw_skill,06_skills:63499,Malicious code de-obfuscation,unresolved,0.2700708402877218,0,29
UNKNOWN_SKILL,resume_raw_skill,06_skills:168054,Responsible for day-to-day technical troubleshooting at three local locations and one remote location,unresolved,0.3572557073795984,0,101
UNKNOWN_SKILL,resume_raw_skill,06_skills:72245,"Chef, AWS, Docker, Ansible",unresolved,0.2807416354379129,0,26
SKILL_0106,resume_raw_skill,06_skills:146792,IT Quality Assurance,embedding,0.8180058342308523,0,20
UNKNOWN_SKILL,resume_raw_skill,06_skills:101613,interfaced with sales team and merchandise managers,unresolved,0.4269889722963857,0,51
UNKNOWN_SKILL,resume_raw_skill,06_skills:96651,Implemented and Scheduled Replication process for updating our parallel servers,unresolved,0.40713665124688897,0,79
SKILL_0532,resume_raw_skill,06_skills:106922,Github/Git,embedding,0.8063703808581096,0,10
SKILL_0149,resume_raw_skill,06_skills:176987,SQL Yog,embedding,0.7876991334591429,0,7
UNKNOWN_SKILL,resume_raw_skill,06_skills:483,Security model implementation,unresolved,0.5350641963976275,0,29
UNKNOWN_SKILL,resume_raw_skill,06_skills:179166,New features update,unresolved,0.4785699829711316,0,19
UNKNOWN_SKILL,resume_raw_skill,06_skills:11961,"Designed, installed, and maintained multiple ip networks, Windows server and VOIP systems environments",unresolved,0.3536365514191469,0,102
UNKNOWN_SKILL,resume_raw_skill,06_skills:185455,Did daily and weekly audit of driver logbooks,unresolved,0.2883289220551297,0,45
UNKNOWN_SKILL,resume_raw_skill,06_skills:28908,Obsolete inventory elimination,unresolved,0.3739212910453033,0,30
UNKNOWN_SKILL,resume_raw_skill,06_skills:66996,GRP (Guaranteed Restore Point),unresolved,0.4172610858011199,0,30
UNKNOWN_SKILL,resume_raw_skill,06_skills:44822,Financial documents,unresolved,0.4698949046169735,0,19
SKILL_0004,resume_raw_skill,06_skills:188481,Infrastructure Analysis,embedding,0.7997116100285325,0,23
UNKNOWN_SKILL,resume_raw_skill,06_skills:143216,Shortcodes,unresolved,0.44746205597817246,0,10
UNKNOWN_SKILL,resume_raw_skill,06_skills:208248,diagnosing and resolving problems across a variety of hardware platforms,unresolved,0.4699091445019601,0,72
UNKNOWN_SKILL,resume_raw_skill,06_skills:40844,Create technical specs,unresolved,0.6204171227549257,0,22
UNKNOWN_SKILL,resume_raw_skill,06_skills:184558,IAM/IDM components,unresolved,0.5544854860891246,0,18
SKILL_0322,resume_raw_skill,06_skills:86593,Con-Ops Assistance,embedding,0.7154689961076351,0,18
UNKNOWN_SKILL,resume_raw_skill,06_skills:59565,Used TeamViewer to remotely conduct software installations and updates,unresolved,0.31835150089813563,0,70
UNKNOWN_SKILL,resume_raw_skill,06_skills:86629,end-to-end testing,unresolved,0.4324453869133722,0,18
SKILL_0397,resume_raw_skill,06_skills:161381,JavaScript methods,embedding,0.8246558109012267,0,18
SKILL_0446,resume_raw_skill,06_skills:18338,Oracle 9i/ 10g,embedding,0.737204061753234,0,14
UNKNOWN_SKILL,resume_raw_skill,06_skills:149908,MAPR 6.0,unresolved,0.2887285716634998,0,8
UNKNOWN_SKILL,resume_raw_skill,06_skills:214096,Eclipse IDE 3.6,unresolved,0.5623525112803053,0,15
UNKNOWN_SKILL,resume_raw_skill,06_skills:77763,Provide status reports to project sponsors and stakeholders,unresolved,0.46469588796120137,0,59
UNKNOWN_SKILL,resume_raw_skill,06_skills:83084,E-BUSINESS,unresolved,0.556126340653136,0,10
UNKNOWN_SKILL,resume_raw_skill,06_skills:147139,Novell Enterprise Server,unresolved,0.634702072561006,0,24
UNKNOWN_SKILL,resume_raw_skill,06_skills:139351,EAP Server,unresolved,0.6116198465564643,0,10
UNKNOWN_SKILL,resume_raw_skill,06_skills:155188,"End user support, such as simple trouble shooting, and Citrix Goto Assist",unresolved,0.40745086441386535,0,73
UNKNOWN_SKILL,resume_raw_skill,06_skills:51217,"Corporate Project Deployment (HR, Corporate Planning, Healthcare IT)",unresolved,0.5137909591029031,0,68
SKILL_0446,resume_raw_skill,06_skills:26149,Oracle db,embedding,0.690131914208954,0,9
UNKNOWN_SKILL,resume_raw_skill,06_skills:64741,Cost controls,unresolved,0.5445812503324454,0,13
UNKNOWN_SKILL,resume_raw_skill,06_skills:104871,Windows NT 4.0,unresolved,0.21235114046534484,0,14
UNKNOWN_SKILL,resume_raw_skill,06_skills:175193,Upgraded server and workstation operating systems in windows environments,unresolved,0.4307721653361697,0,73
UNKNOWN_SKILL,resume_raw_skill,06_skills:214825,Maven 2.x,unresolved,0.22432050434751044,0,9
UNKNOWN_SKILL,resume_raw_skill,06_skills:195052,Audio equipment,unresolved,0.5168415602347307,0,15
UNKNOWN_SKILL,resume_raw_skill,06_skills:43727,Cisco PIX and ASA firewalls,unresolved,0.5171300436170148,0,27
UNKNOWN_SKILL,resume_raw_skill,06_skills:194945,Content Reporting,unresolved,0.629848124750781,0,17
UNKNOWN_SKILL,resume_raw_skill,06_skills:176520,Manage crime scene data,unresolved,0.5759278906866636,0,23
UNKNOWN_SKILL,resume_raw_skill,06_skills:41323,Surveillance System Support,unresolved,0.6357684708786812,0,27
UNKNOWN_SKILL,resume_raw_skill,06_skills:104043,Design Review,unresolved,0.639106919841585,0,13
UNKNOWN_SKILL,resume_raw_skill,06_skills:77698,Zebra 140Xi III thermal printers,unresolved,0.2859798248148738,0,32
UNKNOWN_SKILL,resume_raw_skill,06_skills:163148,Security control effectiveness,unresolved,0.4977472130463136,0,30
UNKNOWN_SKILL,resume_raw_skill,06_skills:51562,Reconcile or note and report discrepancies found in records,unresolved,0.33264678433652606,0,59
UNKNOWN_SKILL,resume_raw_skill,06_skills:177735,Resolve technical problems with Local Area Networks (LAN) and other systems,unresolved,0.5277411651638851,0,75
UNKNOWN_SKILL,resume_raw_skill,06_skills:29764,Attended to all the security needs of corporate by monitoring all activities,unresolved,0.3772366259946839,0,76
UNKNOWN_SKILL,resume_raw_skill,06_skills:216200,Continuous testing and reporting,unresolved,0.5233847351041806,0,32
UNKNOWN_SKILL,resume_raw_skill,06_skills:171197,IIS 5.0 / IIS 6.0/ IIS 7.0 Web server administration,unresolved,0.4089981061553728,0,52
UNKNOWN_SKILL,resume_raw_skill,06_skills:91935,Front-end UI Development,unresolved,0.6236109005982509,0,24
UNKNOWN_SKILL,resume_raw_skill,06_skills:203803,CounselLink legal matter management,unresolved,0.6020291449446393,0,35
UNKNOWN_SKILL,resume_raw_skill,06_skills:168333,Apache MINA,unresolved,0.5405176438507932,0,11
UNKNOWN_SKILL,resume_raw_skill,06_skills:155171,Apex callouts,unresolved,0.27542368686793844,0,13
UNKNOWN_SKILL,resume_raw_skill,06_skills:114364,Candlestick Charts,unresolved,0.2715270344110658,0,18
UNKNOWN_SKILL,resume_raw_skill,06_skills:209407,VOIP/SIP telephony,unresolved,0.24433186827046507,0,18
UNKNOWN_SKILL,resume_raw_skill,06_skills:20113,Onsite vendor assessments,unresolved,0.49484551044267927,0,25
SKILL_0541,resume_raw_skill,06_skills:134678,Design Pattern,embedding,0.697362566049906,0,14
UNKNOWN_SKILL,resume_raw_skill,06_skills:175789,Oracle patch application,unresolved,0.5290338759830765,0,24
UNKNOWN_SKILL,resume_raw_skill,06_skills:72325,Provided technical assistance to customers,unresolved,0.48715733833957864,0,42
UNKNOWN_SKILL,resume_raw_skill,06_skills:105581,Setting up departments structure and security permissions,unresolved,0.35618469625127414,0,57
UNKNOWN_SKILL,resume_raw_skill,06_skills:39764,Evaluated reports and paperwork for accuracy and correctness,unresolved,0.3842577374811981,0,60
UNKNOWN_SKILL,resume_raw_skill,06_skills:12440,LCDS,unresolved,0.21766033538176394,0,4
UNKNOWN_SKILL,resume_raw_skill,06_skills:32484,Host Website in open-source and IIS environment,unresolved,0.4661140189050377,0,47
UNKNOWN_SKILL,resume_raw_skill,06_skills:146971,Meeting Minutes,unresolved,0.6185592024220555,0,15
SKILL_0012,resume_raw_skill,06_skills:35615,HIPAA security compliance,embedding,0.7589186528560413,0,25
UNKNOWN_SKILL,resume_raw_skill,06_skills:178113,Responsible for coordinating a network upgrade IT project at a medical facility,unresolved,0.3711120554570453,0,79
UNKNOWN_SKILL,resume_raw_skill,06_skills:196743,"Maintain installed PCs, networks, telephone systems with routine maintenance",unresolved,0.5208759286864756,0,76
UNKNOWN_SKILL,resume_raw_skill,06_skills:154103,NAC Documentation and Training,unresolved,0.5481811312351371,0,30
UNKNOWN_SKILL,resume_raw_skill,06_skills:153594,providing great retail experience,unresolved,0.4510329967275579,0,33
UNKNOWN_SKILL,resume_raw_skill,06_skills:713,IT Security Policy and Procedure Development,unresolved,0.515663631181454,0,44
UNKNOWN_SKILL,resume_raw_skill,06_skills:198283,Device enrollment,unresolved,0.4680657213454635,0,17
UNKNOWN_SKILL,resume_raw_skill,06_skills:56473,performance related issues,unresolved,0.4504968622228014,0,26
UNKNOWN_SKILL,resume_raw_skill,06_skills:10883,RF equipment maintenance on towers,unresolved,0.4338874524016993,0,34
UNKNOWN_SKILL,resume_raw_skill,06_skills:97311,Clear steps,unresolved,0.47438408401088056,0,11
UNKNOWN_SKILL,resume_raw_skill,06_skills:145389,wireless network security,unresolved,0.5919853103628474,0,25
UNKNOWN_SKILL,resume_raw_skill,06_skills:8010,LessCSS,unresolved,0.5684697600657511,0,7
UNKNOWN_SKILL,resume_raw_skill,06_skills:110252,Supported change management activities across functions,unresolved,0.5068464404435159,0,55
UNKNOWN_SKILL,resume_raw_skill,06_skills:79497,Senior IT Project Manager,unresolved,0.6355680251001035,0,25
UNKNOWN_SKILL,resume_raw_skill,06_skills:70778,SQL Server Clusters,unresolved,0.5221577896638141,0,19
UNKNOWN_SKILL,resume_raw_skill,06_skills:153890,Satellite 6.4 and Ansible Tower implementation and administration,unresolved,0.4769510920474256,0,65
SKILL_0405,resume_raw_skill,06_skills:205045,Analyze requirements,embedding,0.8547801956730338,0,20
UNKNOWN_SKILL,resume_raw_skill,06_skills:62566,Raw Sockets,unresolved,0.5585014450539811,0,11
UNKNOWN_SKILL,resume_raw_skill,06_skills:70509,Active Directory migration,unresolved,0.5059517212714598,0,26
UNKNOWN_SKILL,resume_raw_skill,06_skills:56242,Working with governance bodies,unresolved,0.5400022486833616,0,30
UNKNOWN_SKILL,resume_raw_skill,06_skills:183108,Ensure SQL database servers are backed up and execute tests when needed,unresolved,0.42883283596441585,0,71
UNKNOWN_SKILL,resume_raw_skill,06_skills:123498,SharePoint updates,unresolved,0.37187239836041447,0,18
UNKNOWN_SKILL,resume_raw_skill,06_skills:218652,Client Web site updates,unresolved,0.3329373896230584,0,23
UNKNOWN_SKILL,resume_raw_skill,06_skills:112735,Service Now,unresolved,0.5328295398441643,0,11
UNKNOWN_SKILL,resume_raw_skill,06_skills:117757,Executing the project plans and activities,unresolved,0.6056495392728561,0,42
UNKNOWN_SKILL,resume_raw_skill,06_skills:141273,Greensock,unresolved,0.2352142372549601,0,9
UNKNOWN_SKILL,resume_raw_skill,06_skills:12708,Account/password expires,unresolved,0.3561572964473869,0,24
SKILL_0436,resume_raw_skill,06_skills:5960,Action Script 1.0,embedding,0.6901730568563776,0,17
SKILL_0408,resume_raw_skill,06_skills:225621,Security of sensitive data,embedding,0.6544333603798186,0,26
UNKNOWN_SKILL,resume_raw_skill,06_skills:7442,Network Topology,unresolved,0.43676693559634944,0,16
SKILL_0317,resume_raw_skill,06_skills:2570,VAX/VMS,embedding,0.670244235914667,0,7
UNKNOWN_SKILL,resume_raw_skill,06_skills:48687,Security development lifecycle,unresolved,0.6462056262601883,0,30
UNKNOWN_SKILL,resume_raw_skill,06_skills:208747,Liaising with tech service providers,unresolved,0.5955304047675806,0,36
UNKNOWN_SKILL,resume_raw_skill,06_skills:40066,Troubleshoot account issues utilizing Active Directory,unresolved,0.5792210278518277,0,54
UNKNOWN_SKILL,resume_raw_skill,06_skills:209935,"Provide network consulting, design, and troubleshooting services to clients",unresolved,0.484480090024642,0,75
UNKNOWN_SKILL,resume_raw_skill,06_skills:184322,Reducing manual intervention,unresolved,0.31258792332459684,0,28
UNKNOWN_SKILL,resume_raw_skill,06_skills:102750,Performed architectural review process for infrastructure implementation,unresolved,0.617653870564061,0,72
UNKNOWN_SKILL,resume_raw_skill,06_skills:175007,Operate retail cash register system,unresolved,0.5622097962052403,0,35
UNKNOWN_SKILL,resume_raw_skill,06_skills:187881,Networkx,unresolved,0.6310899955011129,0,8
UNKNOWN_SKILL,resume_raw_skill,06_skills:66510,Requirements Transformation,unresolved,0.4968804084902648,0,27
UNKNOWN_SKILL,resume_raw_skill,06_skills:149026,publicity,unresolved,0.4816232162845468,0,9
UNKNOWN_SKILL,resume_raw_skill,06_skills:150726,Received perfect attendance award,unresolved,0.3028741856345497,0,33
UNKNOWN_SKILL,resume_raw_skill,06_skills:108096,Planning front end projects,unresolved,0.4847643103704034,0,27
UNKNOWN_SKILL,resume_raw_skill,06_skills:71674,Managed Verizon Business relationship and purchased phones/equipment,unresolved,0.5058056436344092,0,68
UNKNOWN_SKILL,resume_raw_skill,06_skills:149394,Managing and monitoring scheduling activities and plans,unresolved,0.49266712378031374,0,55
UNKNOWN_SKILL,resume_raw_skill,06_skills:73008,ImageRight,unresolved,0.37775290139373613,0,10
UNKNOWN_SKILL,resume_raw_skill,06_skills:114429,"Create on going file sharing detailed build tracking documentation on all customers for future upgrades, tracking inventory and to properly capture all information that makes their IT network operate",unresolved,0.31928445249087006,0,199
UNKNOWN_SKILL,resume_raw_skill,06_skills:155779,"Worked with employees to migrate their Data, Mainframe, Office, and all other settings",unresolved,0.34957712798724627,0,86
UNKNOWN_SKILL,resume_raw_skill,06_skills:44998,"Adobe Creative Suite (PhotoShop, Illustrator, InDesign)",unresolved,0.5349787578287383,0,55
UNKNOWN_SKILL,resume_raw_skill,06_skills:146657,VBA apps Development and maintenance of applications,unresolved,0.5699251458816863,0,52
SKILL_0503,resume_raw_skill,06_skills:192250,Knowledge base management,embedding,0.8301464654142975,0,25
SKILL_0452,resume_raw_skill,06_skills:34325,automated deployment,embedding,0.664021119005039,0,20
UNKNOWN_SKILL,resume_raw_skill,06_skills:123655,Automated Message Handling System (AMHS),unresolved,0.40830878518189945,0,40
UNKNOWN_SKILL,resume_raw_skill,06_skills:225795,"Adjusted the YMS system to grant easier access by other clerks and more control over trip information input and organization (Faster scheduling, fewer operators, fewer errors)",unresolved,0.2628351175708394,0,175
UNKNOWN_SKILL,resume_raw_skill,06_skills:56527,Quest Tools,unresolved,0.5037615465393024,0,11
SKILL_0487,resume_raw_skill,06_skills:212377,Macromedia Flash,embedding,0.6504548816872215,0,16
UNKNOWN_SKILL,resume_raw_skill,06_skills:219324,LAN/ WAN topology and Configuration,unresolved,0.4710988244238003,0,35
UNKNOWN_SKILL,resume_raw_skill,06_skills:194192,Installation and maintenance of cellular towers,unresolved,0.3924507657811658,0,47
UNKNOWN_SKILL,resume_raw_skill,06_skills:179807,job billing,unresolved,0.38113664468006475,0,11
UNKNOWN_SKILL,resume_raw_skill,06_skills:67047,Perform and manage small to large network design,unresolved,0.4134224532818634,0,48
UNKNOWN_SKILL,resume_raw_skill,06_skills:33422,CSS3 preprocessors styling such as SASS,unresolved,0.38448158820799544,0,39
UNKNOWN_SKILL,resume_raw_skill,06_skills:153938,security alert analysis and triage,unresolved,0.48462419940489726,0,34
UNKNOWN_SKILL,resume_raw_skill,06_skills:169605,Led teams that supported the integration of Health Net membership into Centene core systems,unresolved,0.3983929640104659,0,91
UNKNOWN_SKILL,resume_raw_skill,06_skills:200197,DiffServ,unresolved,0.29719214490631185,0,8
UNKNOWN_SKILL,resume_raw_skill,06_skills:81056,Modify file attributes,unresolved,0.35727618567720876,0,22
UNKNOWN_SKILL,resume_raw_skill,06_skills:99402,Tier 1 support and maintenance to escalate to 3rd party IT company,unresolved,0.47554949954511,0,66
UNKNOWN_SKILL,resume_raw_skill,06_skills:218991,Active Directory capabilities,unresolved,0.4032913709455636,0,29
UNKNOWN_SKILL,resume_raw_skill,06_skills:84997,Benchmarking Studies,unresolved,0.5635832934190701,0,20
UNKNOWN_SKILL,resume_raw_skill,06_skills:158899,Create/Build new projects,unresolved,0.4970830989209472,0,25
UNKNOWN_SKILL,resume_raw_skill,06_skills:118599,Working directly with customers and patrons,unresolved,0.39800679107580744,0,43
UNKNOWN_SKILL,resume_raw_skill,06_skills:117430,NCIS,unresolved,0.40739255113400125,0,4
UNKNOWN_SKILL,resume_raw_skill,06_skills:138128,MULTITHREADING,unresolved,0.3604942622838577,0,14
SKILL_0511,resume_raw_skill,06_skills:207061,Asana and Monday Project Management Tools,embedding,0.6670347955760374,0,41
SKILL_0532,resume_raw_skill,06_skills:103975,Software configuration,embedding,0.7599804824034473,0,22
UNKNOWN_SKILL,resume_raw_skill,06_skills:221983,Project Kick off meetings,unresolved,0.39252161423529186,0,25
UNKNOWN_SKILL,resume_raw_skill,06_skills:183970,Answering inquiries regarding information,unresolved,0.38349812215741746,0,41
UNKNOWN_SKILL,resume_raw_skill,06_skills:142791,Web Inspect scans,unresolved,0.5847194906594299,0,17
UNKNOWN_SKILL,resume_raw_skill,06_skills:33919,Transferred data after reloading OS,unresolved,0.39425912519079864,0,35
UNKNOWN_SKILL,resume_raw_skill,06_skills:59231,"Handling Calls, chat and email requests",unresolved,0.27623922383293337,0,39
UNKNOWN_SKILL,resume_raw_skill,06_skills:117439,software and desktop deployment,unresolved,0.6468526246806681,0,31
UNKNOWN_SKILL,resume_raw_skill,06_skills:130894,Imaging PC with Windows Vista then migrating to Windows 7 along with office 2003 to 2010,unresolved,0.2223190486288865,0,88
SKILL_0332,resume_raw_skill,06_skills:17311,UI specifications,embedding,0.6929295606499002,0,17
UNKNOWN_SKILL,resume_raw_skill,06_skills:192586,online presence management,unresolved,0.5348097428143455,0,26
UNKNOWN_SKILL,resume_raw_skill,06_skills:138844,Interventions treatment,unresolved,0.29327754915867305,0,23
UNKNOWN_SKILL,resume_raw_skill,06_skills:13263,Sales Systems,unresolved,0.4768117704346588,0,13
UNKNOWN_SKILL,resume_raw_skill,06_skills:142365,Transnexus,unresolved,0.31069015431466407,0,10
SKILL_0528,resume_raw_skill,06_skills:185961,High Level System Design,embedding,0.6551146930299188,0,24
UNKNOWN_SKILL,resume_raw_skill,06_skills:128988,AZURE Cosmos DB,unresolved,0.376742449811955,0,15
SKILL_0255,resume_raw_skill,06_skills:172370,Data restore,embedding,1.0000000000000002,0,12
UNKNOWN_SKILL,resume_raw_skill,06_skills:220556,Perform trainer QA evaluations to ensure compliance with technical orders and manufacturer specification sheets,unresolved,0.41519411605230105,0,111
UNKNOWN_SKILL,resume_raw_skill,06_skills:78521,Watson Studio,unresolved,0.5543882425191069,0,13
UNKNOWN_SKILL,resume_raw_skill,06_skills:60764,Receive payments from customers,unresolved,0.4079041350985244,0,31
UNKNOWN_SKILL,resume_raw_skill,06_skills:184366,OWB 11g,unresolved,0.1997045349789166,0,7
UNKNOWN_SKILL,resume_raw_skill,06_skills:134738,Generate Health check report monthly,unresolved,0.3962584272747351,0,36
UNKNOWN_SKILL,resume_raw_skill,06_skills:98200,application implementation,unresolved,0.6179347674105645,0,26
UNKNOWN_SKILL,resume_raw_skill,06_skills:127621,Database migration (on-prem to AWS Cloud),unresolved,0.5446498717432408,0,41
UNKNOWN_SKILL,resume_raw_skill,06_skills:193332,"set up and maintain material masters, bills of material, labor routings and production versions",unresolved,0.39683834280184593,0,95
UNKNOWN_SKILL,resume_raw_skill,06_skills:127101,Develop Positive and Negative test cases,unresolved,0.4501962799077212,0,40
SKILL_0316,resume_raw_skill,06_skills:27122,System management,embedding,0.7084808080246926,0,17
UNKNOWN_SKILL,resume_raw_skill,06_skills:49991,macOS Mojave,unresolved,0.19162539081567814,0,12
UNKNOWN_SKILL,resume_raw_skill,06_skills:224511,High-Tech practice SharePoint blog,unresolved,0.3167814544881667,0,34
UNKNOWN_SKILL,resume_raw_skill,06_skills:28225,Granite System,unresolved,0.4532989471521952,0,14
SKILL_0315,resume_raw_skill,06_skills:71346,Networking Engineering,embedding,0.8816680414144187,0,22
UNKNOWN_SKILL,resume_raw_skill,06_skills:185571,"Coordination with Various VENDORS and ISP'S Timely, Maintaining 99 % Uptime",unresolved,0.33346980472046633,0,75
UNKNOWN_SKILL,resume_raw_skill,06_skills:33344,Web Views,unresolved,0.4369551154366355,0,9
UNKNOWN_SKILL,resume_raw_skill,06_skills:78511,"Plan, evaluate, and revise curricula",unresolved,0.3579983414883599,0,36
SKILL_0254,resume_raw_skill,06_skills:185358,Administrative tasks,embedding,0.7953392294803926,0,20
UNKNOWN_SKILL,resume_raw_skill,06_skills:107046,Closure Templates,unresolved,0.1832855735897132,0,17
UNKNOWN_SKILL,resume_raw_skill,06_skills:60209,Import/Export Wizard,unresolved,0.34052424534216813,0,20
UNKNOWN_SKILL,resume_raw_skill,06_skills:223545,Test and improve delivery method of lab test output from Epic through all interfaced to Cerner Millennium,unresolved,0.34300102791821746,0,105
UNKNOWN_SKILL,resume_raw_skill,06_skills:100748,"Assisted the initial IT ""swat team"" with the installation, configuration and maintenance of the operational equipment (PCs, printers, switches and routers, etc.) in the first five remote FAMS field office locations",unresolved,0.33865538579107435,0,214
UNKNOWN_SKILL,resume_raw_skill,06_skills:19881,uPerform,unresolved,0.5862353549358092,0,8
UNKNOWN_SKILL,resume_raw_skill,06_skills:23287,MNPI,unresolved,0.3165058282884434,0,4
SKILL_0630,resume_raw_skill,06_skills:109017,PMO Initiative,embedding,0.7826183344053725,0,14
UNKNOWN_SKILL,resume_raw_skill,06_skills:70162,Firebase Cloud Messaging,unresolved,0.35911463080443967,0,24
UNKNOWN_SKILL,resume_raw_skill,06_skills:141585,Creating quality mockups and prototypes on tight timelines,unresolved,0.34220762966756435,0,58
UNKNOWN_SKILL,resume_raw_skill,06_skills:119081,Provide support and training for reinstalling and updating Microsoft and Macintosh Operating Systems and software programs,unresolved,0.40368814194999664,0,122
UNKNOWN_SKILL,resume_raw_skill,06_skills:31604,Analyze application and contract data for groups and facilities to ensure data accuracy,unresolved,0.40309371774461666,0,87
SKILL_0207,resume_raw_skill,06_skills:64856,CSLA Architecture,embedding,0.7905493314484952,0,17
UNKNOWN_SKILL,resume_raw_skill,06_skills:62058,"Lead weekly, monthly, and quarterly project status update meetings with clients and company executives",unresolved,0.3062299709980347,0,102
UNKNOWN_SKILL,resume_raw_skill,06_skills:70382,customer behavior prediction,unresolved,0.4185338907604754,0,28
UNKNOWN_SKILL,resume_raw_skill,06_skills:165984,Material and Equipment Coordination,unresolved,0.4846878943654392,0,35
UNKNOWN_SKILL,resume_raw_skill,06_skills:17588,File transfers,unresolved,0.42407371678425293,0,14
UNKNOWN_SKILL,resume_raw_skill,06_skills:90709,Traefik,unresolved,0.22732445335599952,0,7
UNKNOWN_SKILL,resume_raw_skill,06_skills:29865,Arduino IDE,unresolved,0.5961495364205778,0,11
UNKNOWN_SKILL,resume_raw_skill,06_skills:102738,IT equipment and application research and selection,unresolved,0.46392637883694343,0,51
UNKNOWN_SKILL,resume_raw_skill,06_skills:123278,HSPD-12 PIV smart card enforcement,unresolved,0.36473223718640485,0,34
UNKNOWN_SKILL,resume_raw_skill,06_skills:105944,Solarwinds LEM,unresolved,0.24010404792298992,0,14
UNKNOWN_SKILL,resume_raw_skill,06_skills:18968,Laboratory testing,unresolved,0.38297573935486107,0,18
UNKNOWN_SKILL,resume_raw_skill,06_skills:71498,PC Rollout,unresolved,0.2920212050266726,0,10
UNKNOWN_SKILL,resume_raw_skill,06_skills:145021,Cronjob Scheduling,unresolved,0.6497796357312133,0,18
UNKNOWN_SKILL,resume_raw_skill,06_skills:106397,Remote domain administration,unresolved,0.6406230130688393,0,28
UNKNOWN_SKILL,resume_raw_skill,06_skills:127276,"Configure, troubleshoot and maintain access lists for switches and routers",unresolved,0.46026603923698095,0,74
UNKNOWN_SKILL,resume_raw_skill,06_skills:159078,File Integrity Logging,unresolved,0.5556532143789782,0,22
UNKNOWN_SKILL,resume_raw_skill,06_skills:90992,network device replacement,unresolved,0.4950998972868611,0,26
UNKNOWN_SKILL,resume_raw_skill,06_skills:107868,desktops,unresolved,0.5131546429048836,0,8
UNKNOWN_SKILL,resume_raw_skill,06_skills:116936,"Performed administrative duties including sorting, copying, faxing, scanning, and filing",unresolved,0.3682433520934937,0,88
UNKNOWN_SKILL,resume_raw_skill,06_skills:125447,"Recruited, and managed held desk and development team",unresolved,0.40148869267346843,0,53
UNKNOWN_SKILL,resume_raw_skill,06_skills:9253,Operating system and configuration support,unresolved,0.6244244999209632,0,42
UNKNOWN_SKILL,resume_raw_skill,06_skills:182472,Business incites,unresolved,0.5371248068522699,0,16
UNKNOWN_SKILL,resume_raw_skill,06_skills:151376,annual accounting audit reports,unresolved,0.3602682254947916,0,31
UNKNOWN_SKILL,resume_raw_skill,06_skills:94262,Place orders to replenish stock avoiding insufficiencies or excessive surplus,unresolved,0.2682144194010756,0,77
UNKNOWN_SKILL,resume_raw_skill,06_skills:66167,SCCM 2012 Configuration and Administration,unresolved,0.6389681917935838,0,42
SKILL_0087,resume_raw_skill,06_skills:58522,Supervise and motivate Support personnel,embedding,0.7783524146684822,0,40
UNKNOWN_SKILL,resume_raw_skill,06_skills:81226,Design artwork and flyers,unresolved,0.4735254928392684,0,25
UNKNOWN_SKILL,resume_raw_skill,06_skills:7962,NIST 800-66 rev 1,unresolved,0.17616871314476248,0,17
UNKNOWN_SKILL,resume_raw_skill,06_skills:34796,Researched on updated available telecom passive equipment and implementation,unresolved,0.3224432436317475,0,76
UNKNOWN_SKILL,resume_raw_skill,06_skills:9181,risk register,unresolved,0.4097565754809825,0,13
SKILL_0091,resume_raw_skill,06_skills:71684,Monitoring and database performance,embedding,0.6559760673485064,0,35
SKILL_0511,resume_raw_skill,06_skills:199526,Project Management Platform,embedding,0.738622441856953,0,27
UNKNOWN_SKILL,resume_raw_skill,06_skills:71756,Recycler view,unresolved,0.38244198796022977,0,13
UNKNOWN_SKILL,resume_raw_skill,06_skills:94675,Inbound and outbound deliveries,unresolved,0.34378540577424593,0,31
UNKNOWN_SKILL,resume_raw_skill,06_skills:198415,"Languages: HTML, JavaScript, JQuery, Bootstrap, CSS3",unresolved,0.4666466841251019,0,52
UNKNOWN_SKILL,resume_raw_skill,06_skills:98591,DIACAP packages,unresolved,0.49095589586055316,0,15
UNKNOWN_SKILL,resume_raw_skill,06_skills:37487,AppTransaction Xpert,unresolved,0.2561410716848846,0,20
SKILL_0199,resume_raw_skill,06_skills:213087,training processes implementation,embedding,0.6648728054040667,0,33
UNKNOWN_SKILL,resume_raw_skill,06_skills:95206,"Evaluated requirement, consumer use, functionality, design, and production of applications",unresolved,0.351984637257571,0,90
UNKNOWN_SKILL,resume_raw_skill,06_skills:48299,Testifies in court,unresolved,0.3994726222566882,0,18
UNKNOWN_SKILL,resume_raw_skill,06_skills:138776,Purchasing of hardware,unresolved,0.5847279649975153,0,22
UNKNOWN_SKILL,resume_raw_skill,06_skills:195679,"Transfer weblog data from flat file source to SQL server database with bulk insert, cleaning data and develop reports",unresolved,0.34640009147611545,0,117
UNKNOWN_SKILL,resume_raw_skill,06_skills:65348,IBM WebSphere 7,unresolved,0.5002883213924617,0,15
SKILL_0111,resume_raw_skill,06_skills:62971,O365 Security Assessment,embedding,0.6718148104638727,0,24
SKILL_0446,resume_raw_skill,06_skills:11717,Oracle 9.1,embedding,0.7821656052180087,0,10
SKILL_0079,resume_raw_skill,06_skills:218978,Virtual Machine,embedding,0.6998314205825611,0,15
UNKNOWN_SKILL,resume_raw_skill,06_skills:138810,IT Project Director,unresolved,0.49586912431021624,0,19
UNKNOWN_SKILL,resume_raw_skill,06_skills:27167,business strategies,unresolved,0.4961975667205215,0,19
SKILL_0565,resume_raw_skill,06_skills:96686,accuracy,embedding,0.7786910626547814,0,8
UNKNOWN_SKILL,resume_raw_skill,06_skills:152307,Customer / User Support,unresolved,0.6291213460490261,0,23
UNKNOWN_SKILL,resume_raw_skill,06_skills:177047,Active Directory and Exchange 2010,unresolved,0.391598024589887,0,34
UNKNOWN_SKILL,resume_raw_skill,06_skills:168035,Portal builder,unresolved,0.45116154382877505,0,14
SKILL_0268,resume_raw_skill,06_skills:191584,ASP.NET 4,embedding,0.9249726629609519,0,9
SKILL_0004,resume_raw_skill,06_skills:174241,IT Infrastructure Architecture,embedding,0.9771793561124665,0,30
UNKNOWN_SKILL,resume_raw_skill,06_skills:115522,Oracle Exadata Database x6 Machines (Half Rack),unresolved,0.43226515405382215,0,47
UNKNOWN_SKILL,resume_raw_skill,06_skills:16991,network resources,unresolved,0.5928275682565565,0,17
UNKNOWN_SKILL,resume_raw_skill,06_skills:147780,REDO LOG,unresolved,0.35281113746239356,0,8
UNKNOWN_SKILL,resume_raw_skill,06_skills:147722,Large scale software deployments via SMS,unresolved,0.6001391645782043,0,40
UNKNOWN_SKILL,resume_raw_skill,06_skills:59943,Monitoring concurrent manager processing,unresolved,0.4746865241919355,0,40
UNKNOWN_SKILL,resume_raw_skill,06_skills:45199,Upgraded oracle from 11g to 12c,unresolved,0.48969578358530497,0,31
UNKNOWN_SKILL,resume_raw_skill,06_skills:117328,Rich Media Display Ads,unresolved,0.49076517163900957,0,22
UNKNOWN_SKILL,resume_raw_skill,06_skills:172479,General Sales & Customer Service,unresolved,0.344900857420189,0,32
UNKNOWN_SKILL,resume_raw_skill,06_skills:89570,Digital Strategy,unresolved,0.559531489212643,0,16
UNKNOWN_SKILL,resume_raw_skill,06_skills:162679,Adobe,unresolved,0.5371280373165587,0,5
UNKNOWN_SKILL,resume_raw_skill,06_skills:192775,Developed a web client for stores to map product locations,unresolved,0.3383739761843562,0,58
UNKNOWN_SKILL,resume_raw_skill,06_skills:173928,Cloud and Internet based applications support,unresolved,0.5176194667266634,0,45
UNKNOWN_SKILL,resume_raw_skill,06_skills:221609,Created cross-browser and mobile responsive designs and development projects,unresolved,0.3217755929494822,0,76
UNKNOWN_SKILL,resume_raw_skill,06_skills:210339,Auditions,unresolved,0.42993999624219686,0,9
UNKNOWN_SKILL,resume_raw_skill,06_skills:148711,RPOS III Support,unresolved,0.44354259109372896,0,16
UNKNOWN_SKILL,resume_raw_skill,06_skills:162465,IP Element Management Systems,unresolved,0.6341679716162313,0,29
UNKNOWN_SKILL,resume_raw_skill,06_skills:82602,Shadowboxes,unresolved,0.35355093737863064,0,11
UNKNOWN_SKILL,resume_raw_skill,06_skills:117056,CA service desk,unresolved,0.46297375296721904,0,15
UNKNOWN_SKILL,resume_raw_skill,06_skills:151027,Creating copies of databases for development and test environments,unresolved,0.5779236377890217,0,66
UNKNOWN_SKILL,resume_raw_skill,06_skills:50346,Helpdesk level 3 support,unresolved,0.37046660690614985,0,24
UNKNOWN_SKILL,resume_raw_skill,06_skills:114461,Performed activities like monitoring the database and provide maximum uptime,unresolved,0.3641331074033949,0,76
UNKNOWN_SKILL,resume_raw_skill,06_skills:145474,Medical systems design/installation/support,unresolved,0.455258360377322,0,43
UNKNOWN_SKILL,resume_raw_skill,06_skills:106873,JBoss 7.0,unresolved,0.21988445494582032,0,9
UNKNOWN_SKILL,resume_raw_skill,06_skills:118934,Number of Bugs,unresolved,0.5928602076716201,0,14
UNKNOWN_SKILL,resume_raw_skill,06_skills:24272,Define product vision,unresolved,0.40371494989748635,0,21
UNKNOWN_SKILL,resume_raw_skill,06_skills:2411,Sales tax,unresolved,0.33945597913393827,0,9
UNKNOWN_SKILL,resume_raw_skill,06_skills:199458,Checked and repaired wiring systems for all building interior electrical equipment and lighting fixtures,unresolved,0.41612131826573606,0,104
UNKNOWN_SKILL,resume_raw_skill,06_skills:196196,Implemented an iterative design process,unresolved,0.5829168795734502,0,39
UNKNOWN_SKILL,resume_raw_skill,06_skills:105091,Conducted internet-based and library research of primary and secondary sources,unresolved,0.43042604543640806,0,78
UNKNOWN_SKILL,resume_raw_skill,06_skills:17258,tour budgeting,unresolved,0.3865605612938967,0,14
UNKNOWN_SKILL,resume_raw_skill,06_skills:139774,Provide technical escalation expertise for database system problems,unresolved,0.4507368803148162,0,67
UNKNOWN_SKILL,resume_raw_skill,06_skills:161938,Involved in multiple application development projects,unresolved,0.413258651921734,0,53
UNKNOWN_SKILL,resume_raw_skill,06_skills:65679,PL/SQL and TSQL Unit Programming,unresolved,0.46112760665361335,0,32
UNKNOWN_SKILL,resume_raw_skill,06_skills:181935,Evaluate software and tools and create software images,unresolved,0.5597008648859823,0,54
UNKNOWN_SKILL,resume_raw_skill,06_skills:215303,"Responsible for the maintenance, security, upkeep, supervision, and customer technical support for 125 NMCI and 50 classified computer network assets and support equipment",unresolved,0.3408656337093146,0,171
UNKNOWN_SKILL,resume_raw_skill,06_skills:73935,FRD specs,unresolved,0.3796840844203798,0,9
UNKNOWN_SKILL,resume_raw_skill,06_skills:84989,"Installing Configuring and Administration of RAID Controllers, RAID Array (Level 0, 1, 5)",unresolved,0.35647084004696145,0,89
UNKNOWN_SKILL,resume_raw_skill,06_skills:41062,Successfully lead the IT team including the installation of an EHR clinical solution and financial application,unresolved,0.3254784846893852,0,110
UNKNOWN_SKILL,resume_raw_skill,06_skills:209604,Hard drive imaging,unresolved,0.42112474861439164,0,18
UNKNOWN_SKILL,resume_raw_skill,06_skills:217161,Understands supply chain data and logistics processes,unresolved,0.5657822472984521,0,53
UNKNOWN_SKILL,resume_raw_skill,06_skills:92457,Unifi Switches,unresolved,0.3151177069456805,0,14
UNKNOWN_SKILL,resume_raw_skill,06_skills:198792,Validated the upgrade of software and hardware controlling chromatography systems in a pharmaceutical manufacturing environment,unresolved,0.4675149559784251,0,127
SKILL_0532,resume_raw_skill,06_skills:218400,System Configuration Streamlining,embedding,0.6517530144457089,0,33
