skillUri,sector,tier,relationType,matchedOn,priority,match_count,reason
http://data.europa.eu/esco/skill/ccd0a1d9-afda-43d9-b901-96344886e14d,IT/Software - Software Development,A-occupation,optional,software analyst,1.0,12.0,weak signal (label-only or optional-relation)
http://data.europa.eu/esco/skill/72a74f69-5cf1-43c5-99b9-62a444578919,IT/Software - Software Development,A-occupation,essential,software developer,0.0,1.0,cut by per-sector cap - candidate for manual promotion
http://data.europa.eu/esco/skill/4fabca9a-7435-4f33-b1da-3cdb00340fdc,IT/Software - Software Development,A-occupation,essential,software developer,0.0,1.0,cut by per-sector cap - candidate for manual promotion
http://data.europa.eu/esco/skill/541561bc-510c-4a99-881c-2d8bf5a85462,IT/Software - Software Development,A-occupation,essential,software developer,0.0,1.0,cut by per-sector cap - candidate for manual promotion
http://data.europa.eu/esco/skill/6a899482-8bcf-40ca-ae67-579a1cc467ab,IT/Software - Software Development,A-occupation,essential,software developer,0.0,1.0,cut by per-sector cap - candidate for manual promotion
http://data.europa.eu/esco/skill/3a5231a0-8c30-48ee-b671-08e2debd4441,IT/Software - Software Development,A-occupation,essential,software manager,0.0,1.0,cut by per-sector cap - candidate for manual promotion
http://data.europa.eu/esco/skill/c7cc6dc5-d56b-4323-8e5c-47c4022f615f,IT/Software - Software Development,A-occupation,essential,software manager,0.0,1.0,cut by per-sector cap - candidate for manual promotion
http://data.europa.eu/esco/skill/fb7aee4d-f6c6-4a87-8e9d-8e542b3771f8,IT/Software - Software Development,A-occupation,essential,software manager,0.0,1.0,cut by per-sector cap - candidate for manual promotion
http://data.europa.eu/esco/skill/07e47d58-dd0e-4302-9e68-70a188e89065,IT/Software - Software Development,A-occupation,essential,software manager,0.0,1.0,cut by per-sector cap - candidate for manual promotion
http://data.europa.eu/esco/skill/248894d1-42dc-474f-af6e-2da52ac0c679,IT/Software - Software Development,A-occupation,essential,software manager,0.0,1.0,cut by per-sector cap - candidate for manual promotion
http://data.europa.eu/esco/skill/6430eb0d-c6de-46b7-a7fc-3dd2e8e62a69,IT/Software - Software Development,A-occupation,essential,software manager,0.0,1.0,cut by per-sector cap - candidate for manual promotion
http://data.europa.eu/esco/skill/7a17d7ce-01a2-4746-bbcc-22ffe22fa16e,IT/Software - Software Development,A-occupation,essential,software manager,0.0,1.0,cut by per-sector cap - candidate for manual promotion
http://data.europa.eu/esco/skill/9707091a-323b-4240-877a-5999a19286f0,IT/Software - Software Development,A-occupation,essential,software manager,0.0,1.0,cut by per-sector cap - candidate for manual promotion
http://data.europa.eu/esco/skill/9ff9db9d-d14b-426e-83f3-e7449af6c79f,IT/Software - Software Development,A-occupation,essential,software manager,0.0,1.0,cut by per-sector cap - candidate for manual promotion
http://data.europa.eu/esco/skill/ab20726a-14dd-4536-9aa1-6166bc1a5832,IT/Software - Software Development,A-occupation,essential,software manager,0.0,1.0,cut by per-sector cap - candidate for manual promotion
http://data.europa.eu/esco/skill/b8271c8a-cba6-4baa-80f5-6361af3f07e3,IT/Software - Software Development,A-occupation,essential,software manager,0.0,1.0,cut by per-sector cap - candidate for manual promotion
http://data.europa.eu/esco/skill/04f1b938-d4d4-4cb1-a863-982af76b9d93,IT/Software - Software Development,A-occupation,optional,software analyst,1.0,12.0,cut by per-sector cap - candidate for manual promotion
http://data.europa.eu/esco/skill/0ccdfe98-f845-4598-84a1-3dca66e9d9a3,IT/Software - Software Development,A-occupation,optional,software analyst,1.0,12.0,cut by per-sector cap - candidate for manual promotion
http://data.europa.eu/esco/skill/0de61385-de6d-4146-ba32-1cc1bc102220,IT/Software - Software Development,A-occupation,optional,software analyst,1.0,12.0,cut by per-sector cap - candidate for manual promotion
http://data.europa.eu/esco/skill/4350c38d-0fe9-4ca7-bab9-40ed7f72b04f,IT/Software - Software Development,A-occupation,optional,software analyst,1.0,12.0,cut by per-sector cap - candidate for manual promotion
http://data.europa.eu/esco/skill/47b9bbcf-356c-4782-83a4-7f5a1b2b51a3,IT/Software - Software Development,A-occupation,optional,software analyst,1.0,12.0,cut by per-sector cap - candidate for manual promotion
http://data.europa.eu/esco/skill/52cf3037-ab53-4806-85ed-7fd21ea7f6a1,IT/Software - Software Development,A-occupation,optional,software analyst,1.0,12.0,cut by per-sector cap - candidate for manual promotion
http://data.europa.eu/esco/skill/56a7f561-1d55-43c9-9cd7-36a0a9bc6c50,IT/Software - Software Development,A-occupation,optional,software analyst,1.0,12.0,cut by per-sector cap - candidate for manual promotion
http://data.europa.eu/esco/skill/867137fb-ff1b-4ca3-99f3-cb6969aa2c68,IT/Software - Software Development,A-occupation,optional,software analyst,1.0,12.0,cut by per-sector cap - candidate for manual promotion
http://data.europa.eu/esco/skill/b633eb55-8f1f-4ae6-ab4c-2022ffe2cb7f,IT/Software - Software Development,A-occupation,optional,software analyst,1.0,12.0,cut by per-sector cap - candidate for manual promotion
http://data.europa.eu/esco/skill/be80acfc-b6f2-4411-9b8d-b19d9cd2556a,IT/Software - Software Development,A-occupation,optional,software analyst,1.0,12.0,cut by per-sector cap - candidate for manual promotion
http://data.europa.eu/esco/skill/c3a03c5a-c260-4c26-9b9a-873abb396f4d,IT/Software - Software Development,A-occupation,optional,software analyst,1.0,12.0,cut by per-sector cap - candidate for manual promotion
http://data.europa.eu/esco/skill/ffddfc7c-a9dd-449f-9e96-882dc447c8b6,IT/Software - Software Development,A-occupation,optional,software analyst,1.0,12.0,cut by per-sector cap - candidate for manual promotion
http://data.europa.eu/esco/skill/000f1d3d-220f-4789-9c0a-cc742521fb02,IT/Software - Software Development,A-occupation,optional,software analyst,1.0,11.0,cut by per-sector cap - candidate for manual promotion
http://data.europa.eu/esco/skill/0cd6dcf1-5778-42a5-b685-4d01ae4a4871,IT/Software - Software Development,A-occupation,optional,software analyst,1.0,11.0,cut by per-sector cap - candidate for manual promotion
http://data.europa.eu/esco/skill/13bdd41a-2a18-441f-96db-41252c519413,IT/Software - Software Development,A-occupation,optional,software analyst,1.0,11.0,cut by per-sector cap - candidate for manual promotion
http://data.europa.eu/esco/skill/2bde42ae-e776-41c1-9ded-b07b30bfe985,IT/Software - Software Development,A-occupation,optional,software analyst,1.0,11.0,cut by per-sector cap - candidate for manual promotion
http://data.europa.eu/esco/skill/300d432b-f457-4cd3-9cb1-1858c7d14954,IT/Software - Software Development,A-occupation,optional,software analyst,1.0,11.0,cut by per-sector cap - candidate for manual promotion
http://data.europa.eu/esco/skill/401eb8d8-6daa-4f8b-90ad-60afc71eb4f8,IT/Software - Software Development,A-occupation,optional,software analyst,1.0,11.0,cut by per-sector cap - candidate for manual promotion
http://data.europa.eu/esco/skill/4c016b68-4116-468c-9dc6-42710c239e4a,IT/Software - Software Development,A-occupation,optional,software analyst,1.0,11.0,cut by per-sector cap - candidate for manual promotion
http://data.europa.eu/esco/skill/51586df8-1c46-4b47-8583-773cb63bf00b,IT/Software - Software Development,A-occupation,optional,software analyst,1.0,11.0,cut by per-sector cap - candidate for manual promotion
http://data.europa.eu/esco/skill/58d7a289-dafd-4363-833f-d1dc4140885e,IT/Software - Software Development,A-occupation,optional,software analyst,1.0,11.0,cut by per-sector cap - candidate for manual promotion
http://data.europa.eu/esco/skill/9973a5a2-7822-4161-99e9-95c781eb63f8,IT/Software - Software Development,A-occupation,optional,software analyst,1.0,11.0,cut by per-sector cap - candidate for manual promotion
http://data.europa.eu/esco/skill/a4d336a6-9ffd-402a-91cc-f359716ba4e0,IT/Software - Software Development,A-occupation,optional,software analyst,1.0,11.0,cut by per-sector cap - candidate for manual promotion
http://data.europa.eu/esco/skill/b4dc6e4f-dc7d-445f-8ce2-d7b9d225e282,IT/Software - Software Development,A-occupation,optional,software analyst,1.0,11.0,cut by per-sector cap - candidate for manual promotion
http://data.europa.eu/esco/skill/bb99af26-71ff-4dca-bde7-1eb1f6194426,IT/Software - Software Development,A-occupation,optional,software analyst,1.0,11.0,cut by per-sector cap - candidate for manual promotion
http://data.europa.eu/esco/skill/d56fc2b5-4b0a-4e7e-9bde-a33736f6ff18,IT/Software - Software Development,A-occupation,optional,software analyst,1.0,11.0,cut by per-sector cap - candidate for manual promotion
http://data.europa.eu/esco/skill/dcdd5ddf-82a6-4ac3-8edc-d4b23cae9a88,IT/Software - Software Development,A-occupation,optional,software analyst,1.0,11.0,cut by per-sector cap - candidate for manual promotion
http://data.europa.eu/esco/skill/def007fa-5fed-4a5f-91a2-b0d7e3db1be1,IT/Software - Software Development,A-occupation,optional,software analyst,1.0,11.0,cut by per-sector cap - candidate for manual promotion
http://data.europa.eu/esco/skill/e8b89eb6-51e8-4c3a-babb-88b2e110376b,IT/Software - Software Development,A-occupation,optional,software analyst,1.0,11.0,cut by per-sector cap - candidate for manual promotion
http://data.europa.eu/esco/skill/eb0e5615-1575-4a86-a1a2-7d39595033c5,IT/Software - Software Development,A-occupation,optional,software analyst,1.0,11.0,cut by per-sector cap - candidate for manual promotion
http://data.europa.eu/esco/skill/8369ede5-4200-4a44-be2e-bc60ef959259,IT/Software - Software Development,A-occupation,optional,mobile application developer,1.0,10.0,cut by per-sector cap - candidate for manual promotion
http://data.europa.eu/esco/skill/993b1e23-f2de-4bd8-b33f-f86dde1c8e9d,IT/Software - Software Development,A-occupation,optional,software analyst,1.0,9.0,cut by per-sector cap - candidate for manual promotion
http://data.europa.eu/esco/skill/0d168770-4d9c-4096-b048-a6577818d306,IT/Software - Software Development,A-occupation,optional,mobile application developer,1.0,9.0,cut by per-sector cap - candidate for manual promotion
http://data.europa.eu/esco/skill/6417a4cc-6f61-4459-a114-761a7fa0279d,IT/Software - Software Development,A-occupation,optional,mobile application developer,1.0,9.0,cut by per-sector cap - candidate for manual promotion
http://data.europa.eu/esco/skill/69f0167e-75d9-46cf-847f-72a592880ebb,IT/Software - Software Development,A-occupation,optional,mobile application developer,1.0,9.0,cut by per-sector cap - candidate for manual promotion
http://data.europa.eu/esco/skill/6b6a9252-2ed7-4862-a02f-1578f4a532ea,IT/Software - Software Development,A-occupation,optional,mobile application developer,1.0,9.0,cut by per-sector cap - candidate for manual promotion
http://data.europa.eu/esco/skill/6f8a40d6-f9ce-43ec-a72f-d4213a53f3ed,IT/Software - Software Development,A-occupation,optional,mobile application developer,1.0,9.0,cut by per-sector cap - candidate for manual promotion
http://data.europa.eu/esco/skill/c7451027-8249-405a-bb1b-342ff0f3fb3b,IT/Software - Software Development,A-occupation,optional,mobile application developer,1.0,9.0,cut by per-sector cap - candidate for manual promotion
http://data.europa.eu/esco/skill/f47a1998-0beb-43be-9f46-380aa4d183da,IT/Software - Software Development,A-occupation,optional,mobile application developer,1.0,9.0,cut by per-sector cap - candidate for manual promotion
http://data.europa.eu/esco/skill/5b9cde20-f1b9-4adc-bfb3-dbf70b14138d,IT/Software - Software Development,A-occupation,optional,mobile application developer,1.0,9.0,cut by per-sector cap - candidate for manual promotion
http://data.europa.eu/esco/skill/034c29fa-c3ba-45ea-b8f3-bf8e3705e386,IT/Software - Software Development,A-occupation,optional,software analyst,1.0,8.0,cut by per-sector cap - candidate for manual promotion
http://data.europa.eu/esco/skill/42ed3bfb-1a01-4c8b-9758-fc6438865734,IT/Software - Software Development,A-occupation,optional,software analyst,1.0,8.0,cut by per-sector cap - candidate for manual promotion
http://data.europa.eu/esco/skill/f5308e60-d763-4ead-be95-88c96fb3e02b,IT/Software - Software Development,A-occupation,optional,blockchain developer,1.0,8.0,cut by per-sector cap - candidate for manual promotion
http://data.europa.eu/esco/skill/013441c1-1f13-47e9-80c4-9a53e8e1bc05,IT/Software - Software Development,A-occupation,optional,mobile application developer,1.0,8.0,cut by per-sector cap - candidate for manual promotion
http://data.europa.eu/esco/skill/449d119b-2d66-43a9-9230-7d27f16afbb6,IT/Software - Software Development,A-occupation,optional,mobile application developer,1.0,8.0,cut by per-sector cap - candidate for manual promotion
http://data.europa.eu/esco/skill/7814e88f-c133-4c3b-b27f-857afa145d42,IT/Software - Software Development,A-occupation,optional,mobile application developer,1.0,8.0,cut by per-sector cap - candidate for manual promotion
http://data.europa.eu/esco/skill/25b291b5-8245-4d9d-b391-86a8a31d7109,IT/Software - Software Development,A-occupation,optional,mobile application developer,1.0,8.0,cut by per-sector cap - candidate for manual promotion
http://data.europa.eu/esco/skill/2c4e11ef-da18-4e19-816b-e6bc19e12424,IT/Software - Software Development,A-occupation,optional,mobile application developer,1.0,8.0,cut by per-sector cap - candidate for manual promotion
http://data.europa.eu/esco/skill/75f839c2-fd9a-4ad3-8921-6e734608568d,IT/Software - Software Development,A-occupation,optional,mobile application developer,1.0,8.0,cut by per-sector cap - candidate for manual promotion
http://data.europa.eu/esco/skill/7d10fcb2-b368-48ab-996b-7c9fafcf68ed,IT/Software - Software Development,A-occupation,optional,mobile application developer,1.0,8.0,cut by per-sector cap - candidate for manual promotion
http://data.europa.eu/esco/skill/d31fab87-2a7d-485c-b699-2901ca294b15,IT/Software - Software Development,A-occupation,optional,mobile application developer,1.0,8.0,cut by per-sector cap - candidate for manual promotion
http://data.europa.eu/esco/skill/af7ae54f-4649-4c16-87c7-59ba41d4d57f,IT/Software - Software Development,A-occupation,optional,software analyst,1.0,7.0,cut by per-sector cap - candidate for manual promotion
http://data.europa.eu/esco/skill/438ff259-d086-4004-acda-1ec3e1631bc6,IT/Software - Software Development,A-occupation,optional,mobile application developer,1.0,7.0,cut by per-sector cap - candidate for manual promotion
http://data.europa.eu/esco/skill/8c4c49d4-9708-433f-8ca7-bf2c5211ee49,IT/Software - Software Development,A-occupation,optional,mobile application developer,1.0,7.0,cut by per-sector cap - candidate for manual promotion
http://data.europa.eu/esco/skill/ed8de897-adbe-4f0e-b4d2-534953e64c72,IT/Software - Software Development,A-occupation,optional,mobile application developer,1.0,7.0,cut by per-sector cap - candidate for manual promotion
http://data.europa.eu/esco/skill/ba1b0441-a6b8-4e57-8ccc-871012f63e42,IT/Software - Software Development,A-occupation,optional,software analyst,1.0,5.0,cut by per-sector cap - candidate for manual promotion
http://data.europa.eu/esco/skill/a4e31589-3632-4926-91d0-15b889c90b9b,IT/Software - Software Development,A-occupation,optional,web designer,1.0,5.0,cut by per-sector cap - candidate for manual promotion
http://data.europa.eu/esco/skill/6d289e8b-2cc1-4eda-ab1f-ad1090ef98f0,IT/Software - Software Development,A-occupation,optional,user interface developer,1.0,5.0,cut by per-sector cap - candidate for manual promotion
http://data.europa.eu/esco/skill/8c88d336-c249-4537-b26e-d679a85c4b9b,IT/Software - Software Development,A-occupation,optional,user interface developer,1.0,5.0,cut by per-sector cap - candidate for manual promotion
http://data.europa.eu/esco/skill/1774bd31-8893-44cf-9498-7e3d95508419,IT/Software - Software Development,A-occupation,optional,mobile application developer,1.0,4.0,cut by per-sector cap - candidate for manual promotion
http://data.europa.eu/esco/skill/8785ccda-6f9f-4cf3-9033-fda10653d0be,IT/Software - Software Development,A-occupation,optional,web designer,1.0,4.0,cut by per-sector cap - candidate for manual promotion
http://data.europa.eu/esco/skill/0a9acb6b-1139-4be9-b431-3a80a959f2f4,IT/Software - Software Development,A-occupation,optional,software analyst,1.0,3.0,cut by per-sector cap - candidate for manual promotion
http://data.europa.eu/esco/skill/83218cac-3599-417e-93d2-26013cdccd98,IT/Software - Software Development,A-occupation,optional,software analyst,1.0,3.0,cut by per-sector cap - candidate for manual promotion
http://data.europa.eu/esco/skill/d5a59ca8-2e91-472e-8571-d12ce4478679,IT/Software - Software Development,A-occupation,optional,software analyst,1.0,3.0,cut by per-sector cap - candidate for manual promotion
http://data.europa.eu/esco/skill/da6393d5-a53c-4863-abc7-51f36281d74e,IT/Software - Software Development,A-occupation,optional,software analyst,1.0,3.0,cut by per-sector cap - candidate for manual promotion
http://data.europa.eu/esco/skill/9190d87f-9792-42e0-bb7f-64294a656bcd,IT/Software - Software Development,A-occupation,optional,software analyst,1.0,3.0,cut by per-sector cap - candidate for manual promotion
http://data.europa.eu/esco/skill/abdc7ac8-151f-40c6-bc1a-1e9b4b073290,IT/Software - Software Development,A-occupation,optional,mobile application developer,1.0,3.0,cut by per-sector cap - candidate for manual promotion
http://data.europa.eu/esco/skill/ba04b19b-0b18-4d5c-b799-4db31a98e58d,IT/Software - Software Development,A-occupation,optional,mobile application developer,1.0,3.0,cut by per-sector cap - candidate for manual promotion
http://data.europa.eu/esco/skill/ce26e71f-2d47-474e-89b6-7920931ac4fc,IT/Software - Software Development,A-occupation,optional,mobile application developer,1.0,3.0,cut by per-sector cap - candidate for manual promotion
http://data.europa.eu/esco/skill/d8829a1d-dbde-435b-b921-29d6462f35c9,IT/Software - Software Development,A-occupation,optional,mobile application developer,1.0,3.0,cut by per-sector cap - candidate for manual promotion
http://data.europa.eu/esco/skill/e5d1f825-60ed-4bdd-872a-e748c387f777,IT/Software - Software Development,A-occupation,optional,web designer,1.0,3.0,cut by per-sector cap - candidate for manual promotion
http://data.europa.eu/esco/skill/1de3942b-99d8-41e8-9ef0-fbc9e9f6307b,IT/Software - Software Development,A-occupation,optional,user interface developer,1.0,3.0,cut by per-sector cap - candidate for manual promotion
http://data.europa.eu/esco/skill/76ef6ed3-1658-4a1a-9593-204d799c6d0c,IT/Software - Software Development,A-occupation,optional,user interface developer,1.0,3.0,cut by per-sector cap - candidate for manual promotion
http://data.europa.eu/esco/skill/598de5b0-5b58-4ea7-8058-a4bc4d18c742,IT/Software - Software Development,A-occupation,optional,database developer,1.0,3.0,cut by per-sector cap - candidate for manual promotion
http://data.europa.eu/esco/skill/38716afc-a93b-44ab-96cc-2ecf67edcf32,IT/Software - Software Development,A-occupation,optional,ICT application developer,1.0,3.0,cut by per-sector cap - candidate for manual promotion
http://data.europa.eu/esco/skill/1b7c716e-af95-4cda-a42f-6479c8b139f5,IT/Software - Software Development,A-occupation,optional,software analyst,1.0,2.0,cut by per-sector cap - candidate for manual promotion
http://data.europa.eu/esco/skill/3f4dab51-572b-4e2c-85ef-3b4c3f7094e1,IT/Software - Software Development,A-occupation,optional,software analyst,1.0,2.0,cut by per-sector cap - candidate for manual promotion
http://data.europa.eu/esco/skill/5da8018b-ae85-4cde-ad93-0394369018f3,IT/Software - Software Development,A-occupation,optional,software analyst,1.0,2.0,cut by per-sector cap - candidate for manual promotion
http://data.europa.eu/esco/skill/63f0aa84-5e4c-4eb6-8e8c-876d9feedf1f,IT/Software - Software Development,A-occupation,optional,software analyst,1.0,2.0,cut by per-sector cap - candidate for manual promotion
http://data.europa.eu/esco/skill/67a118f4-8a5f-48f7-8e5f-de34b9ca2c37,IT/Software - Software Development,A-occupation,optional,software analyst,1.0,2.0,cut by per-sector cap - candidate for manual promotion
http://data.europa.eu/esco/skill/6a876489-7ad8-4a13-b09c-c9b8e97a302e,IT/Software - Software Development,A-occupation,optional,software analyst,1.0,2.0,cut by per-sector cap - candidate for manual promotion
http://data.europa.eu/esco/skill/84f583f4-f32a-4202-9b92-e25f0c978410,IT/Software - Software Development,A-occupation,optional,software analyst,1.0,2.0,cut by per-sector cap - candidate for manual promotion
http://data.europa.eu/esco/skill/a57a54b6-2f2e-43e4-9621-b52f4a63cb08,IT/Software - Software Development,A-occupation,optional,software analyst,1.0,2.0,cut by per-sector cap - candidate for manual promotion
http://data.europa.eu/esco/skill/b16200f4-4f39-4b8b-aa9d-3568054d6bdb,IT/Software - Software Development,A-occupation,optional,software analyst,1.0,2.0,cut by per-sector cap - candidate for manual promotion
http://data.europa.eu/esco/skill/c7d24594-0c11-4b27-9039-fe0bb903da8e,IT/Software - Software Development,A-occupation,optional,software analyst,1.0,2.0,cut by per-sector cap - candidate for manual promotion
http://data.europa.eu/esco/skill/dba46f87-0831-49cd-a1c7-340a653c0221,IT/Software - Software Development,A-occupation,optional,software analyst,1.0,2.0,cut by per-sector cap - candidate for manual promotion
http://data.europa.eu/esco/skill/f0de4973-0a70-4644-8fd4-3a97080476f4,IT/Software - Software Development,A-occupation,optional,software analyst,1.0,2.0,cut by per-sector cap - candidate for manual promotion
http://data.europa.eu/esco/skill/f597f772-24d3-4cec-813c-cf5a7027c794,IT/Software - Software Development,A-occupation,optional,software analyst,1.0,2.0,cut by per-sector cap - candidate for manual promotion
http://data.europa.eu/esco/skill/283cbcd3-7101-4dbb-be37-56f3625515b1,IT/Software - Software Development,A-occupation,optional,software analyst,1.0,2.0,cut by per-sector cap - candidate for manual promotion
http://data.europa.eu/esco/skill/dad7e408-162f-46a4-8567-db560e19e2fc,IT/Software - Software Development,A-occupation,optional,software analyst,1.0,2.0,cut by per-sector cap - candidate for manual promotion
http://data.europa.eu/esco/skill/b8c01891-e3df-4a4b-948d-95b45e1788f5,IT/Software - Software Development,A-occupation,optional,mobile application developer,1.0,2.0,cut by per-sector cap - candidate for manual promotion
http://data.europa.eu/esco/skill/14ced458-5f4b-495f-bd3d-9c240614bda0,IT/Software - Software Development,A-occupation,optional,web designer,1.0,2.0,cut by per-sector cap - candidate for manual promotion
http://data.europa.eu/esco/skill/4a466c62-db7d-4905-9a41-f23214810acb,IT/Software - Software Development,A-occupation,optional,web designer,1.0,2.0,cut by per-sector cap - candidate for manual promotion
http://data.europa.eu/esco/skill/1110c92f-3059-445a-9436-0f4200d365f5,IT/Software - Software Development,A-occupation,optional,user interface developer,1.0,2.0,cut by per-sector cap - candidate for manual promotion
http://data.europa.eu/esco/skill/26fa7a33-a426-4cd5-9792-33bf668612e1,IT/Software - Software Development,A-occupation,optional,user interface developer,1.0,2.0,cut by per-sector cap - candidate for manual promotion
http://data.europa.eu/esco/skill/17924c75-45f4-4593-afac-eea0d51f04b5,IT/Software - Software Development,A-occupation,optional,ICT system developer,1.0,2.0,cut by per-sector cap - candidate for manual promotion
http://data.europa.eu/esco/skill/6f1edc19-191f-4ba5-a048-ee69aff05bab,IT/Software - Software Development,A-occupation,optional,ICT system developer,1.0,2.0,cut by per-sector cap - candidate for manual promotion
http://data.europa.eu/esco/skill/cdd8b6b2-2fd9-453c-8d62-8a1dc6efcd49,IT/Software - Software Development,A-occupation,optional,ICT system developer,1.0,2.0,cut by per-sector cap - candidate for manual promotion
http://data.europa.eu/esco/skill/6c08403c-a5bb-4868-b8c2-b7d039c0e511,IT/Software - Software Development,A-occupation,optional,ICT system developer,1.0,2.0,cut by per-sector cap - candidate for manual promotion
http://data.europa.eu/esco/skill/bb2b4485-2bad-402f-8517-44bf7d9afff4,IT/Software - Software Development,A-occupation,optional,ICT system developer,1.0,2.0,cut by per-sector cap - candidate for manual promotion
http://data.europa.eu/esco/skill/cbe2c304-1e7d-489a-97d9-a7d3e37a9db6,IT/Software - Software Development,A-occupation,optional,ICT system developer,1.0,2.0,cut by per-sector cap - candidate for manual promotion
http://data.europa.eu/esco/skill/8764d4b1-e069-44f2-8baa-fb1eee1850ec,IT/Software - Software Development,A-occupation,optional,database developer,1.0,2.0,cut by per-sector cap - candidate for manual promotion
http://data.europa.eu/esco/skill/81633a44-f1db-4a01-a940-804c6905e330,IT/Software - Software Development,A-occupation,optional,industrial mobile devices software developer,1.0,2.0,cut by per-sector cap - candidate for manual promotion
http://data.europa.eu/esco/skill/b16bcbcb-1d3f-42b3-a6a5-b91348a72b70,IT/Software - Software Development,A-occupation,optional,web developer,1.0,2.0,cut by per-sector cap - candidate for manual promotion
http://data.europa.eu/esco/skill/339ac029-066a-4985-9f9d-b3d7c8fea0bb,IT/Software - Software Development,A-occupation,optional,software architect,1.0,2.0,cut by per-sector cap - candidate for manual promotion
http://data.europa.eu/esco/skill/00c04e40-35ea-4ed1-824c-82f936c8f876,IT/Software - Software Development,A-occupation,optional,software analyst,1.0,1.0,cut by per-sector cap - candidate for manual promotion
http://data.europa.eu/esco/skill/33d49d4f-31ec-473f-9b8a-b555aa5116bb,IT/Software - Software Development,A-occupation,optional,software analyst,1.0,1.0,cut by per-sector cap - candidate for manual promotion
http://data.europa.eu/esco/skill/46e93774-7c6a-4dc5-bae9-be97cc461093,IT/Software - Software Development,A-occupation,optional,software analyst,1.0,1.0,cut by per-sector cap - candidate for manual promotion
http://data.europa.eu/esco/skill/4840338b-ac6c-486a-be1d-9ddfe00b8bdf,IT/Software - Software Development,A-occupation,optional,software analyst,1.0,1.0,cut by per-sector cap - candidate for manual promotion
http://data.europa.eu/esco/skill/85f46538-ae70-498a-bfbc-b8ddafe96c7d,IT/Software - Software Development,A-occupation,optional,software analyst,1.0,1.0,cut by per-sector cap - candidate for manual promotion
http://data.europa.eu/esco/skill/96eb286a-58b7-45ff-a916-5578d0b79b8c,IT/Software - Software Development,A-occupation,optional,software analyst,1.0,1.0,cut by per-sector cap - candidate for manual promotion
http://data.europa.eu/esco/skill/a3ce2bf7-5562-4639-9b52-fdb4850a3904,IT/Software - Software Development,A-occupation,optional,software analyst,1.0,1.0,cut by per-sector cap - candidate for manual promotion
http://data.europa.eu/esco/skill/ed1d8bd4-cd2a-4c64-b665-56d70651026c,IT/Software - Software Development,A-occupation,optional,software analyst,1.0,1.0,cut by per-sector cap - candidate for manual promotion
http://data.europa.eu/esco/skill/07dd856d-6141-48a7-a228-918f88494812,IT/Software - Software Development,A-occupation,optional,software analyst,1.0,1.0,cut by per-sector cap - candidate for manual promotion
http://data.europa.eu/esco/skill/1dae8445-12e5-423a-bb26-824010e299b9,IT/Software - Software Development,A-occupation,optional,software analyst,1.0,1.0,cut by per-sector cap - candidate for manual promotion
http://data.europa.eu/esco/skill/21fecc8a-392e-49ce-ac26-fb0696ccfead,IT/Software - Software Development,A-occupation,optional,software analyst,1.0,1.0,cut by per-sector cap - candidate for manual promotion
http://data.europa.eu/esco/skill/4cb51222-3e2e-417c-9a5c-e9ccf262721d,IT/Software - Software Development,A-occupation,optional,software analyst,1.0,1.0,cut by per-sector cap - candidate for manual promotion
http://data.europa.eu/esco/skill/7adb8473-bcc6-4ff8-9850-76d945d40092,IT/Software - Software Development,A-occupation,optional,software analyst,1.0,1.0,cut by per-sector cap - candidate for manual promotion
http://data.europa.eu/esco/skill/ce354460-500e-4eaa-8e95-8f243fcea3db,IT/Software - Software Development,A-occupation,optional,software analyst,1.0,1.0,cut by per-sector cap - candidate for manual promotion
http://data.europa.eu/esco/skill/1ffac4ac-fda7-407d-8ed1-ca8f4a8dc146,IT/Software - Software Development,A-occupation,optional,blockchain developer,1.0,1.0,cut by per-sector cap - candidate for manual promotion
http://data.europa.eu/esco/skill/2174c1b0-e13c-4850-8e4d-2bc6183018bf,IT/Software - Software Development,A-occupation,optional,blockchain developer,1.0,1.0,cut by per-sector cap - candidate for manual promotion
http://data.europa.eu/esco/skill/53780150-1581-4ae6-b435-34068c172caf,IT/Software - Software Development,A-occupation,optional,blockchain developer,1.0,1.0,cut by per-sector cap - candidate for manual promotion
http://data.europa.eu/esco/skill/605399ce-4736-4b41-b41e-92ecf2139454,IT/Software - Software Development,A-occupation,optional,blockchain developer,1.0,1.0,cut by per-sector cap - candidate for manual promotion
http://data.europa.eu/esco/skill/97bd1c21-66b2-4b7e-ad0f-e3cda590e378,IT/Software - Software Development,A-occupation,optional,blockchain developer,1.0,1.0,cut by per-sector cap - candidate for manual promotion
http://data.europa.eu/esco/skill/d32db06e-bd06-4415-a7ab-1b0ee68caa9a,IT/Software - Software Development,A-occupation,optional,blockchain developer,1.0,1.0,cut by per-sector cap - candidate for manual promotion
http://data.europa.eu/esco/skill/3d957fb2-b8f4-4b4c-b955-23299c761ad5,IT/Software - Software Development,A-occupation,optional,web designer,1.0,1.0,cut by per-sector cap - candidate for manual promotion
http://data.europa.eu/esco/skill/c1f29568-f2bb-49d2-b6c2-28748bd1629b,IT/Software - Software Development,A-occupation,optional,web designer,1.0,1.0,cut by per-sector cap - candidate for manual promotion
http://data.europa.eu/esco/skill/d04ee340-5378-4601-8181-19da6d5cbfe0,IT/Software - Software Development,A-occupation,optional,web designer,1.0,1.0,cut by per-sector cap - candidate for manual promotion
http://data.europa.eu/esco/skill/ef64005d-75bc-4597-8ed6-717edec5e55e,IT/Software - Software Development,A-occupation,optional,web designer,1.0,1.0,cut by per-sector cap - candidate for manual promotion
http://data.europa.eu/esco/skill/c4b626c1-e71c-44ec-9f88-042766f37fcc,IT/Software - Software Development,A-occupation,optional,cloud software developer,1.0,1.0,cut by per-sector cap - candidate for manual promotion
http://data.europa.eu/esco/skill/27b913f0-3c52-448b-ad27-fc6ef08fb326,IT/Software - Software Development,A-occupation,optional,user interface developer,1.0,1.0,cut by per-sector cap - candidate for manual promotion
http://data.europa.eu/esco/skill/6b3afb82-c4ea-4f14-be54-a757fb762663,IT/Software - Software Development,A-occupation,optional,user interface developer,1.0,1.0,cut by per-sector cap - candidate for manual promotion
http://data.europa.eu/esco/skill/85038d57-1fdd-40de-b908-2c005545a8c3,IT/Software - Software Development,A-occupation,optional,user interface developer,1.0,1.0,cut by per-sector cap - candidate for manual promotion
http://data.europa.eu/esco/skill/86f7126d-97fd-4da5-be96-d1cf6ecd54e6,IT/Software - Software Development,A-occupation,optional,user interface developer,1.0,1.0,cut by per-sector cap - candidate for manual promotion
http://data.europa.eu/esco/skill/9136cbf1-7916-4f1c-bc9a-0318ee1d6016,IT/Software - Software Development,A-occupation,optional,user interface developer,1.0,1.0,cut by per-sector cap - candidate for manual promotion
http://data.europa.eu/esco/skill/b0ac313d-de44-4344-ada6-76d2177b6d92,IT/Software - Software Development,A-occupation,optional,user interface developer,1.0,1.0,cut by per-sector cap - candidate for manual promotion
http://data.europa.eu/esco/skill/de0be6e8-644c-4cc9-9c8d-925dd98dda56,IT/Software - Software Development,A-occupation,optional,user interface developer,1.0,1.0,cut by per-sector cap - candidate for manual promotion
http://data.europa.eu/esco/skill/12274664-b642-4945-b88f-d7787dc3c9dd,IT/Software - Software Development,A-occupation,optional,user interface developer,1.0,1.0,cut by per-sector cap - candidate for manual promotion
http://data.europa.eu/esco/skill/5ef0c719-5bcb-49f8-b8eb-824388225333,IT/Software - Software Development,A-occupation,optional,user interface developer,1.0,1.0,cut by per-sector cap - candidate for manual promotion
http://data.europa.eu/esco/skill/501537a7-9d63-491d-ae02-09f04767ff1e,IT/Software - Software Development,A-occupation,optional,ICT system developer,1.0,1.0,cut by per-sector cap - candidate for manual promotion
http://data.europa.eu/esco/skill/0a52bed5-fd29-45fb-aba6-e32bccfda1c1,IT/Software - Software Development,A-occupation,optional,ICT system developer,1.0,1.0,cut by per-sector cap - candidate for manual promotion
http://data.europa.eu/esco/skill/0f00f63f-3ab4-4057-b92f-500584b51757,IT/Software - Software Development,A-occupation,optional,database developer,1.0,1.0,cut by per-sector cap - candidate for manual promotion
http://data.europa.eu/esco/skill/14fdac88-6d4a-4e47-9df5-02c6d1e86fdd,IT/Software - Software Development,A-occupation,optional,database developer,1.0,1.0,cut by per-sector cap - candidate for manual promotion
http://data.europa.eu/esco/skill/23900e3d-06fa-424c-a5dc-c0ea42edde1e,IT/Software - Software Development,A-occupation,optional,database developer,1.0,1.0,cut by per-sector cap - candidate for manual promotion
http://data.europa.eu/esco/skill/3af687cb-8c7a-46ea-a730-32dbaed040c6,IT/Software - Software Development,A-occupation,optional,database developer,1.0,1.0,cut by per-sector cap - candidate for manual promotion
http://data.europa.eu/esco/skill/3cee858e-79e8-4a4b-b99f-93c7f735d58b,IT/Software - Software Development,A-occupation,optional,database developer,1.0,1.0,cut by per-sector cap - candidate for manual promotion
http://data.europa.eu/esco/skill/3d03c40c-1b83-4793-8902-2523f40af59e,IT/Software - Software Development,A-occupation,optional,database developer,1.0,1.0,cut by per-sector cap - candidate for manual promotion
http://data.europa.eu/esco/skill/42c3287f-5e50-4559-a2d1-2000c70e0aab,IT/Software - Software Development,A-occupation,optional,database developer,1.0,1.0,cut by per-sector cap - candidate for manual promotion
http://data.europa.eu/esco/skill/43ec6db6-33f7-449b-a566-5779a7e8997a,IT/Software - Software Development,A-occupation,optional,database developer,1.0,1.0,cut by per-sector cap - candidate for manual promotion
http://data.europa.eu/esco/skill/48db96bf-3314-45c6-bad8-fdb6e20e5639,IT/Software - Software Development,A-occupation,optional,database developer,1.0,1.0,cut by per-sector cap - candidate for manual promotion
http://data.europa.eu/esco/skill/4959697d-3a24-4f46-af0c-b752318e6c54,IT/Software - Software Development,A-occupation,optional,database developer,1.0,1.0,cut by per-sector cap - candidate for manual promotion
http://data.europa.eu/esco/skill/4da171e5-779c-4983-a76f-91c16751e99f,IT/Software - Software Development,A-occupation,optional,database developer,1.0,1.0,cut by per-sector cap - candidate for manual promotion
http://data.europa.eu/esco/skill/4e6d2538-a48e-48a7-8dad-14b067cfcb8b,IT/Software - Software Development,A-occupation,optional,database developer,1.0,1.0,cut by per-sector cap - candidate for manual promotion
http://data.europa.eu/esco/skill/6f7512ab-d46d-402a-8c30-a8878d7c1f88,IT/Software - Software Development,A-occupation,optional,database developer,1.0,1.0,cut by per-sector cap - candidate for manual promotion
http://data.europa.eu/esco/skill/81b082fb-9a00-4660-976a-10c985979100,IT/Software - Software Development,A-occupation,optional,database developer,1.0,1.0,cut by per-sector cap - candidate for manual promotion
http://data.europa.eu/esco/skill/84251cb1-babf-4d17-a3cd-baa642c24c8d,IT/Software - Software Development,A-occupation,optional,database developer,1.0,1.0,cut by per-sector cap - candidate for manual promotion
http://data.europa.eu/esco/skill/97bdd757-29d4-4126-92a6-07608825aa3b,IT/Software - Software Development,A-occupation,optional,database developer,1.0,1.0,cut by per-sector cap - candidate for manual promotion
http://data.europa.eu/esco/skill/a8d07b5a-c1a1-42c6-9d53-db9c7a2ca996,IT/Software - Software Development,A-occupation,optional,database developer,1.0,1.0,cut by per-sector cap - candidate for manual promotion
http://data.europa.eu/esco/skill/b8eb2517-37d8-43e6-9856-9c29d5c51fde,IT/Software - Software Development,A-occupation,optional,database developer,1.0,1.0,cut by per-sector cap - candidate for manual promotion
http://data.europa.eu/esco/skill/c062bab3-3ea0-4291-9220-a2d8fef4bead,IT/Software - Software Development,A-occupation,optional,database developer,1.0,1.0,cut by per-sector cap - candidate for manual promotion
http://data.europa.eu/esco/skill/c5ed451b-ef39-47a3-aee7-8f5be0aa8431,IT/Software - Software Development,A-occupation,optional,database developer,1.0,1.0,cut by per-sector cap - candidate for manual promotion
http://data.europa.eu/esco/skill/d0c6d77e-cb25-4770-bf77-2073fc5f7523,IT/Software - Software Development,A-occupation,optional,database developer,1.0,1.0,cut by per-sector cap - candidate for manual promotion
http://data.europa.eu/esco/skill/d9eaf831-9348-4330-a83e-b7c099cdc8f6,IT/Software - Software Development,A-occupation,optional,database developer,1.0,1.0,cut by per-sector cap - candidate for manual promotion
http://data.europa.eu/esco/skill/de9f85ba-e77f-48fd-8c66-f5ebaf32d655,IT/Software - Software Development,A-occupation,optional,database developer,1.0,1.0,cut by per-sector cap - candidate for manual promotion
http://data.europa.eu/esco/skill/e043aeeb-78f5-4049-afbf-12bba52225bc,IT/Software - Software Development,A-occupation,optional,database developer,1.0,1.0,cut by per-sector cap - candidate for manual promotion
http://data.europa.eu/esco/skill/e5a6e1e0-1b07-4432-83ba-77d593b2cb47,IT/Software - Software Development,A-occupation,optional,database developer,1.0,1.0,cut by per-sector cap - candidate for manual promotion
http://data.europa.eu/esco/skill/e819cc1e-09d9-47f2-b418-93972852daef,IT/Software - Software Development,A-occupation,optional,database developer,1.0,1.0,cut by per-sector cap - candidate for manual promotion
http://data.europa.eu/esco/skill/f88002a8-6355-4d33-9496-285c166ff375,IT/Software - Software Development,A-occupation,optional,database developer,1.0,1.0,cut by per-sector cap - candidate for manual promotion
http://data.europa.eu/esco/skill/f8e3425c-fe44-4ffb-bafe-0e20d91dadf4,IT/Software - Software Development,A-occupation,optional,database developer,1.0,1.0,cut by per-sector cap - candidate for manual promotion
http://data.europa.eu/esco/skill/03b9b491-fc9b-4868-914a-bf7cd47b5041,IT/Software - Software Development,A-occupation,optional,database developer,1.0,1.0,cut by per-sector cap - candidate for manual promotion
http://data.europa.eu/esco/skill/1973c966-f236-40c9-b2d4-5d71a89019be,IT/Software - Software Development,A-occupation,optional,database developer,1.0,1.0,cut by per-sector cap - candidate for manual promotion
http://data.europa.eu/esco/skill/4216e465-7baa-4884-a241-54b197bb9278,IT/Software - Software Development,A-occupation,optional,database developer,1.0,1.0,cut by per-sector cap - candidate for manual promotion
http://data.europa.eu/esco/skill/611ed16b-99bf-4840-9cab-f55d1d286e0a,IT/Software - Software Development,A-occupation,optional,database developer,1.0,1.0,cut by per-sector cap - candidate for manual promotion
http://data.europa.eu/esco/skill/7e1f9657-ab4e-407c-842f-b846197060e3,IT/Software - Software Development,A-occupation,optional,database developer,1.0,1.0,cut by per-sector cap - candidate for manual promotion
http://data.europa.eu/esco/skill/82de2df7-0d6c-42b1-94ac-b3e9a029e917,IT/Software - Software Development,A-occupation,optional,database developer,1.0,1.0,cut by per-sector cap - candidate for manual promotion
http://data.europa.eu/esco/skill/913e7e83-b8f8-4574-b1ca-1b38f3fd974a,IT/Software - Software Development,A-occupation,optional,database developer,1.0,1.0,cut by per-sector cap - candidate for manual promotion
http://data.europa.eu/esco/skill/b769f524-0f25-44d7-8538-5c46710a040e,IT/Software - Software Development,A-occupation,optional,database developer,1.0,1.0,cut by per-sector cap - candidate for manual promotion
http://data.europa.eu/esco/skill/b9f16465-56a9-426b-a047-0f9f1f95ec92,IT/Software - Software Development,A-occupation,optional,database developer,1.0,1.0,cut by per-sector cap - candidate for manual promotion
http://data.europa.eu/esco/skill/ea412de3-9d7a-4943-8d8c-c6d3c7495d0e,IT/Software - Software Development,A-occupation,optional,database developer,1.0,1.0,cut by per-sector cap - candidate for manual promotion
http://data.europa.eu/esco/skill/ee3b1553-2dc5-434b-8dcf-4ae3a40b3a48,IT/Software - Software Development,A-occupation,optional,database developer,1.0,1.0,cut by per-sector cap - candidate for manual promotion
http://data.europa.eu/esco/skill/fdf15b35-9028-4acb-bfd2-43f00a015cd9,IT/Software - Software Development,A-occupation,optional,database developer,1.0,1.0,cut by per-sector cap - candidate for manual promotion
http://data.europa.eu/esco/skill/fe1c2b32-7fe9-4668-affa-07ff658a68cf,IT/Software - Software Development,A-occupation,optional,database developer,1.0,1.0,cut by per-sector cap - candidate for manual promotion
http://data.europa.eu/esco/skill/1557b114-8222-46d5-acff-d2838909c302,IT/Software - Software Development,A-occupation,optional,industrial mobile devices software developer,1.0,1.0,cut by per-sector cap - candidate for manual promotion
http://data.europa.eu/esco/skill/ae6c1227-dd33-4df0-a64e-439cfdf948ea,IT/Software - Software Development,A-occupation,optional,ICT application developer,1.0,1.0,cut by per-sector cap - candidate for manual promotion
http://data.europa.eu/esco/skill/902fb91c-3113-4004-9b4f-79aa86b638b7,IT/Software - Software Development,A-occupation,optional,web developer,1.0,1.0,cut by per-sector cap - candidate for manual promotion
http://data.europa.eu/esco/skill/234aeb8d-56c3-4531-9193-1c5e6a8d16cb,IT/Software - Software Development,A-occupation,optional,web developer,1.0,1.0,cut by per-sector cap - candidate for manual promotion
http://data.europa.eu/esco/skill/29154735-107a-4daa-a050-537f7707f34e,IT/Software - Software Development,A-occupation,optional,web developer,1.0,1.0,cut by per-sector cap - candidate for manual promotion
http://data.europa.eu/esco/skill/7482a123-e801-48de-9733-262125671410,IT/Software - Software Development,A-occupation,optional,software architect,1.0,1.0,cut by per-sector cap - candidate for manual promotion
http://data.europa.eu/esco/skill/1dd23dba-dd00-45ab-abf4-642902538317,IT/Software - Software Development,A-occupation,optional,software architect,1.0,1.0,cut by per-sector cap - candidate for manual promotion
http://data.europa.eu/esco/skill/744442ac-c157-4350-8be0-ce454df4f5c5,IT/Software - Software Development,A-occupation,optional,software architect,1.0,1.0,cut by per-sector cap - candidate for manual promotion
http://data.europa.eu/esco/skill/f5dd06b8-5d17-4932-9d03-957d0c4f5051,IT/Software - Software Development,A-occupation,optional,software architect,1.0,1.0,cut by per-sector cap - candidate for manual promotion
http://data.europa.eu/esco/skill/fd6d2981-3d4a-4ce2-9741-cfc98c5b74bd,IT/Software - Software Development,A-occupation,optional,software architect,1.0,1.0,cut by per-sector cap - candidate for manual promotion
http://data.europa.eu/esco/skill/0fb753a1-2ef2-4429-84d2-ecb2b24daf7a,IT/Software - Software Development,A-occupation,optional,software developer,1.0,1.0,cut by per-sector cap - candidate for manual promotion
http://data.europa.eu/esco/skill/5898d99a-62a4-4e10-a2e3-0d815ce44248,IT/Software - Software Development,A-occupation,optional,software developer,1.0,1.0,cut by per-sector cap - candidate for manual promotion
http://data.europa.eu/esco/skill/65e58886-bd1e-4c5b-8ca5-8d9b353c8aa1,IT/Software - Software Development,A-occupation,optional,software developer,1.0,1.0,cut by per-sector cap - candidate for manual promotion
http://data.europa.eu/esco/skill/8369c2d6-c100-4cf6-bd83-9668d8678433,IT/Software - Software Development,A-occupation,optional,software developer,1.0,1.0,cut by per-sector cap - candidate for manual promotion
http://data.europa.eu/esco/skill/0cc9c234-f817-4f4c-908a-4d28fe3b0f4a,IT/Software - Software Development,A-occupation,optional,software manager,1.0,1.0,cut by per-sector cap - candidate for manual promotion
http://data.europa.eu/esco/skill/0e1fe34b-f4e7-4642-8c8b-5a05ac3438e5,IT/Software - Software Development,A-occupation,optional,software manager,1.0,1.0,cut by per-sector cap - candidate for manual promotion
http://data.europa.eu/esco/skill/0ee94af1-b445-4973-9c3f-459fab250342,IT/Software - Software Development,A-occupation,optional,software manager,1.0,1.0,cut by per-sector cap - candidate for manual promotion
http://data.europa.eu/esco/skill/385479b7-5da5-4367-9763-0d15b41bb65b,IT/Software - Software Development,A-occupation,optional,software manager,1.0,1.0,cut by per-sector cap - candidate for manual promotion
http://data.europa.eu/esco/skill/4b2c4de9-43d7-4905-9d58-bc2e7d84b2e1,IT/Software - Software Development,A-occupation,optional,software manager,1.0,1.0,cut by per-sector cap - candidate for manual promotion
http://data.europa.eu/esco/skill/bf298db2-b90e-4739-85ca-9c3003103fab,IT/Software - Software Development,A-occupation,optional,software manager,1.0,1.0,cut by per-sector cap - candidate for manual promotion
http://data.europa.eu/esco/skill/c1df8590-4b5a-4598-84a1-431f639ba66c,IT/Software - Software Development,A-occupation,optional,software manager,1.0,1.0,cut by per-sector cap - candidate for manual promotion
http://data.europa.eu/esco/skill/c55caed2-de9e-4a25-819e-a0b0e83fba1b,IT/Software - Software Development,A-occupation,optional,software manager,1.0,1.0,cut by per-sector cap - candidate for manual promotion
http://data.europa.eu/esco/skill/cc716f65-a0d0-4fba-95d9-64c358f697c0,IT/Software - Software Development,A-occupation,optional,software manager,1.0,1.0,cut by per-sector cap - candidate for manual promotion
http://data.europa.eu/esco/skill/e54ff029-1ce9-447d-a5b2-eb7283a23e6e,IT/Software - Software Development,A-occupation,optional,software manager,1.0,1.0,cut by per-sector cap - candidate for manual promotion
http://data.europa.eu/esco/skill/fde186df-c9c4-49f5-b2a5-d66adc7c43a5,IT/Software - Software Development,A-occupation,optional,software manager,1.0,1.0,cut by per-sector cap - candidate for manual promotion
http://data.europa.eu/esco/skill/978db6a1-7297-4c89-819a-47605f2c3ba8,IT/Software - Software Development,B-label,,manage software releases,2.0,1.0,cut by per-sector cap - candidate for manual promotion
http://data.europa.eu/esco/skill/2b24cbb7-f94e-43c1-8377-138f80ad5c19,IT/Software - Software Development,B-label,,develop translation memory software,2.0,1.0,cut by per-sector cap - candidate for manual promotion
http://data.europa.eu/esco/skill/fbafa41f-cd05-4109-a649-8b44d306d779,IT/Software - Data & AI,A-occupation,optional,data engineer,1.0,3.0,weak signal (label-only or optional-relation)
http://data.europa.eu/esco/skill/598de5b0-5b58-4ea7-8058-a4bc4d18c742,IT/Software - Data & AI,B-label,,SQL,2.0,1.0,weak signal (label-only or optional-relation)
http://data.europa.eu/esco/skill/5da8018b-ae85-4cde-ad93-0394369018f3,IT/Software - Data & AI,A-occupation,optional,data scientist,1.0,3.0,weak signal (label-only or optional-relation)
http://data.europa.eu/esco/skill/c7d24594-0c11-4b27-9039-fe0bb903da8e,IT/Software - Data & AI,A-occupation,optional,data scientist,1.0,3.0,weak signal (label-only or optional-relation)
http://data.europa.eu/esco/skill/f597f772-24d3-4cec-813c-cf5a7027c794,IT/Software - Data & AI,A-occupation,optional,data scientist,1.0,3.0,weak signal (label-only or optional-relation)
http://data.europa.eu/esco/skill/11c56452-fcec-4b00-9695-cca4728e5048,IT/Software - Data & AI,A-occupation,optional,data scientist,1.0,2.0,weak signal (label-only or optional-relation)
http://data.europa.eu/esco/skill/1b7c716e-af95-4cda-a42f-6479c8b139f5,IT/Software - Data & AI,A-occupation,optional,data scientist,1.0,2.0,weak signal (label-only or optional-relation)
http://data.europa.eu/esco/skill/33e584f9-ff7a-4979-bfc0-5a3a374a145a,IT/Software - Data & AI,A-occupation,optional,data scientist,1.0,2.0,weak signal (label-only or optional-relation)
http://data.europa.eu/esco/skill/3f4dab51-572b-4e2c-85ef-3b4c3f7094e1,IT/Software - Data & AI,A-occupation,optional,data scientist,1.0,2.0,weak signal (label-only or optional-relation)
http://data.europa.eu/esco/skill/45f1ae17-c20d-40fc-9307-7d33b6ca9213,IT/Software - Data & AI,A-occupation,optional,data scientist,1.0,2.0,weak signal (label-only or optional-relation)
http://data.europa.eu/esco/skill/7159e587-c7cb-4ec0-a662-03e1dee2cccb,IT/Software - Data & AI,A-occupation,optional,data scientist,1.0,2.0,weak signal (label-only or optional-relation)
http://data.europa.eu/esco/skill/9fc400ac-8ed2-4aff-915f-aa4f2609ec7b,IT/Software - Data & AI,A-occupation,optional,data scientist,1.0,2.0,weak signal (label-only or optional-relation)
http://data.europa.eu/esco/skill/a1eef0f4-133f-464a-a8f1-68fe3e8cc1b4,IT/Software - Data & AI,A-occupation,optional,data scientist,1.0,2.0,weak signal (label-only or optional-relation)
http://data.europa.eu/esco/skill/a57a54b6-2f2e-43e4-9621-b52f4a63cb08,IT/Software - Data & AI,A-occupation,optional,data scientist,1.0,2.0,weak signal (label-only or optional-relation)
http://data.europa.eu/esco/skill/e46291c7-52b9-4174-bd59-178884861038,IT/Software - Data & AI,A-occupation,optional,data scientist,1.0,2.0,weak signal (label-only or optional-relation)
http://data.europa.eu/esco/skill/03a74eee-2dc6-4147-8667-5cdeb65f122d,IT/Software - Data & AI,A-occupation,optional,data scientist,1.0,2.0,weak signal (label-only or optional-relation)
http://data.europa.eu/esco/skill/1973c966-f236-40c9-b2d4-5d71a89019be,IT/Software - Data & AI,A-occupation,optional,data scientist,1.0,2.0,weak signal (label-only or optional-relation)
http://data.europa.eu/esco/skill/be20d05c-f6b4-4580-9fcf-f00f4baab562,IT/Software - Data & AI,A-occupation,optional,data scientist,1.0,2.0,weak signal (label-only or optional-relation)
http://data.europa.eu/esco/skill/ecc4552a-92c5-4222-b18d-faf5ac841080,IT/Software - Data & AI,A-occupation,optional,artificial intelligence engineer,1.0,2.0,weak signal (label-only or optional-relation)
http://data.europa.eu/esco/skill/8369c2d6-c100-4cf6-bd83-9668d8678433,IT/Software - Data & AI,A-occupation,optional,artificial intelligence engineer,1.0,2.0,weak signal (label-only or optional-relation)
http://data.europa.eu/esco/skill/d9eaf831-9348-4330-a83e-b7c099cdc8f6,IT/Software - Data & AI,A-occupation,optional,data engineer,1.0,1.0,weak signal (label-only or optional-relation)
http://data.europa.eu/esco/skill/e5a6e1e0-1b07-4432-83ba-77d593b2cb47,IT/Software - Data & AI,A-occupation,optional,data engineer,1.0,1.0,weak signal (label-only or optional-relation)
http://data.europa.eu/esco/skill/484d048c-a5d1-46a5-b57f-45b69c0ac552,IT/Software - Data & AI,A-occupation,optional,data engineer,1.0,1.0,weak signal (label-only or optional-relation)
http://data.europa.eu/esco/skill/5b26f08b-88bc-45f0-b901-530d7786466b,IT/Software - Data & AI,A-occupation,optional,data scientist,1.0,1.0,weak signal (label-only or optional-relation)
http://data.europa.eu/esco/skill/8f6ed69b-29d0-4c01-81ba-f05920a185f3,IT/Software - Data & AI,A-occupation,optional,data scientist,1.0,1.0,weak signal (label-only or optional-relation)
http://data.europa.eu/esco/skill/d38871eb-b988-495e-8fca-345677b597a8,IT/Software - Data & AI,A-occupation,optional,data scientist,1.0,1.0,weak signal (label-only or optional-relation)
http://data.europa.eu/esco/skill/e464363b-8346-421d-9035-52118b76d8c8,IT/Software - Data & AI,A-occupation,optional,data scientist,1.0,1.0,weak signal (label-only or optional-relation)
http://data.europa.eu/esco/skill/4cd85845-f31c-4306-994d-e12d45114d83,IT/Software - Data & AI,A-occupation,optional,data scientist,1.0,1.0,weak signal (label-only or optional-relation)
http://data.europa.eu/esco/skill/b363bb5f-2c79-40af-94da-33e06f9dee9f,IT/Software - Data & AI,A-occupation,optional,data scientist,1.0,1.0,weak signal (label-only or optional-relation)
http://data.europa.eu/esco/skill/000f1d3d-220f-4789-9c0a-cc742521fb02,IT/Software - Data & AI,A-occupation,optional,artificial intelligence engineer,1.0,1.0,weak signal (label-only or optional-relation)
http://data.europa.eu/esco/skill/034c29fa-c3ba-45ea-b8f3-bf8e3705e386,IT/Software - Data & AI,A-occupation,optional,artificial intelligence engineer,1.0,1.0,weak signal (label-only or optional-relation)
http://data.europa.eu/esco/skill/04f1b938-d4d4-4cb1-a863-982af76b9d93,IT/Software - Data & AI,A-occupation,optional,artificial intelligence engineer,1.0,1.0,weak signal (label-only or optional-relation)
http://data.europa.eu/esco/skill/0a9acb6b-1139-4be9-b431-3a80a959f2f4,IT/Software - Data & AI,A-occupation,optional,artificial intelligence engineer,1.0,1.0,weak signal (label-only or optional-relation)
http://data.europa.eu/esco/skill/0ccdfe98-f845-4598-84a1-3dca66e9d9a3,IT/Software - Data & AI,A-occupation,optional,artificial intelligence engineer,1.0,1.0,weak signal (label-only or optional-relation)
http://data.europa.eu/esco/skill/0cd6dcf1-5778-42a5-b685-4d01ae4a4871,IT/Software - Data & AI,A-occupation,optional,artificial intelligence engineer,1.0,1.0,weak signal (label-only or optional-relation)
http://data.europa.eu/esco/skill/0de61385-de6d-4146-ba32-1cc1bc102220,IT/Software - Data & AI,A-occupation,optional,artificial intelligence engineer,1.0,1.0,weak signal (label-only or optional-relation)
http://data.europa.eu/esco/skill/13bdd41a-2a18-441f-96db-41252c519413,IT/Software - Data & AI,A-occupation,optional,artificial intelligence engineer,1.0,1.0,weak signal (label-only or optional-relation)
http://data.europa.eu/esco/skill/19a8293b-8e95-4de3-983f-77484079c389,IT/Software - Data & AI,A-occupation,optional,artificial intelligence engineer,1.0,1.0,weak signal (label-only or optional-relation)
http://data.europa.eu/esco/skill/2bde42ae-e776-41c1-9ded-b07b30bfe985,IT/Software - Data & AI,A-occupation,optional,artificial intelligence engineer,1.0,1.0,weak signal (label-only or optional-relation)
http://data.europa.eu/esco/skill/300d432b-f457-4cd3-9cb1-1858c7d14954,IT/Software - Data & AI,A-occupation,optional,artificial intelligence engineer,1.0,1.0,weak signal (label-only or optional-relation)
http://data.europa.eu/esco/skill/3cd569a2-4f88-4c1e-9995-8dce8c5e51a7,IT/Software - Data & AI,A-occupation,optional,artificial intelligence engineer,1.0,1.0,weak signal (label-only or optional-relation)
http://data.europa.eu/esco/skill/401eb8d8-6daa-4f8b-90ad-60afc71eb4f8,IT/Software - Data & AI,A-occupation,optional,artificial intelligence engineer,1.0,1.0,weak signal (label-only or optional-relation)
http://data.europa.eu/esco/skill/42ed3bfb-1a01-4c8b-9758-fc6438865734,IT/Software - Data & AI,A-occupation,optional,artificial intelligence engineer,1.0,1.0,weak signal (label-only or optional-relation)
http://data.europa.eu/esco/skill/4350c38d-0fe9-4ca7-bab9-40ed7f72b04f,IT/Software - Data & AI,A-occupation,optional,artificial intelligence engineer,1.0,1.0,weak signal (label-only or optional-relation)
http://data.europa.eu/esco/skill/47b9bbcf-356c-4782-83a4-7f5a1b2b51a3,IT/Software - Data & AI,A-occupation,optional,artificial intelligence engineer,1.0,1.0,weak signal (label-only or optional-relation)
http://data.europa.eu/esco/skill/4c016b68-4116-468c-9dc6-42710c239e4a,IT/Software - Data & AI,A-occupation,optional,artificial intelligence engineer,1.0,1.0,weak signal (label-only or optional-relation)
http://data.europa.eu/esco/skill/51586df8-1c46-4b47-8583-773cb63bf00b,IT/Software - Data & AI,A-occupation,optional,artificial intelligence engineer,1.0,1.0,weak signal (label-only or optional-relation)
http://data.europa.eu/esco/skill/52cf3037-ab53-4806-85ed-7fd21ea7f6a1,IT/Software - Data & AI,A-occupation,optional,artificial intelligence engineer,1.0,1.0,weak signal (label-only or optional-relation)
http://data.europa.eu/esco/skill/726abd5a-d23c-44b9-abb0-f22bbe95f1d3,IT/Software - Data & AI,A-occupation,optional,artificial intelligence engineer,1.0,1.0,weak signal (label-only or optional-relation)
http://data.europa.eu/esco/skill/7b0d5000-00da-4864-b776-6de49a87a669,IT/Software - Data & AI,A-occupation,optional,artificial intelligence engineer,1.0,1.0,weak signal (label-only or optional-relation)
http://data.europa.eu/esco/skill/8369ede5-4200-4a44-be2e-bc60ef959259,IT/Software - Data & AI,A-occupation,optional,artificial intelligence engineer,1.0,1.0,weak signal (label-only or optional-relation)
http://data.europa.eu/esco/skill/867137fb-ff1b-4ca3-99f3-cb6969aa2c68,IT/Software - Data & AI,A-occupation,optional,artificial intelligence engineer,1.0,1.0,weak signal (label-only or optional-relation)
http://data.europa.eu/esco/skill/993b1e23-f2de-4bd8-b33f-f86dde1c8e9d,IT/Software - Data & AI,A-occupation,optional,artificial intelligence engineer,1.0,1.0,cut by per-sector cap - candidate for manual promotion
http://data.europa.eu/esco/skill/9973a5a2-7822-4161-99e9-95c781eb63f8,IT/Software - Data & AI,A-occupation,optional,artificial intelligence engineer,1.0,1.0,cut by per-sector cap - candidate for manual promotion
http://data.europa.eu/esco/skill/9ef0f3a0-9ce2-4ef1-a987-0366b5cb2dbe,IT/Software - Data & AI,A-occupation,optional,artificial intelligence engineer,1.0,1.0,cut by per-sector cap - candidate for manual promotion
http://data.europa.eu/esco/skill/a4d336a6-9ffd-402a-91cc-f359716ba4e0,IT/Software - Data & AI,A-occupation,optional,artificial intelligence engineer,1.0,1.0,cut by per-sector cap - candidate for manual promotion
http://data.europa.eu/esco/skill/b633eb55-8f1f-4ae6-ab4c-2022ffe2cb7f,IT/Software - Data & AI,A-occupation,optional,artificial intelligence engineer,1.0,1.0,cut by per-sector cap - candidate for manual promotion
http://data.europa.eu/esco/skill/bb99af26-71ff-4dca-bde7-1eb1f6194426,IT/Software - Data & AI,A-occupation,optional,artificial intelligence engineer,1.0,1.0,cut by per-sector cap - candidate for manual promotion
http://data.europa.eu/esco/skill/be80acfc-b6f2-4411-9b8d-b19d9cd2556a,IT/Software - Data & AI,A-occupation,optional,artificial intelligence engineer,1.0,1.0,cut by per-sector cap - candidate for manual promotion
http://data.europa.eu/esco/skill/bec4359e-cb92-468f-a997-8fb28e32fba9,IT/Software - Data & AI,A-occupation,optional,artificial intelligence engineer,1.0,1.0,cut by per-sector cap - candidate for manual promotion
http://data.europa.eu/esco/skill/c3a03c5a-c260-4c26-9b9a-873abb396f4d,IT/Software - Data & AI,A-occupation,optional,artificial intelligence engineer,1.0,1.0,cut by per-sector cap - candidate for manual promotion
http://data.europa.eu/esco/skill/d56fc2b5-4b0a-4e7e-9bde-a33736f6ff18,IT/Software - Data & AI,A-occupation,optional,artificial intelligence engineer,1.0,1.0,cut by per-sector cap - candidate for manual promotion
http://data.europa.eu/esco/skill/d5a59ca8-2e91-472e-8571-d12ce4478679,IT/Software - Data & AI,A-occupation,optional,artificial intelligence engineer,1.0,1.0,cut by per-sector cap - candidate for manual promotion
http://data.europa.eu/esco/skill/da6393d5-a53c-4863-abc7-51f36281d74e,IT/Software - Data & AI,A-occupation,optional,artificial intelligence engineer,1.0,1.0,cut by per-sector cap - candidate for manual promotion
http://data.europa.eu/esco/skill/dcdd5ddf-82a6-4ac3-8edc-d4b23cae9a88,IT/Software - Data & AI,A-occupation,optional,artificial intelligence engineer,1.0,1.0,cut by per-sector cap - candidate for manual promotion
http://data.europa.eu/esco/skill/def007fa-5fed-4a5f-91a2-b0d7e3db1be1,IT/Software - Data & AI,A-occupation,optional,artificial intelligence engineer,1.0,1.0,cut by per-sector cap - candidate for manual promotion
http://data.europa.eu/esco/skill/e8b89eb6-51e8-4c3a-babb-88b2e110376b,IT/Software - Data & AI,A-occupation,optional,artificial intelligence engineer,1.0,1.0,cut by per-sector cap - candidate for manual promotion
http://data.europa.eu/esco/skill/ffddfc7c-a9dd-449f-9e96-882dc447c8b6,IT/Software - Data & AI,A-occupation,optional,artificial intelligence engineer,1.0,1.0,cut by per-sector cap - candidate for manual promotion
http://data.europa.eu/esco/skill/0dc7aa1b-b5af-4f4b-81ce-ee22ed8b6926,IT/Software - Data & AI,A-occupation,optional,artificial intelligence engineer,1.0,1.0,cut by per-sector cap - candidate for manual promotion
http://data.europa.eu/esco/skill/38d49d88-9069-467b-b29e-3cae739bdd4d,IT/Software - Data & AI,A-occupation,optional,artificial intelligence engineer,1.0,1.0,cut by per-sector cap - candidate for manual promotion
http://data.europa.eu/esco/skill/41bf7ede-fc84-4a57-8c89-b548d11b0ba1,IT/Software - Data & AI,A-occupation,optional,artificial intelligence engineer,1.0,1.0,cut by per-sector cap - candidate for manual promotion
http://data.europa.eu/esco/skill/4d30ad07-9e39-4899-81dd-02b280f162f9,IT/Software - Data & AI,A-occupation,optional,artificial intelligence engineer,1.0,1.0,cut by per-sector cap - candidate for manual promotion
http://data.europa.eu/esco/skill/553ad092-b799-44c9-a94c-65a84fdc7526,IT/Software - Data & AI,A-occupation,optional,artificial intelligence engineer,1.0,1.0,cut by per-sector cap - candidate for manual promotion
http://data.europa.eu/esco/skill/b0096dc5-2e2d-4bc1-8172-05bf486c3968,IT/Software - Data & AI,A-occupation,optional,artificial intelligence engineer,1.0,1.0,cut by per-sector cap - candidate for manual promotion
http://data.europa.eu/esco/skill/dc72ad0a-c5dc-4abd-bc0d-ca43e82162e1,IT/Software - Data & AI,A-occupation,optional,artificial intelligence engineer,1.0,1.0,cut by per-sector cap - candidate for manual promotion
http://data.europa.eu/esco/skill/fda917eb-0d6a-4371-8c93-2a10bf950966,IT/Software - Data & AI,A-occupation,optional,artificial intelligence engineer,1.0,1.0,cut by per-sector cap - candidate for manual promotion
http://data.europa.eu/esco/skill/1605025e-a179-421f-8f35-5b07d182a6b2,IT/Software - Data & AI,A-occupation,optional,data analyst,1.0,1.0,cut by per-sector cap - candidate for manual promotion
http://data.europa.eu/esco/skill/43ae58b9-5e56-4524-b45a-b422777a0576,IT/Software - Data & AI,A-occupation,optional,data analyst,1.0,1.0,cut by per-sector cap - candidate for manual promotion
http://data.europa.eu/esco/skill/8b0f73ff-d36b-4196-bb83-464c3a6ef07d,IT/Software - Data & AI,A-occupation,optional,data analyst,1.0,1.0,cut by per-sector cap - candidate for manual promotion
http://data.europa.eu/esco/skill/0c766ca3-9364-4203-916b-fed16e4814c1,IT/Software - Data & AI,A-occupation,optional,data analyst,1.0,1.0,cut by per-sector cap - candidate for manual promotion
http://data.europa.eu/esco/skill/d3286405-49f8-4e8a-8046-a4376b4e7963,IT/Software - Data & AI,A-occupation,optional,data analyst,1.0,1.0,cut by per-sector cap - candidate for manual promotion
http://data.europa.eu/esco/skill/3e8e862d-2f1a-40c6-bb6d-d1d7eeb78854,IT/Software - Data & AI,B-label,,analyse large-scale data in healthcare,2.0,1.0,cut by per-sector cap - candidate for manual promotion
http://data.europa.eu/esco/skill/d5bcc417-a004-4165-b7f1-ab739eadd2f4,IT/Software - Data & AI,B-label,,smart city features,2.0,1.0,cut by per-sector cap - candidate for manual promotion
http://data.europa.eu/esco/skill/76ef6ed3-1658-4a1a-9593-204d799c6d0c,IT/Software - Data & AI,B-label,,NoSQL,2.0,1.0,cut by per-sector cap - candidate for manual promotion
http://data.europa.eu/esco/skill/e2fea4d5-f1f4-4dea-89bb-43b1d07658af,IT/Software - Data & AI,B-label,,statistical quality control,2.0,1.0,cut by per-sector cap - candidate for manual promotion
http://data.europa.eu/esco/skill/4d3f3068-9b6a-4f33-bfa5-a7b298bfd303,IT/Software - Data & AI,B-label,,medical statistics,2.0,1.0,cut by per-sector cap - candidate for manual promotion
http://data.europa.eu/esco/skill/3a2d5b45-56e4-4f5a-a55a-4a4a65afdc43,IT/Software - Data & AI,B-label,,machine learning,2.0,1.0,cut by per-sector cap - candidate for manual promotion
http://data.europa.eu/esco/skill/c95c29fe-3971-46b7-80e9-1f7e75ba99b3,IT/Software - Data & AI,B-label,,use specific data analysis software,2.0,1.0,cut by per-sector cap - candidate for manual promotion
http://data.europa.eu/esco/skill/062320e5-79d1-45e8-8b7e-5deeb53279a2,IT/Software - Data & AI,B-label,,perform online data analysis,2.0,1.0,cut by per-sector cap - candidate for manual promotion
http://data.europa.eu/esco/skill/6b30644d-bdc5-4bca-b1af-edbf5c6b15ee,IT/Software - Data & AI,B-label,,process collected survey data,2.0,1.0,cut by per-sector cap - candidate for manual promotion
http://data.europa.eu/esco/skill/c2ce7fe9-203b-492a-961e-9698dce7de19,IT/Software - Data & AI,B-label,,perform safety data analysis,2.0,1.0,cut by per-sector cap - candidate for manual promotion
http://data.europa.eu/esco/skill/e9b99d6e-c7ec-4f87-b7b4-b5322733c998,IT/Software - Data & AI,B-label,,interpret seismic data,2.0,1.0,cut by per-sector cap - candidate for manual promotion
http://data.europa.eu/esco/skill/2879a6f9-868b-40a1-a424-d50007ca8354,IT/Software - Data & AI,B-label,,record production data for quality control,2.0,1.0,cut by per-sector cap - candidate for manual promotion
http://data.europa.eu/esco/skill/fff0e2cd-d0bd-4b02-9daf-158b79d9688a,IT/Software - Data & AI,B-label,,natural language processing,2.0,1.0,cut by per-sector cap - candidate for manual promotion
http://data.europa.eu/esco/skill/6f7512ab-d46d-402a-8c30-a8878d7c1f88,IT/Software - Data & AI,B-label,,SQL Server Integration Services,2.0,1.0,cut by per-sector cap - candidate for manual promotion
http://data.europa.eu/esco/skill/6f993130-082b-4732-b62f-52cdf2096ad9,IT/Software - Data & AI,B-label,,use methods of logistical data analysis,2.0,1.0,cut by per-sector cap - candidate for manual promotion
http://data.europa.eu/esco/skill/9effa3d7-c0c4-4583-ad94-b496ba5e5f2c,IT/Software - Data & AI,B-label,,data mining methods,2.0,1.0,cut by per-sector cap - candidate for manual promotion
http://data.europa.eu/esco/skill/b22828a8-18e7-4639-8fbd-f2b33594382d,IT/Software - Data & AI,B-label,,collect statistics on medical records,2.0,1.0,cut by per-sector cap - candidate for manual promotion
http://data.europa.eu/esco/skill/2b92a5b2-6758-4ee3-9fb4-b6387a55cc8f,IT/Software - Data & AI,B-label,,perform data analysis,2.0,1.0,cut by per-sector cap - candidate for manual promotion
http://data.europa.eu/esco/skill/a261c61a-29b8-4b6a-a283-e5a7d5077352,IT/Software - Data & AI,B-label,,biostatistics,2.0,1.0,cut by per-sector cap - candidate for manual promotion
http://data.europa.eu/esco/skill/4f060129-8b75-4d58-a8dd-515bd8fef349,IT/Software - Data & AI,B-label,,develop financial statistics reports,2.0,1.0,cut by per-sector cap - candidate for manual promotion
http://data.europa.eu/esco/skill/0f365cf9-4f68-4a25-affc-75de20bcdc09,IT/Software - Data & AI,B-label,,conduct analysis of ship data,2.0,1.0,cut by per-sector cap - candidate for manual promotion
http://data.europa.eu/esco/skill/d9cc828c-61fc-422d-91e7-b2e8e4aa48a5,IT/Software - Data & AI,B-label,,compile statistical data for insurance purposes,2.0,1.0,cut by per-sector cap - candidate for manual promotion
http://data.europa.eu/esco/skill/9c6974e1-8d8b-43e9-b6b0-75da7634bfc9,IT/Software - Data & AI,B-label,,fundamental analysis,2.0,1.0,cut by per-sector cap - candidate for manual promotion
http://data.europa.eu/esco/skill/c062bab3-3ea0-4291-9220-a2d8fef4bead,IT/Software - Data & AI,B-label,,SQL Server,2.0,1.0,cut by per-sector cap - candidate for manual promotion
http://data.europa.eu/esco/skill/4af2461d-02b4-4fca-a070-c6399a6f1fb4,IT/Software - Data & AI,B-label,,analyse oil operations data,2.0,1.0,cut by per-sector cap - candidate for manual promotion
http://data.europa.eu/esco/skill/807d89b5-3557-4259-8e2c-1b374d497fe8,IT/Software - Data & AI,B-label,,analyse data for aeronautical publications,2.0,1.0,cut by per-sector cap - candidate for manual promotion
http://data.europa.eu/esco/skill/e5b5053e-0ef6-4c4e-a3f2-42f955f4322c,IT/Software - Cybersecurity,A-occupation,optional,ICT security administrator,1.0,6.0,weak signal (label-only or optional-relation)
http://data.europa.eu/esco/skill/7e1f9657-ab4e-407c-842f-b846197060e3,IT/Software - Cybersecurity,A-occupation,optional,ICT security administrator,1.0,5.0,weak signal (label-only or optional-relation)
http://data.europa.eu/esco/skill/acf0a78c-f4e3-4bd9-a5cc-9cf4791b3b95,IT/Software - Cybersecurity,A-occupation,optional,ICT security administrator,1.0,5.0,weak signal (label-only or optional-relation)
http://data.europa.eu/esco/skill/bb2b4485-2bad-402f-8517-44bf7d9afff4,IT/Software - Cybersecurity,A-occupation,optional,ICT security administrator,1.0,5.0,weak signal (label-only or optional-relation)
http://data.europa.eu/esco/skill/e5beeff8-7c98-490a-ae2c-16fbb6a87305,IT/Software - Cybersecurity,A-occupation,optional,ICT security administrator,1.0,5.0,weak signal (label-only or optional-relation)
http://data.europa.eu/esco/skill/d32db06e-bd06-4415-a7ab-1b0ee68caa9a,IT/Software - Cybersecurity,A-occupation,optional,ICT security administrator,1.0,7.0,weak signal (label-only or optional-relation)
http://data.europa.eu/esco/skill/1c2978b8-bb0d-4249-9c23-877571a4dffa,IT/Software - Cybersecurity,A-occupation,optional,ICT security administrator,1.0,5.0,weak signal (label-only or optional-relation)
http://data.europa.eu/esco/skill/8efa6a7a-6556-4cb8-908d-59d3b5c58d2f,IT/Software - Cybersecurity,A-occupation,optional,ICT security administrator,1.0,5.0,weak signal (label-only or optional-relation)
http://data.europa.eu/esco/skill/8359bd04-d2cb-4757-af1f-39a921df9efe,IT/Software - Cybersecurity,A-occupation,optional,ICT security administrator,1.0,4.0,weak signal (label-only or optional-relation)
http://data.europa.eu/esco/skill/c13fb093-5ffb-491a-b8b7-fa2d42a57e2e,IT/Software - Cybersecurity,A-occupation,optional,ICT security administrator,1.0,4.0,weak signal (label-only or optional-relation)
http://data.europa.eu/esco/skill/118a9b27-1c5a-4214-b685-1a4d9e6365ea,IT/Software - Cybersecurity,A-occupation,optional,ICT security administrator,1.0,3.0,weak signal (label-only or optional-relation)
http://data.europa.eu/esco/skill/33a82b83-c838-4889-ae62-fae1317481eb,IT/Software - Cybersecurity,A-occupation,optional,ICT security administrator,1.0,3.0,weak signal (label-only or optional-relation)
http://data.europa.eu/esco/skill/d3286405-49f8-4e8a-8046-a4376b4e7963,IT/Software - Cybersecurity,A-occupation,optional,ICT security administrator,1.0,3.0,weak signal (label-only or optional-relation)
http://data.europa.eu/esco/skill/bd14968e-e409-45af-b362-3495ed7b10e0,IT/Software - Cybersecurity,A-occupation,optional,cyber incident responder,1.0,3.0,weak signal (label-only or optional-relation)
http://data.europa.eu/esco/skill/d0c6d77e-cb25-4770-bf77-2073fc5f7523,IT/Software - Cybersecurity,A-occupation,optional,ICT security administrator,1.0,2.0,weak signal (label-only or optional-relation)
http://data.europa.eu/esco/skill/0dc7aa1b-b5af-4f4b-81ce-ee22ed8b6926,IT/Software - Cybersecurity,A-occupation,optional,ICT security administrator,1.0,2.0,weak signal (label-only or optional-relation)
http://data.europa.eu/esco/skill/e54ff029-1ce9-447d-a5b2-eb7283a23e6e,IT/Software - Cybersecurity,A-occupation,optional,ICT security administrator,1.0,2.0,weak signal (label-only or optional-relation)
http://data.europa.eu/esco/skill/b633eb55-8f1f-4ae6-ab4c-2022ffe2cb7f,IT/Software - Cybersecurity,A-occupation,optional,cyber incident responder,1.0,2.0,weak signal (label-only or optional-relation)
http://data.europa.eu/esco/skill/ccd0a1d9-afda-43d9-b901-96344886e14d,IT/Software - Cybersecurity,A-occupation,optional,cyber incident responder,1.0,2.0,weak signal (label-only or optional-relation)
http://data.europa.eu/esco/skill/3cfa46e9-b7da-44ac-b09e-9596dffe0425,IT/Software - Cybersecurity,A-occupation,optional,cyber incident responder,1.0,2.0,weak signal (label-only or optional-relation)
http://data.europa.eu/esco/skill/6833e58b-eceb-4599-9375-1b7e6ec64087,IT/Software - Cybersecurity,A-occupation,optional,cyber incident responder,1.0,2.0,weak signal (label-only or optional-relation)
http://data.europa.eu/esco/skill/c2cbbccf-4ffd-4626-86e7-505b39c872a0,IT/Software - Cybersecurity,A-occupation,optional,cyber incident responder,1.0,2.0,weak signal (label-only or optional-relation)
http://data.europa.eu/esco/skill/cd5efa8c-e44d-4cbc-91c6-796018dbed68,IT/Software - Cybersecurity,A-occupation,optional,cyber incident responder,1.0,2.0,weak signal (label-only or optional-relation)
http://data.europa.eu/esco/skill/c9e96450-421d-48af-9ee6-d9c50e29afc2,IT/Software - Cybersecurity,A-occupation,optional,chief ICT security officer,1.0,2.0,weak signal (label-only or optional-relation)
http://data.europa.eu/esco/skill/ca73ac82-867a-4afa-9732-834aebe896ff,IT/Software - Cybersecurity,A-occupation,optional,chief ICT security officer,1.0,2.0,weak signal (label-only or optional-relation)
http://data.europa.eu/esco/skill/339ac029-066a-4985-9f9d-b3d7c8fea0bb,IT/Software - Cybersecurity,A-occupation,optional,chief ICT security officer,1.0,2.0,weak signal (label-only or optional-relation)
http://data.europa.eu/esco/skill/82de2df7-0d6c-42b1-94ac-b3e9a029e917,IT/Software - Cybersecurity,A-occupation,optional,cybersecurity risk manager,1.0,2.0,weak signal (label-only or optional-relation)
http://data.europa.eu/esco/skill/7f2afce6-e98b-4bbe-8441-d52b45e28ab8,IT/Software - Cybersecurity,A-occupation,optional,ICT security administrator,1.0,1.0,weak signal (label-only or optional-relation)
http://data.europa.eu/esco/skill/29fb0fb5-dfc4-4098-ac9b-3a712000f48f,IT/Software - Cybersecurity,A-occupation,optional,ICT security administrator,1.0,1.0,weak signal (label-only or optional-relation)
http://data.europa.eu/esco/skill/440d5784-52a5-4729-8b04-29f978bd896d,IT/Software - Cybersecurity,A-occupation,optional,ICT security administrator,1.0,1.0,weak signal (label-only or optional-relation)
http://data.europa.eu/esco/skill/5ef0c719-5bcb-49f8-b8eb-824388225333,IT/Software - Cybersecurity,A-occupation,optional,ICT security administrator,1.0,1.0,weak signal (label-only or optional-relation)
http://data.europa.eu/esco/skill/611ed16b-99bf-4840-9cab-f55d1d286e0a,IT/Software - Cybersecurity,A-occupation,optional,ICT security administrator,1.0,1.0,weak signal (label-only or optional-relation)
http://data.europa.eu/esco/skill/ae4f0cc6-e0b9-47f5-bdca-2fc2e6316dce,IT/Software - Cybersecurity,A-occupation,optional,ICT security administrator,1.0,1.0,weak signal (label-only or optional-relation)
http://data.europa.eu/esco/skill/cf3e976d-2c3e-495c-a874-f9e8a66d3b48,IT/Software - Cybersecurity,A-occupation,optional,ICT security administrator,1.0,1.0,weak signal (label-only or optional-relation)
http://data.europa.eu/esco/skill/dc72ad0a-c5dc-4abd-bc0d-ca43e82162e1,IT/Software - Cybersecurity,A-occupation,optional,ICT security administrator,1.0,1.0,weak signal (label-only or optional-relation)
http://data.europa.eu/esco/skill/143769cb-b61e-47d8-a61e-eedfbec1016c,IT/Software - Cybersecurity,A-occupation,optional,cyber incident responder,1.0,1.0,weak signal (label-only or optional-relation)
http://data.europa.eu/esco/skill/17924c75-45f4-4593-afac-eea0d51f04b5,IT/Software - Cybersecurity,A-occupation,optional,cyber incident responder,1.0,1.0,cut by per-sector cap - candidate for manual promotion
http://data.europa.eu/esco/skill/7111b95d-0ce3-441a-9d92-4c75d05c4388,IT/Software - Cybersecurity,A-occupation,optional,cyber incident responder,1.0,1.0,cut by per-sector cap - candidate for manual promotion
http://data.europa.eu/esco/skill/d5145a9a-602e-40bf-b3e1-f04cf9c3ef86,IT/Software - Cybersecurity,A-occupation,optional,cyber incident responder,1.0,1.0,cut by per-sector cap - candidate for manual promotion
http://data.europa.eu/esco/skill/d5a59ca8-2e91-472e-8571-d12ce4478679,IT/Software - Cybersecurity,A-occupation,optional,cyber incident responder,1.0,1.0,cut by per-sector cap - candidate for manual promotion
http://data.europa.eu/esco/skill/da6393d5-a53c-4863-abc7-51f36281d74e,IT/Software - Cybersecurity,A-occupation,optional,cyber incident responder,1.0,1.0,cut by per-sector cap - candidate for manual promotion
http://data.europa.eu/esco/skill/e2103a1d-4a84-47a9-b4f7-774787573449,IT/Software - Cybersecurity,A-occupation,optional,cyber incident responder,1.0,1.0,cut by per-sector cap - candidate for manual promotion
http://data.europa.eu/esco/skill/0a099c81-6a0c-4f00-bb3b-990d23ec03a5,IT/Software - Cybersecurity,A-occupation,optional,cyber incident responder,1.0,1.0,cut by per-sector cap - candidate for manual promotion
http://data.europa.eu/esco/skill/1e7ed56a-6d6b-422f-962e-38543d150755,IT/Software - Cybersecurity,A-occupation,optional,cyber incident responder,1.0,1.0,cut by per-sector cap - candidate for manual promotion
http://data.europa.eu/esco/skill/21fecc8a-392e-49ce-ac26-fb0696ccfead,IT/Software - Cybersecurity,A-occupation,optional,cyber incident responder,1.0,1.0,cut by per-sector cap - candidate for manual promotion
http://data.europa.eu/esco/skill/334e3e49-fb02-4051-809a-f06adfdc1c40,IT/Software - Cybersecurity,A-occupation,optional,cyber incident responder,1.0,1.0,cut by per-sector cap - candidate for manual promotion
http://data.europa.eu/esco/skill/385479b7-5da5-4367-9763-0d15b41bb65b,IT/Software - Cybersecurity,A-occupation,optional,cyber incident responder,1.0,1.0,cut by per-sector cap - candidate for manual promotion
http://data.europa.eu/esco/skill/4fabca9a-7435-4f33-b1da-3cdb00340fdc,IT/Software - Cybersecurity,A-occupation,optional,cyber incident responder,1.0,1.0,cut by per-sector cap - candidate for manual promotion
http://data.europa.eu/esco/skill/5d9e766b-8f17-4e17-bfab-3bb0e0719791,IT/Software - Cybersecurity,A-occupation,optional,cyber incident responder,1.0,1.0,cut by per-sector cap - candidate for manual promotion
http://data.europa.eu/esco/skill/732cb4dd-af91-4c88-9a9f-5fc62144e500,IT/Software - Cybersecurity,A-occupation,optional,cyber incident responder,1.0,1.0,cut by per-sector cap - candidate for manual promotion
http://data.europa.eu/esco/skill/8dcbcabe-09f7-4d11-940d-125af57bbc40,IT/Software - Cybersecurity,A-occupation,optional,cyber incident responder,1.0,1.0,cut by per-sector cap - candidate for manual promotion
http://data.europa.eu/esco/skill/9531fe02-1e1f-4a36-95f7-a76a77cd4b8d,IT/Software - Cybersecurity,A-occupation,optional,cyber incident responder,1.0,1.0,cut by per-sector cap - candidate for manual promotion
http://data.europa.eu/esco/skill/c55caed2-de9e-4a25-819e-a0b0e83fba1b,IT/Software - Cybersecurity,A-occupation,optional,cyber incident responder,1.0,1.0,cut by per-sector cap - candidate for manual promotion
http://data.europa.eu/esco/skill/cb668e89-6ef5-4ff3-ab4a-506010e7e70b,IT/Software - Cybersecurity,A-occupation,optional,cyber incident responder,1.0,1.0,cut by per-sector cap - candidate for manual promotion
http://data.europa.eu/esco/skill/2522a6ce-3202-4ac8-9f5b-b9cb5a3a83a1,IT/Software - Cybersecurity,A-occupation,optional,embedded systems security engineer,1.0,1.0,cut by per-sector cap - candidate for manual promotion
http://data.europa.eu/esco/skill/8c4c49d4-9708-433f-8ca7-bf2c5211ee49,IT/Software - Cybersecurity,A-occupation,optional,embedded systems security engineer,1.0,1.0,cut by per-sector cap - candidate for manual promotion
http://data.europa.eu/esco/skill/fd33c66c-70c4-40e6-b87c-5495bd3bf26e,IT/Software - Cybersecurity,A-occupation,optional,embedded systems security engineer,1.0,1.0,cut by per-sector cap - candidate for manual promotion
http://data.europa.eu/esco/skill/6e4f75b4-c60f-4623-a9ba-760c8245753b,IT/Software - Cybersecurity,A-occupation,optional,chief ICT security officer,1.0,1.0,cut by per-sector cap - candidate for manual promotion
http://data.europa.eu/esco/skill/8696aff0-18c0-4ba6-a4d0-9a21861b3e5e,IT/Software - Cybersecurity,A-occupation,optional,chief ICT security officer,1.0,1.0,cut by per-sector cap - candidate for manual promotion
http://data.europa.eu/esco/skill/9bb7a97a-1a16-431e-8ea6-ad0f9f59aa0a,IT/Software - Cybersecurity,A-occupation,optional,chief ICT security officer,1.0,1.0,cut by per-sector cap - candidate for manual promotion
http://data.europa.eu/esco/skill/03b9b491-fc9b-4868-914a-bf7cd47b5041,IT/Software - Cybersecurity,A-occupation,optional,chief ICT security officer,1.0,1.0,cut by per-sector cap - candidate for manual promotion
http://data.europa.eu/esco/skill/17c9a790-5664-4673-8237-c4cf3c5a8da5,IT/Software - Cybersecurity,A-occupation,optional,chief ICT security officer,1.0,1.0,cut by per-sector cap - candidate for manual promotion
http://data.europa.eu/esco/skill/415abd43-e8e5-4643-b5da-5f11307af57a,IT/Software - Cybersecurity,A-occupation,optional,chief ICT security officer,1.0,1.0,cut by per-sector cap - candidate for manual promotion
http://data.europa.eu/esco/skill/af607e5e-4ba1-4e5f-a2a6-dc05806567c7,IT/Software - Cybersecurity,A-occupation,optional,chief ICT security officer,1.0,1.0,cut by per-sector cap - candidate for manual promotion
http://data.europa.eu/esco/skill/b9bf9e17-ae47-417b-bbb1-e8b7c263ccac,IT/Software - Cybersecurity,A-occupation,optional,chief ICT security officer,1.0,1.0,cut by per-sector cap - candidate for manual promotion
http://data.europa.eu/esco/skill/d12e9d68-84c5-444e-aa98-d36533bf03f6,IT/Software - Cybersecurity,A-occupation,optional,chief ICT security officer,1.0,1.0,cut by per-sector cap - candidate for manual promotion
http://data.europa.eu/esco/skill/071233c4-ad2b-4f50-b79f-768d2231163e,IT/Software - Cybersecurity,A-occupation,optional,cybersecurity risk manager,1.0,1.0,cut by per-sector cap - candidate for manual promotion
http://data.europa.eu/esco/skill/3be6b84a-fa78-42b9-a8df-150cdb40b9d7,IT/Software - Cybersecurity,A-occupation,optional,cybersecurity risk manager,1.0,1.0,cut by per-sector cap - candidate for manual promotion
http://data.europa.eu/esco/skill/63f0aa84-5e4c-4eb6-8e8c-876d9feedf1f,IT/Software - Cybersecurity,A-occupation,optional,cybersecurity risk manager,1.0,1.0,cut by per-sector cap - candidate for manual promotion
http://data.europa.eu/esco/skill/67a118f4-8a5f-48f7-8e5f-de34b9ca2c37,IT/Software - Cybersecurity,A-occupation,optional,cybersecurity risk manager,1.0,1.0,cut by per-sector cap - candidate for manual promotion
http://data.europa.eu/esco/skill/83218cac-3599-417e-93d2-26013cdccd98,IT/Software - Cybersecurity,A-occupation,optional,cybersecurity risk manager,1.0,1.0,cut by per-sector cap - candidate for manual promotion
http://data.europa.eu/esco/skill/a3ce2bf7-5562-4639-9b52-fdb4850a3904,IT/Software - Cybersecurity,A-occupation,optional,cybersecurity risk manager,1.0,1.0,cut by per-sector cap - candidate for manual promotion
http://data.europa.eu/esco/skill/a846cb9e-c152-41e7-bd34-45e7ff941e3b,IT/Software - Cybersecurity,A-occupation,optional,cybersecurity risk manager,1.0,1.0,cut by per-sector cap - candidate for manual promotion
http://data.europa.eu/esco/skill/b16200f4-4f39-4b8b-aa9d-3568054d6bdb,IT/Software - Cybersecurity,A-occupation,optional,cybersecurity risk manager,1.0,1.0,cut by per-sector cap - candidate for manual promotion
http://data.europa.eu/esco/skill/bf12b461-1c53-4d81-a395-8ba77f7483c4,IT/Software - Cybersecurity,A-occupation,optional,cybersecurity risk manager,1.0,1.0,cut by per-sector cap - candidate for manual promotion
http://data.europa.eu/esco/skill/04fe962b-4017-4eb7-9139-7d69b6922bc9,IT/Software - Cybersecurity,A-occupation,optional,cybersecurity risk manager,1.0,1.0,cut by per-sector cap - candidate for manual promotion
http://data.europa.eu/esco/skill/248894d1-42dc-474f-af6e-2da52ac0c679,IT/Software - Cybersecurity,A-occupation,optional,cybersecurity risk manager,1.0,1.0,cut by per-sector cap - candidate for manual promotion
http://data.europa.eu/esco/skill/6430eb0d-c6de-46b7-a7fc-3dd2e8e62a69,IT/Software - Cybersecurity,A-occupation,optional,cybersecurity risk manager,1.0,1.0,cut by per-sector cap - candidate for manual promotion
http://data.europa.eu/esco/skill/6b643893-0a1f-4f6c-83a1-e7eef75849b9,IT/Software - Cybersecurity,A-occupation,optional,cybersecurity risk manager,1.0,1.0,cut by per-sector cap - candidate for manual promotion
http://data.europa.eu/esco/skill/dfff95c6-9758-4c04-a228-7eaa88dec6cd,IT/Software - Cybersecurity,A-occupation,optional,cybersecurity risk manager,1.0,1.0,cut by per-sector cap - candidate for manual promotion
http://data.europa.eu/esco/skill/8d4271ca-c9fd-40b3-875f-15f78332a49e,IT/Software - Cybersecurity,A-occupation,optional,director of compliance and information security in gambling,1.0,1.0,cut by per-sector cap - candidate for manual promotion
http://data.europa.eu/esco/skill/1c50435f-593c-4269-b111-36475599dccf,IT/Software - Cybersecurity,A-occupation,optional,director of compliance and information security in gambling,1.0,1.0,cut by per-sector cap - candidate for manual promotion
http://data.europa.eu/esco/skill/29154735-107a-4daa-a050-537f7707f34e,IT/Software - Cybersecurity,A-occupation,optional,director of compliance and information security in gambling,1.0,1.0,cut by per-sector cap - candidate for manual promotion
http://data.europa.eu/esco/skill/2de4572a-4724-4f76-afc2-72a568a264ac,IT/Software - Cybersecurity,A-occupation,optional,director of compliance and information security in gambling,1.0,1.0,cut by per-sector cap - candidate for manual promotion
http://data.europa.eu/esco/skill/3181325d-0590-4c6e-8db1-8278427c18ff,IT/Software - Cybersecurity,A-occupation,optional,director of compliance and information security in gambling,1.0,1.0,cut by per-sector cap - candidate for manual promotion
http://data.europa.eu/esco/skill/65227f84-5d33-44a4-ad4b-1e8571b415c0,IT/Software - Cybersecurity,A-occupation,optional,director of compliance and information security in gambling,1.0,1.0,cut by per-sector cap - candidate for manual promotion
http://data.europa.eu/esco/skill/000f1d3d-220f-4789-9c0a-cc742521fb02,IT/Software - Cybersecurity,A-occupation,optional,ICT security technician,1.0,1.0,cut by per-sector cap - candidate for manual promotion
http://data.europa.eu/esco/skill/034c29fa-c3ba-45ea-b8f3-bf8e3705e386,IT/Software - Cybersecurity,A-occupation,optional,ICT security technician,1.0,1.0,cut by per-sector cap - candidate for manual promotion
http://data.europa.eu/esco/skill/04f1b938-d4d4-4cb1-a863-982af76b9d93,IT/Software - Cybersecurity,A-occupation,optional,ICT security technician,1.0,1.0,cut by per-sector cap - candidate for manual promotion
http://data.europa.eu/esco/skill/0ccdfe98-f845-4598-84a1-3dca66e9d9a3,IT/Software - Cybersecurity,A-occupation,optional,ICT security technician,1.0,1.0,cut by per-sector cap - candidate for manual promotion
http://data.europa.eu/esco/skill/0cd6dcf1-5778-42a5-b685-4d01ae4a4871,IT/Software - Cybersecurity,A-occupation,optional,ICT security technician,1.0,1.0,cut by per-sector cap - candidate for manual promotion
http://data.europa.eu/esco/skill/0de61385-de6d-4146-ba32-1cc1bc102220,IT/Software - Cybersecurity,A-occupation,optional,ICT security technician,1.0,1.0,cut by per-sector cap - candidate for manual promotion
http://data.europa.eu/esco/skill/13bdd41a-2a18-441f-96db-41252c519413,IT/Software - Cybersecurity,A-occupation,optional,ICT security technician,1.0,1.0,cut by per-sector cap - candidate for manual promotion
http://data.europa.eu/esco/skill/19a8293b-8e95-4de3-983f-77484079c389,IT/Software - Cybersecurity,A-occupation,optional,ICT security technician,1.0,1.0,cut by per-sector cap - candidate for manual promotion
http://data.europa.eu/esco/skill/2bde42ae-e776-41c1-9ded-b07b30bfe985,IT/Software - Cybersecurity,A-occupation,optional,ICT security technician,1.0,1.0,cut by per-sector cap - candidate for manual promotion
http://data.europa.eu/esco/skill/300d432b-f457-4cd3-9cb1-1858c7d14954,IT/Software - Cybersecurity,A-occupation,optional,ICT security technician,1.0,1.0,cut by per-sector cap - candidate for manual promotion
http://data.europa.eu/esco/skill/3cd569a2-4f88-4c1e-9995-8dce8c5e51a7,IT/Software - Cybersecurity,A-occupation,optional,ICT security technician,1.0,1.0,cut by per-sector cap - candidate for manual promotion
http://data.europa.eu/esco/skill/401eb8d8-6daa-4f8b-90ad-60afc71eb4f8,IT/Software - Cybersecurity,A-occupation,optional,ICT security technician,1.0,1.0,cut by per-sector cap - candidate for manual promotion
http://data.europa.eu/esco/skill/42ed3bfb-1a01-4c8b-9758-fc6438865734,IT/Software - Cybersecurity,A-occupation,optional,ICT security technician,1.0,1.0,cut by per-sector cap - candidate for manual promotion
http://data.europa.eu/esco/skill/4350c38d-0fe9-4ca7-bab9-40ed7f72b04f,IT/Software - Cybersecurity,A-occupation,optional,ICT security technician,1.0,1.0,cut by per-sector cap - candidate for manual promotion
http://data.europa.eu/esco/skill/47b9bbcf-356c-4782-83a4-7f5a1b2b51a3,IT/Software - Cybersecurity,A-occupation,optional,ICT security technician,1.0,1.0,cut by per-sector cap - candidate for manual promotion
http://data.europa.eu/esco/skill/4c016b68-4116-468c-9dc6-42710c239e4a,IT/Software - Cybersecurity,A-occupation,optional,ICT security technician,1.0,1.0,cut by per-sector cap - candidate for manual promotion
http://data.europa.eu/esco/skill/51586df8-1c46-4b47-8583-773cb63bf00b,IT/Software - Cybersecurity,A-occupation,optional,ICT security technician,1.0,1.0,cut by per-sector cap - candidate for manual promotion
http://data.europa.eu/esco/skill/52cf3037-ab53-4806-85ed-7fd21ea7f6a1,IT/Software - Cybersecurity,A-occupation,optional,ICT security technician,1.0,1.0,cut by per-sector cap - candidate for manual promotion
http://data.europa.eu/esco/skill/56a7f561-1d55-43c9-9cd7-36a0a9bc6c50,IT/Software - Cybersecurity,A-occupation,optional,ICT security technician,1.0,1.0,cut by per-sector cap - candidate for manual promotion
http://data.europa.eu/esco/skill/58d7a289-dafd-4363-833f-d1dc4140885e,IT/Software - Cybersecurity,A-occupation,optional,ICT security technician,1.0,1.0,cut by per-sector cap - candidate for manual promotion
http://data.europa.eu/esco/skill/709ef32a-7435-48e2-8fa2-16e389ecab8a,IT/Software - Cybersecurity,A-occupation,optional,ICT security technician,1.0,1.0,cut by per-sector cap - candidate for manual promotion
http://data.europa.eu/esco/skill/8369ede5-4200-4a44-be2e-bc60ef959259,IT/Software - Cybersecurity,A-occupation,optional,ICT security technician,1.0,1.0,cut by per-sector cap - candidate for manual promotion
http://data.europa.eu/esco/skill/867137fb-ff1b-4ca3-99f3-cb6969aa2c68,IT/Software - Cybersecurity,A-occupation,optional,ICT security technician,1.0,1.0,cut by per-sector cap - candidate for manual promotion
http://data.europa.eu/esco/skill/993b1e23-f2de-4bd8-b33f-f86dde1c8e9d,IT/Software - Cybersecurity,A-occupation,optional,ICT security technician,1.0,1.0,cut by per-sector cap - candidate for manual promotion
http://data.europa.eu/esco/skill/9973a5a2-7822-4161-99e9-95c781eb63f8,IT/Software - Cybersecurity,A-occupation,optional,ICT security technician,1.0,1.0,cut by per-sector cap - candidate for manual promotion
http://data.europa.eu/esco/skill/a4d336a6-9ffd-402a-91cc-f359716ba4e0,IT/Software - Cybersecurity,A-occupation,optional,ICT security technician,1.0,1.0,cut by per-sector cap - candidate for manual promotion
http://data.europa.eu/esco/skill/b4dc6e4f-dc7d-445f-8ce2-d7b9d225e282,IT/Software - Cybersecurity,A-occupation,optional,ICT security technician,1.0,1.0,cut by per-sector cap - candidate for manual promotion
http://data.europa.eu/esco/skill/bb99af26-71ff-4dca-bde7-1eb1f6194426,IT/Software - Cybersecurity,A-occupation,optional,ICT security technician,1.0,1.0,cut by per-sector cap - candidate for manual promotion
http://data.europa.eu/esco/skill/be80acfc-b6f2-4411-9b8d-b19d9cd2556a,IT/Software - Cybersecurity,A-occupation,optional,ICT security technician,1.0,1.0,cut by per-sector cap - candidate for manual promotion
http://data.europa.eu/esco/skill/c3a03c5a-c260-4c26-9b9a-873abb396f4d,IT/Software - Cybersecurity,A-occupation,optional,ICT security technician,1.0,1.0,cut by per-sector cap - candidate for manual promotion
http://data.europa.eu/esco/skill/d56fc2b5-4b0a-4e7e-9bde-a33736f6ff18,IT/Software - Cybersecurity,A-occupation,optional,ICT security technician,1.0,1.0,cut by per-sector cap - candidate for manual promotion
http://data.europa.eu/esco/skill/dcdd5ddf-82a6-4ac3-8edc-d4b23cae9a88,IT/Software - Cybersecurity,A-occupation,optional,ICT security technician,1.0,1.0,cut by per-sector cap - candidate for manual promotion
http://data.europa.eu/esco/skill/def007fa-5fed-4a5f-91a2-b0d7e3db1be1,IT/Software - Cybersecurity,A-occupation,optional,ICT security technician,1.0,1.0,cut by per-sector cap - candidate for manual promotion
http://data.europa.eu/esco/skill/e8b89eb6-51e8-4c3a-babb-88b2e110376b,IT/Software - Cybersecurity,A-occupation,optional,ICT security technician,1.0,1.0,cut by per-sector cap - candidate for manual promotion
http://data.europa.eu/esco/skill/eb0e5615-1575-4a86-a1a2-7d39595033c5,IT/Software - Cybersecurity,A-occupation,optional,ICT security technician,1.0,1.0,cut by per-sector cap - candidate for manual promotion
http://data.europa.eu/esco/skill/ffddfc7c-a9dd-449f-9e96-882dc447c8b6,IT/Software - Cybersecurity,A-occupation,optional,ICT security technician,1.0,1.0,cut by per-sector cap - candidate for manual promotion
http://data.europa.eu/esco/skill/fd60bbcc-c3b6-4fa5-936c-eef5ae0a2d44,IT/Software - Cybersecurity,A-occupation,optional,ICT security technician,1.0,1.0,cut by per-sector cap - candidate for manual promotion
http://data.europa.eu/esco/skill/50597e96-9b6a-4736-ac79-dd80f36c0269,IT/Software - Cybersecurity,B-label,,Metasploit,2.0,1.0,cut by per-sector cap - candidate for manual promotion
http://data.europa.eu/esco/skill/024037ca-96a9-4cb8-ba86-2cd5a209c90a,IT/Software - Cybersecurity,B-label,,Maltego,2.0,1.0,cut by per-sector cap - candidate for manual promotion
http://data.europa.eu/esco/skill/625b57ee-29d4-425b-bf99-9fd54dd021fe,IT/Software - Cybersecurity,B-label,,Kali Linux,2.0,1.0,cut by per-sector cap - candidate for manual promotion
http://data.europa.eu/esco/skill/09cf2c34-6f93-4a19-a9f1-c0d866414bcc,IT/Software - Cybersecurity,B-label,,Cain and Abel (penetration testing tool),2.0,1.0,cut by per-sector cap - candidate for manual promotion
http://data.europa.eu/esco/skill/86d2e2ea-1ba2-4aa6-b465-8a1f9abc81b8,IT/Software - Cybersecurity,B-label,,apply information security policies,2.0,1.0,cut by per-sector cap - candidate for manual promotion
http://data.europa.eu/esco/skill/3a6b6485-8775-44b9-aba8-0ae06a53ce2f,IT/Software - Cybersecurity,B-label,,military code,2.0,1.0,cut by per-sector cap - candidate for manual promotion
http://data.europa.eu/esco/skill/adcca622-b933-4ba3-bc43-bf371879edc3,IT/Software - Cybersecurity,B-label,,data security principles,2.0,1.0,cut by per-sector cap - candidate for manual promotion
http://data.europa.eu/esco/skill/2891f0dc-4426-4a9a-8fbb-db4fb0a66f91,IT/Software - Cybersecurity,B-label,,Nessus,2.0,1.0,cut by per-sector cap - candidate for manual promotion
http://data.europa.eu/esco/skill/7bf4539a-3f2e-4485-876b-1c9306b181af,IT/Software - Cybersecurity,B-label,,John The Ripper (penetration testing tool),2.0,1.0,cut by per-sector cap - candidate for manual promotion
http://data.europa.eu/esco/skill/557e9247-1a2d-4497-aa7f-0cded7768da1,IT/Software - Cybersecurity,B-label,,Aircrack (penetration testing tool),2.0,1.0,cut by per-sector cap - candidate for manual promotion
http://data.europa.eu/esco/skill/58783f72-5098-4807-b1d1-954ec2ae94c4,IT/Software - Cybersecurity,B-label,,Backbox (penetration testing tool),2.0,1.0,cut by per-sector cap - candidate for manual promotion
http://data.europa.eu/esco/skill/c2cbbccf-4ffd-4626-86e7-505b39c872a0,IT/Software - IT Infrastructure & Networks,A-occupation,optional,ICT network technician,1.0,5.0,weak signal (label-only or optional-relation)
http://data.europa.eu/esco/skill/8359bd04-d2cb-4757-af1f-39a921df9efe,IT/Software - IT Infrastructure & Networks,A-occupation,optional,ICT network technician,1.0,4.0,weak signal (label-only or optional-relation)
http://data.europa.eu/esco/skill/0ccdfe98-f845-4598-84a1-3dca66e9d9a3,IT/Software - IT Infrastructure & Networks,A-occupation,optional,cloud engineer,1.0,3.0,weak signal (label-only or optional-relation)
http://data.europa.eu/esco/skill/19a8293b-8e95-4de3-983f-77484079c389,IT/Software - IT Infrastructure & Networks,A-occupation,optional,cloud engineer,1.0,3.0,weak signal (label-only or optional-relation)
http://data.europa.eu/esco/skill/ccd0a1d9-afda-43d9-b901-96344886e14d,IT/Software - IT Infrastructure & Networks,A-occupation,optional,cloud engineer,1.0,3.0,weak signal (label-only or optional-relation)
http://data.europa.eu/esco/skill/0fb753a1-2ef2-4429-84d2-ecb2b24daf7a,IT/Software - IT Infrastructure & Networks,A-occupation,optional,ICT network technician,1.0,3.0,weak signal (label-only or optional-relation)
http://data.europa.eu/esco/skill/709ef32a-7435-48e2-8fa2-16e389ecab8a,IT/Software - IT Infrastructure & Networks,A-occupation,optional,ICT network technician,1.0,3.0,weak signal (label-only or optional-relation)
http://data.europa.eu/esco/skill/56a7f561-1d55-43c9-9cd7-36a0a9bc6c50,IT/Software - IT Infrastructure & Networks,A-occupation,optional,ICT network administrator,1.0,3.0,weak signal (label-only or optional-relation)
http://data.europa.eu/esco/skill/0a9acb6b-1139-4be9-b431-3a80a959f2f4,IT/Software - IT Infrastructure & Networks,A-occupation,optional,cloud architect,1.0,2.0,weak signal (label-only or optional-relation)
http://data.europa.eu/esco/skill/dba46f87-0831-49cd-a1c7-340a653c0221,IT/Software - IT Infrastructure & Networks,A-occupation,optional,cloud architect,1.0,2.0,weak signal (label-only or optional-relation)
http://data.europa.eu/esco/skill/3ff589b7-68df-4ea5-ae41-b395bdb2378f,IT/Software - IT Infrastructure & Networks,A-occupation,optional,cloud engineer,1.0,2.0,weak signal (label-only or optional-relation)
http://data.europa.eu/esco/skill/6474fc36-67ae-436b-9d39-c14402c6a89b,IT/Software - IT Infrastructure & Networks,A-occupation,optional,ICT network technician,1.0,2.0,weak signal (label-only or optional-relation)
http://data.europa.eu/esco/skill/000f1d3d-220f-4789-9c0a-cc742521fb02,IT/Software - IT Infrastructure & Networks,A-occupation,optional,ICT network administrator,1.0,2.0,weak signal (label-only or optional-relation)
http://data.europa.eu/esco/skill/034c29fa-c3ba-45ea-b8f3-bf8e3705e386,IT/Software - IT Infrastructure & Networks,A-occupation,optional,ICT network administrator,1.0,2.0,weak signal (label-only or optional-relation)
http://data.europa.eu/esco/skill/04f1b938-d4d4-4cb1-a863-982af76b9d93,IT/Software - IT Infrastructure & Networks,A-occupation,optional,ICT network administrator,1.0,2.0,weak signal (label-only or optional-relation)
http://data.europa.eu/esco/skill/0cd6dcf1-5778-42a5-b685-4d01ae4a4871,IT/Software - IT Infrastructure & Networks,A-occupation,optional,ICT network administrator,1.0,2.0,weak signal (label-only or optional-relation)
http://data.europa.eu/esco/skill/0de61385-de6d-4146-ba32-1cc1bc102220,IT/Software - IT Infrastructure & Networks,A-occupation,optional,ICT network administrator,1.0,2.0,weak signal (label-only or optional-relation)
http://data.europa.eu/esco/skill/13bdd41a-2a18-441f-96db-41252c519413,IT/Software - IT Infrastructure & Networks,A-occupation,optional,ICT network administrator,1.0,2.0,weak signal (label-only or optional-relation)
http://data.europa.eu/esco/skill/2bde42ae-e776-41c1-9ded-b07b30bfe985,IT/Software - IT Infrastructure & Networks,A-occupation,optional,ICT network administrator,1.0,2.0,weak signal (label-only or optional-relation)
http://data.europa.eu/esco/skill/300d432b-f457-4cd3-9cb1-1858c7d14954,IT/Software - IT Infrastructure & Networks,A-occupation,optional,ICT network administrator,1.0,2.0,weak signal (label-only or optional-relation)
http://data.europa.eu/esco/skill/42ed3bfb-1a01-4c8b-9758-fc6438865734,IT/Software - IT Infrastructure & Networks,A-occupation,optional,ICT network administrator,1.0,2.0,weak signal (label-only or optional-relation)
http://data.europa.eu/esco/skill/4350c38d-0fe9-4ca7-bab9-40ed7f72b04f,IT/Software - IT Infrastructure & Networks,A-occupation,optional,ICT network administrator,1.0,2.0,weak signal (label-only or optional-relation)
http://data.europa.eu/esco/skill/47b9bbcf-356c-4782-83a4-7f5a1b2b51a3,IT/Software - IT Infrastructure & Networks,A-occupation,optional,ICT network administrator,1.0,2.0,weak signal (label-only or optional-relation)
http://data.europa.eu/esco/skill/4c016b68-4116-468c-9dc6-42710c239e4a,IT/Software - IT Infrastructure & Networks,A-occupation,optional,ICT network administrator,1.0,2.0,weak signal (label-only or optional-relation)
http://data.europa.eu/esco/skill/51586df8-1c46-4b47-8583-773cb63bf00b,IT/Software - IT Infrastructure & Networks,A-occupation,optional,ICT network administrator,1.0,2.0,weak signal (label-only or optional-relation)
http://data.europa.eu/esco/skill/52cf3037-ab53-4806-85ed-7fd21ea7f6a1,IT/Software - IT Infrastructure & Networks,A-occupation,optional,ICT network administrator,1.0,2.0,weak signal (label-only or optional-relation)
http://data.europa.eu/esco/skill/58d7a289-dafd-4363-833f-d1dc4140885e,IT/Software - IT Infrastructure & Networks,A-occupation,optional,ICT network administrator,1.0,2.0,weak signal (label-only or optional-relation)
http://data.europa.eu/esco/skill/8369ede5-4200-4a44-be2e-bc60ef959259,IT/Software - IT Infrastructure & Networks,A-occupation,optional,ICT network administrator,1.0,2.0,weak signal (label-only or optional-relation)
http://data.europa.eu/esco/skill/867137fb-ff1b-4ca3-99f3-cb6969aa2c68,IT/Software - IT Infrastructure & Networks,A-occupation,optional,ICT network administrator,1.0,2.0,weak signal (label-only or optional-relation)
http://data.europa.eu/esco/skill/993b1e23-f2de-4bd8-b33f-f86dde1c8e9d,IT/Software - IT Infrastructure & Networks,A-occupation,optional,ICT network administrator,1.0,2.0,weak signal (label-only or optional-relation)
http://data.europa.eu/esco/skill/9973a5a2-7822-4161-99e9-95c781eb63f8,IT/Software - IT Infrastructure & Networks,A-occupation,optional,ICT network administrator,1.0,2.0,weak signal (label-only or optional-relation)
http://data.europa.eu/esco/skill/a4d336a6-9ffd-402a-91cc-f359716ba4e0,IT/Software - IT Infrastructure & Networks,A-occupation,optional,ICT network administrator,1.0,2.0,weak signal (label-only or optional-relation)
http://data.europa.eu/esco/skill/b4dc6e4f-dc7d-445f-8ce2-d7b9d225e282,IT/Software - IT Infrastructure & Networks,A-occupation,optional,ICT network administrator,1.0,2.0,weak signal (label-only or optional-relation)
http://data.europa.eu/esco/skill/b633eb55-8f1f-4ae6-ab4c-2022ffe2cb7f,IT/Software - IT Infrastructure & Networks,A-occupation,optional,ICT network administrator,1.0,2.0,weak signal (label-only or optional-relation)
http://data.europa.eu/esco/skill/ba04b19b-0b18-4d5c-b799-4db31a98e58d,IT/Software - IT Infrastructure & Networks,A-occupation,optional,ICT network administrator,1.0,2.0,weak signal (label-only or optional-relation)
http://data.europa.eu/esco/skill/bb99af26-71ff-4dca-bde7-1eb1f6194426,IT/Software - IT Infrastructure & Networks,A-occupation,optional,ICT network administrator,1.0,2.0,weak signal (label-only or optional-relation)
http://data.europa.eu/esco/skill/be80acfc-b6f2-4411-9b8d-b19d9cd2556a,IT/Software - IT Infrastructure & Networks,A-occupation,optional,ICT network administrator,1.0,2.0,weak signal (label-only or optional-relation)
http://data.europa.eu/esco/skill/c3a03c5a-c260-4c26-9b9a-873abb396f4d,IT/Software - IT Infrastructure & Networks,A-occupation,optional,ICT network administrator,1.0,2.0,weak signal (label-only or optional-relation)
http://data.europa.eu/esco/skill/ce26e71f-2d47-474e-89b6-7920931ac4fc,IT/Software - IT Infrastructure & Networks,A-occupation,optional,ICT network administrator,1.0,2.0,cut by per-sector cap - candidate for manual promotion
http://data.europa.eu/esco/skill/d56fc2b5-4b0a-4e7e-9bde-a33736f6ff18,IT/Software - IT Infrastructure & Networks,A-occupation,optional,ICT network administrator,1.0,2.0,cut by per-sector cap - candidate for manual promotion
http://data.europa.eu/esco/skill/d8829a1d-dbde-435b-b921-29d6462f35c9,IT/Software - IT Infrastructure & Networks,A-occupation,optional,ICT network administrator,1.0,2.0,cut by per-sector cap - candidate for manual promotion
http://data.europa.eu/esco/skill/dcdd5ddf-82a6-4ac3-8edc-d4b23cae9a88,IT/Software - IT Infrastructure & Networks,A-occupation,optional,ICT network administrator,1.0,2.0,cut by per-sector cap - candidate for manual promotion
http://data.europa.eu/esco/skill/def007fa-5fed-4a5f-91a2-b0d7e3db1be1,IT/Software - IT Infrastructure & Networks,A-occupation,optional,ICT network administrator,1.0,2.0,cut by per-sector cap - candidate for manual promotion
http://data.europa.eu/esco/skill/e8b89eb6-51e8-4c3a-babb-88b2e110376b,IT/Software - IT Infrastructure & Networks,A-occupation,optional,ICT network administrator,1.0,2.0,cut by per-sector cap - candidate for manual promotion
http://data.europa.eu/esco/skill/eb0e5615-1575-4a86-a1a2-7d39595033c5,IT/Software - IT Infrastructure & Networks,A-occupation,optional,ICT network administrator,1.0,2.0,cut by per-sector cap - candidate for manual promotion
http://data.europa.eu/esco/skill/ffddfc7c-a9dd-449f-9e96-882dc447c8b6,IT/Software - IT Infrastructure & Networks,A-occupation,optional,ICT network administrator,1.0,2.0,cut by per-sector cap - candidate for manual promotion
http://data.europa.eu/esco/skill/33a82b83-c838-4889-ae62-fae1317481eb,IT/Software - IT Infrastructure & Networks,A-occupation,optional,ICT network administrator,1.0,2.0,cut by per-sector cap - candidate for manual promotion
http://data.europa.eu/esco/skill/418a56a2-7cfc-4b6d-8cf5-5c2add99a849,IT/Software - IT Infrastructure & Networks,A-occupation,optional,ICT network administrator,1.0,2.0,cut by per-sector cap - candidate for manual promotion
http://data.europa.eu/esco/skill/90be83d9-56f1-46a4-a6bc-96c51f6c9025,IT/Software - IT Infrastructure & Networks,A-occupation,optional,ICT network administrator,1.0,2.0,cut by per-sector cap - candidate for manual promotion
http://data.europa.eu/esco/skill/013441c1-1f13-47e9-80c4-9a53e8e1bc05,IT/Software - IT Infrastructure & Networks,A-occupation,optional,cloud DevOps engineer,1.0,2.0,cut by per-sector cap - candidate for manual promotion
http://data.europa.eu/esco/skill/6b6a9252-2ed7-4862-a02f-1578f4a532ea,IT/Software - IT Infrastructure & Networks,A-occupation,optional,cloud DevOps engineer,1.0,2.0,cut by per-sector cap - candidate for manual promotion
http://data.europa.eu/esco/skill/bec4359e-cb92-468f-a997-8fb28e32fba9,IT/Software - IT Infrastructure & Networks,A-occupation,optional,cloud DevOps engineer,1.0,2.0,cut by per-sector cap - candidate for manual promotion
http://data.europa.eu/esco/skill/c453cf81-6197-428e-84c6-70c773b63f27,IT/Software - IT Infrastructure & Networks,A-occupation,optional,cloud architect,1.0,1.0,cut by per-sector cap - candidate for manual promotion
http://data.europa.eu/esco/skill/7af6e9e8-1e11-4c0b-b7c6-ac96bbbbc674,IT/Software - IT Infrastructure & Networks,A-occupation,optional,cloud architect,1.0,1.0,cut by per-sector cap - candidate for manual promotion
http://data.europa.eu/esco/skill/48db96bf-3314-45c6-bad8-fdb6e20e5639,IT/Software - IT Infrastructure & Networks,A-occupation,optional,cloud engineer,1.0,1.0,cut by per-sector cap - candidate for manual promotion
http://data.europa.eu/esco/skill/cef5c0f8-1e40-4c09-b6a7-aa7811849e5d,IT/Software - IT Infrastructure & Networks,A-occupation,optional,cloud engineer,1.0,1.0,cut by per-sector cap - candidate for manual promotion
http://data.europa.eu/esco/skill/12274664-b642-4945-b88f-d7787dc3c9dd,IT/Software - IT Infrastructure & Networks,A-occupation,optional,cloud engineer,1.0,1.0,cut by per-sector cap - candidate for manual promotion
http://data.europa.eu/esco/skill/2b92a5b2-6758-4ee3-9fb4-b6387a55cc8f,IT/Software - IT Infrastructure & Networks,A-occupation,optional,cloud engineer,1.0,1.0,cut by per-sector cap - candidate for manual promotion
http://data.europa.eu/esco/skill/75f839c2-fd9a-4ad3-8921-6e734608568d,IT/Software - IT Infrastructure & Networks,A-occupation,optional,cloud engineer,1.0,1.0,cut by per-sector cap - candidate for manual promotion
http://data.europa.eu/esco/skill/96550830-539b-4746-96aa-92aa4959945d,IT/Software - IT Infrastructure & Networks,A-occupation,optional,cloud engineer,1.0,1.0,cut by per-sector cap - candidate for manual promotion
http://data.europa.eu/esco/skill/cbe2c304-1e7d-489a-97d9-a7d3e37a9db6,IT/Software - IT Infrastructure & Networks,A-occupation,optional,cloud engineer,1.0,1.0,cut by per-sector cap - candidate for manual promotion
http://data.europa.eu/esco/skill/557d1221-0235-4a48-ada5-8fca73443627,IT/Software - IT Infrastructure & Networks,A-occupation,optional,ICT network technician,1.0,1.0,cut by per-sector cap - candidate for manual promotion
http://data.europa.eu/esco/skill/6e4f75b4-c60f-4623-a9ba-760c8245753b,IT/Software - IT Infrastructure & Networks,A-occupation,optional,ICT network technician,1.0,1.0,cut by per-sector cap - candidate for manual promotion
http://data.europa.eu/esco/skill/f1a56786-e6d7-4b2e-a39c-23e09024d473,IT/Software - IT Infrastructure & Networks,A-occupation,optional,ICT network technician,1.0,1.0,cut by per-sector cap - candidate for manual promotion
http://data.europa.eu/esco/skill/26ed52cf-30ca-451e-9699-a6c04a30649f,IT/Software - IT Infrastructure & Networks,A-occupation,optional,ICT network technician,1.0,1.0,cut by per-sector cap - candidate for manual promotion
http://data.europa.eu/esco/skill/f4a85869-1855-45d5-a43c-7ee8cd451996,IT/Software - IT Infrastructure & Networks,A-occupation,optional,ICT network technician,1.0,1.0,cut by per-sector cap - candidate for manual promotion
http://data.europa.eu/esco/skill/401eb8d8-6daa-4f8b-90ad-60afc71eb4f8,IT/Software - IT Infrastructure & Networks,A-occupation,optional,ICT network administrator,1.0,1.0,cut by per-sector cap - candidate for manual promotion
http://data.europa.eu/esco/skill/553e1d2d-abf1-4b37-8ac4-c5c78a8edbc0,IT/Software - IT Infrastructure & Networks,A-occupation,optional,ICT network administrator,1.0,1.0,cut by per-sector cap - candidate for manual promotion
http://data.europa.eu/esco/skill/0d4471ae-3820-4c23-8566-f44a7bd159b2,IT/Software - IT Infrastructure & Networks,A-occupation,optional,ICT network administrator,1.0,1.0,cut by per-sector cap - candidate for manual promotion
http://data.europa.eu/esco/skill/172020d1-e151-445b-8173-e2a5fb16fe51,IT/Software - IT Infrastructure & Networks,A-occupation,optional,ICT network administrator,1.0,1.0,cut by per-sector cap - candidate for manual promotion
http://data.europa.eu/esco/skill/3cfa46e9-b7da-44ac-b09e-9596dffe0425,IT/Software - IT Infrastructure & Networks,A-occupation,optional,ICT network administrator,1.0,1.0,cut by per-sector cap - candidate for manual promotion
http://data.europa.eu/esco/skill/7e1f9657-ab4e-407c-842f-b846197060e3,IT/Software - IT Infrastructure & Networks,A-occupation,optional,ICT network administrator,1.0,1.0,cut by per-sector cap - candidate for manual promotion
http://data.europa.eu/esco/skill/d54a1355-05c8-45eb-9c42-267d2cfcdf44,IT/Software - IT Infrastructure & Networks,A-occupation,optional,ICT network administrator,1.0,1.0,cut by per-sector cap - candidate for manual promotion
http://data.europa.eu/esco/skill/f5ac9226-0ace-4d34-a1c3-7b3845834a98,IT/Software - IT Infrastructure & Networks,A-occupation,optional,ICT network administrator,1.0,1.0,cut by per-sector cap - candidate for manual promotion
http://data.europa.eu/esco/skill/23b45aa6-a479-486d-9e6f-062cbab7c68a,IT/Software - IT Infrastructure & Networks,A-occupation,optional,ICT system administrator,1.0,1.0,cut by per-sector cap - candidate for manual promotion
http://data.europa.eu/esco/skill/3e23db60-0c3d-498a-a6ac-ffbed0ecb033,IT/Software - IT Infrastructure & Networks,A-occupation,optional,ICT system administrator,1.0,1.0,cut by per-sector cap - candidate for manual promotion
http://data.europa.eu/esco/skill/72a74f69-5cf1-43c5-99b9-62a444578919,IT/Software - IT Infrastructure & Networks,A-occupation,optional,ICT system administrator,1.0,1.0,cut by per-sector cap - candidate for manual promotion
http://data.europa.eu/esco/skill/a4e31589-3632-4926-91d0-15b889c90b9b,IT/Software - IT Infrastructure & Networks,A-occupation,optional,ICT system administrator,1.0,1.0,cut by per-sector cap - candidate for manual promotion
http://data.europa.eu/esco/skill/c9e96450-421d-48af-9ee6-d9c50e29afc2,IT/Software - IT Infrastructure & Networks,A-occupation,optional,ICT system administrator,1.0,1.0,cut by per-sector cap - candidate for manual promotion
http://data.europa.eu/esco/skill/415abd43-e8e5-4643-b5da-5f11307af57a,IT/Software - IT Infrastructure & Networks,A-occupation,optional,ICT system administrator,1.0,1.0,cut by per-sector cap - candidate for manual promotion
http://data.europa.eu/esco/skill/611ed16b-99bf-4840-9cab-f55d1d286e0a,IT/Software - IT Infrastructure & Networks,A-occupation,optional,ICT system administrator,1.0,1.0,cut by per-sector cap - candidate for manual promotion
http://data.europa.eu/esco/skill/69cfc5ed-6569-4aca-a4cc-fd782ba51d9c,IT/Software - IT Infrastructure & Networks,A-occupation,optional,ICT system administrator,1.0,1.0,cut by per-sector cap - candidate for manual promotion
http://data.europa.eu/esco/skill/a8797f21-1af0-4c5e-98ca-bf1442929363,IT/Software - IT Infrastructure & Networks,A-occupation,optional,ICT system administrator,1.0,1.0,cut by per-sector cap - candidate for manual promotion
http://data.europa.eu/esco/skill/ea412de3-9d7a-4943-8d8c-c6d3c7495d0e,IT/Software - IT Infrastructure & Networks,A-occupation,optional,ICT system administrator,1.0,1.0,cut by per-sector cap - candidate for manual promotion
http://data.europa.eu/esco/skill/0daaf096-1639-461c-bf1a-bbeea77e6b67,IT/Software - IT Infrastructure & Networks,A-occupation,optional,cloud identity manager,1.0,1.0,cut by per-sector cap - candidate for manual promotion
http://data.europa.eu/esco/skill/3cee858e-79e8-4a4b-b99f-93c7f735d58b,IT/Software - IT Infrastructure & Networks,A-occupation,optional,cloud identity manager,1.0,1.0,cut by per-sector cap - candidate for manual promotion
http://data.europa.eu/esco/skill/06358891-8424-43c5-891e-d40f226bef40,IT/Software - IT Infrastructure & Networks,A-occupation,optional,cloud identity manager,1.0,1.0,cut by per-sector cap - candidate for manual promotion
http://data.europa.eu/esco/skill/c4b626c1-e71c-44ec-9f88-042766f37fcc,IT/Software - IT Infrastructure & Networks,A-occupation,optional,cloud DevOps engineer,1.0,1.0,cut by per-sector cap - candidate for manual promotion
http://data.europa.eu/esco/skill/0d168770-4d9c-4096-b048-a6577818d306,IT/Software - IT Infrastructure & Networks,A-occupation,optional,ICT network engineer,1.0,1.0,cut by per-sector cap - candidate for manual promotion
http://data.europa.eu/esco/skill/449d119b-2d66-43a9-9230-7d27f16afbb6,IT/Software - IT Infrastructure & Networks,A-occupation,optional,ICT network engineer,1.0,1.0,cut by per-sector cap - candidate for manual promotion
http://data.europa.eu/esco/skill/6417a4cc-6f61-4459-a114-761a7fa0279d,IT/Software - IT Infrastructure & Networks,A-occupation,optional,ICT network engineer,1.0,1.0,cut by per-sector cap - candidate for manual promotion
http://data.europa.eu/esco/skill/69f0167e-75d9-46cf-847f-72a592880ebb,IT/Software - IT Infrastructure & Networks,A-occupation,optional,ICT network engineer,1.0,1.0,cut by per-sector cap - candidate for manual promotion
http://data.europa.eu/esco/skill/6b3afb82-c4ea-4f14-be54-a757fb762663,IT/Software - IT Infrastructure & Networks,A-occupation,optional,ICT network engineer,1.0,1.0,cut by per-sector cap - candidate for manual promotion
http://data.europa.eu/esco/skill/6f8a40d6-f9ce-43ec-a72f-d4213a53f3ed,IT/Software - IT Infrastructure & Networks,A-occupation,optional,ICT network engineer,1.0,1.0,cut by per-sector cap - candidate for manual promotion
http://data.europa.eu/esco/skill/9d2e926f-53d9-41f5-98f3-19dfaa687f3f,IT/Software - IT Infrastructure & Networks,A-occupation,optional,ICT network engineer,1.0,1.0,cut by per-sector cap - candidate for manual promotion
http://data.europa.eu/esco/skill/a3ce2bf7-5562-4639-9b52-fdb4850a3904,IT/Software - IT Infrastructure & Networks,A-occupation,optional,ICT network engineer,1.0,1.0,cut by per-sector cap - candidate for manual promotion
http://data.europa.eu/esco/skill/c7451027-8249-405a-bb1b-342ff0f3fb3b,IT/Software - IT Infrastructure & Networks,A-occupation,optional,ICT network engineer,1.0,1.0,cut by per-sector cap - candidate for manual promotion
http://data.europa.eu/esco/skill/f049d050-12da-4e40-813a-2b5eb6df6b51,IT/Software - IT Infrastructure & Networks,A-occupation,optional,ICT network engineer,1.0,1.0,cut by per-sector cap - candidate for manual promotion
http://data.europa.eu/esco/skill/25b291b5-8245-4d9d-b391-86a8a31d7109,IT/Software - IT Infrastructure & Networks,A-occupation,optional,ICT network engineer,1.0,1.0,cut by per-sector cap - candidate for manual promotion
http://data.europa.eu/esco/skill/2c4e11ef-da18-4e19-816b-e6bc19e12424,IT/Software - IT Infrastructure & Networks,A-occupation,optional,ICT network engineer,1.0,1.0,cut by per-sector cap - candidate for manual promotion
http://data.europa.eu/esco/skill/5b9cde20-f1b9-4adc-bfb3-dbf70b14138d,IT/Software - IT Infrastructure & Networks,A-occupation,optional,ICT network engineer,1.0,1.0,cut by per-sector cap - candidate for manual promotion
http://data.europa.eu/esco/skill/7d10fcb2-b368-48ab-996b-7c9fafcf68ed,IT/Software - IT Infrastructure & Networks,A-occupation,optional,ICT network engineer,1.0,1.0,cut by per-sector cap - candidate for manual promotion
http://data.europa.eu/esco/skill/901105f8-3a08-453e-b1dc-23619e317fd3,IT/Software - IT Infrastructure & Networks,A-occupation,optional,ICT network engineer,1.0,1.0,cut by per-sector cap - candidate for manual promotion
http://data.europa.eu/esco/skill/d31fab87-2a7d-485c-b699-2901ca294b15,IT/Software - IT Infrastructure & Networks,A-occupation,optional,ICT network engineer,1.0,1.0,cut by per-sector cap - candidate for manual promotion
http://data.europa.eu/esco/skill/f5308e60-d763-4ead-be95-88c96fb3e02b,IT/Software - IT Infrastructure & Networks,A-occupation,optional,ICT network engineer,1.0,1.0,cut by per-sector cap - candidate for manual promotion
http://data.europa.eu/esco/skill/501537a7-9d63-491d-ae02-09f04767ff1e,IT/Software - IT Infrastructure & Networks,A-occupation,optional,ICT network architect,1.0,1.0,cut by per-sector cap - candidate for manual promotion
http://data.europa.eu/esco/skill/79f24a62-7718-46e1-9b41-37be0560a5ca,IT/Software - IT Infrastructure & Networks,A-occupation,optional,ICT network architect,1.0,1.0,cut by per-sector cap - candidate for manual promotion
http://data.europa.eu/esco/skill/a846cb9e-c152-41e7-bd34-45e7ff941e3b,IT/Software - IT Infrastructure & Networks,A-occupation,optional,ICT network architect,1.0,1.0,cut by per-sector cap - candidate for manual promotion
http://data.europa.eu/esco/skill/d5a59ca8-2e91-472e-8571-d12ce4478679,IT/Software - IT Infrastructure & Networks,A-occupation,optional,ICT network architect,1.0,1.0,cut by per-sector cap - candidate for manual promotion
http://data.europa.eu/esco/skill/da6393d5-a53c-4863-abc7-51f36281d74e,IT/Software - IT Infrastructure & Networks,A-occupation,optional,ICT network architect,1.0,1.0,cut by per-sector cap - candidate for manual promotion
http://data.europa.eu/esco/skill/f6424ebb-8401-446b-9f7e-10d7c854da02,IT/Software - IT Infrastructure & Networks,A-occupation,optional,ICT network architect,1.0,1.0,cut by per-sector cap - candidate for manual promotion
http://data.europa.eu/esco/skill/339ac029-066a-4985-9f9d-b3d7c8fea0bb,IT/Software - IT Infrastructure & Networks,A-occupation,optional,ICT network architect,1.0,1.0,cut by per-sector cap - candidate for manual promotion
http://data.europa.eu/esco/skill/48b68726-0fd6-4e03-a5eb-82236516ee7a,IT/Software - IT Infrastructure & Networks,A-occupation,optional,ICT network architect,1.0,1.0,cut by per-sector cap - candidate for manual promotion
http://data.europa.eu/esco/skill/744442ac-c157-4350-8be0-ce454df4f5c5,IT/Software - IT Infrastructure & Networks,A-occupation,optional,ICT network architect,1.0,1.0,cut by per-sector cap - candidate for manual promotion
http://data.europa.eu/esco/skill/c32ad607-0c4d-4e34-b73f-668298f7bf13,IT/Software - IT Infrastructure & Networks,A-occupation,optional,ICT network architect,1.0,1.0,cut by per-sector cap - candidate for manual promotion
http://data.europa.eu/esco/skill/dc72ad0a-c5dc-4abd-bc0d-ca43e82162e1,IT/Software - IT Infrastructure & Networks,A-occupation,optional,ICT network architect,1.0,1.0,cut by per-sector cap - candidate for manual promotion
http://data.europa.eu/esco/skill/e08821b5-d6dd-4db9-a0f1-43185653c244,IT/Software - IT Infrastructure & Networks,A-occupation,optional,ICT network architect,1.0,1.0,cut by per-sector cap - candidate for manual promotion
http://data.europa.eu/esco/skill/f5dd06b8-5d17-4932-9d03-957d0c4f5051,IT/Software - IT Infrastructure & Networks,A-occupation,optional,ICT network architect,1.0,1.0,cut by per-sector cap - candidate for manual promotion
http://data.europa.eu/esco/skill/6a322874-e32f-4cd8-9683-badce67a7f73,IT/Software - QA & Testing,A-occupation,optional,ICT test analyst,1.0,7.0,weak signal (label-only or optional-relation)
http://data.europa.eu/esco/skill/9d1b08b3-ba1e-41f6-a466-1ac1e62eb5f0,IT/Software - QA & Testing,A-occupation,optional,ICT test analyst,1.0,6.0,weak signal (label-only or optional-relation)
http://data.europa.eu/esco/skill/0a9acb6b-1139-4be9-b431-3a80a959f2f4,IT/Software - QA & Testing,A-occupation,optional,ICT test analyst,1.0,7.0,weak signal (label-only or optional-relation)
http://data.europa.eu/esco/skill/6014921e-1d25-4039-adc2-04852d61880e,IT/Software - QA & Testing,A-occupation,optional,ICT test analyst,1.0,7.0,weak signal (label-only or optional-relation)
http://data.europa.eu/esco/skill/7557f0f4-b8bc-4ac0-b91e-222ab1ba744f,IT/Software - QA & Testing,A-occupation,optional,ICT test analyst,1.0,7.0,weak signal (label-only or optional-relation)
http://data.europa.eu/esco/skill/bec4359e-cb92-468f-a997-8fb28e32fba9,IT/Software - QA & Testing,A-occupation,optional,ICT test analyst,1.0,7.0,weak signal (label-only or optional-relation)
http://data.europa.eu/esco/skill/d5a59ca8-2e91-472e-8571-d12ce4478679,IT/Software - QA & Testing,A-occupation,optional,ICT test analyst,1.0,7.0,weak signal (label-only or optional-relation)
http://data.europa.eu/esco/skill/da6393d5-a53c-4863-abc7-51f36281d74e,IT/Software - QA & Testing,A-occupation,optional,ICT test analyst,1.0,7.0,weak signal (label-only or optional-relation)
http://data.europa.eu/esco/skill/1b7c716e-af95-4cda-a42f-6479c8b139f5,IT/Software - QA & Testing,A-occupation,optional,ICT test analyst,1.0,6.0,weak signal (label-only or optional-relation)
http://data.europa.eu/esco/skill/3f4dab51-572b-4e2c-85ef-3b4c3f7094e1,IT/Software - QA & Testing,A-occupation,optional,ICT test analyst,1.0,6.0,weak signal (label-only or optional-relation)
http://data.europa.eu/esco/skill/5da8018b-ae85-4cde-ad93-0394369018f3,IT/Software - QA & Testing,A-occupation,optional,ICT test analyst,1.0,6.0,weak signal (label-only or optional-relation)
http://data.europa.eu/esco/skill/99207709-d076-4cce-ba38-e90d3bb28806,IT/Software - QA & Testing,A-occupation,optional,ICT test analyst,1.0,6.0,weak signal (label-only or optional-relation)
http://data.europa.eu/esco/skill/9cf681c7-89ec-470c-b651-7fe03786f586,IT/Software - QA & Testing,A-occupation,optional,ICT test analyst,1.0,6.0,weak signal (label-only or optional-relation)
http://data.europa.eu/esco/skill/a57a54b6-2f2e-43e4-9621-b52f4a63cb08,IT/Software - QA & Testing,A-occupation,optional,ICT test analyst,1.0,6.0,weak signal (label-only or optional-relation)
http://data.europa.eu/esco/skill/c7d24594-0c11-4b27-9039-fe0bb903da8e,IT/Software - QA & Testing,A-occupation,optional,ICT test analyst,1.0,6.0,weak signal (label-only or optional-relation)
http://data.europa.eu/esco/skill/f597f772-24d3-4cec-813c-cf5a7027c794,IT/Software - QA & Testing,A-occupation,optional,ICT test analyst,1.0,6.0,weak signal (label-only or optional-relation)
http://data.europa.eu/esco/skill/0e1fe34b-f4e7-4642-8c8b-5a05ac3438e5,IT/Software - QA & Testing,A-occupation,optional,ICT test analyst,1.0,6.0,weak signal (label-only or optional-relation)
http://data.europa.eu/esco/skill/2522a6ce-3202-4ac8-9f5b-b9cb5a3a83a1,IT/Software - QA & Testing,A-occupation,optional,ICT test analyst,1.0,6.0,weak signal (label-only or optional-relation)
http://data.europa.eu/esco/skill/5ef0c719-5bcb-49f8-b8eb-824388225333,IT/Software - QA & Testing,A-occupation,optional,ICT test analyst,1.0,6.0,weak signal (label-only or optional-relation)
http://data.europa.eu/esco/skill/ff25cbf0-6978-4c4c-887e-d4b185410d74,IT/Software - QA & Testing,A-occupation,optional,ICT test analyst,1.0,4.0,weak signal (label-only or optional-relation)
http://data.europa.eu/esco/skill/ed39edd3-44d0-4a16-9796-bfb99f92baf3,IT/Software - QA & Testing,A-occupation,optional,ICT test analyst,1.0,3.0,weak signal (label-only or optional-relation)
http://data.europa.eu/esco/skill/c55caed2-de9e-4a25-819e-a0b0e83fba1b,IT/Software - QA & Testing,A-occupation,optional,ICT test analyst,1.0,3.0,weak signal (label-only or optional-relation)
http://data.europa.eu/esco/skill/3cd569a2-4f88-4c1e-9995-8dce8c5e51a7,IT/Software - QA & Testing,A-occupation,optional,software tester,1.0,3.0,weak signal (label-only or optional-relation)
http://data.europa.eu/esco/skill/4350c38d-0fe9-4ca7-bab9-40ed7f72b04f,IT/Software - QA & Testing,A-occupation,optional,software tester,1.0,3.0,weak signal (label-only or optional-relation)
http://data.europa.eu/esco/skill/b4dc6e4f-dc7d-445f-8ce2-d7b9d225e282,IT/Software - QA & Testing,A-occupation,optional,software tester,1.0,3.0,weak signal (label-only or optional-relation)
http://data.europa.eu/esco/skill/348b74cd-49ce-4844-8bdf-ec188b497213,IT/Software - QA & Testing,A-occupation,optional,ICT test analyst,1.0,2.0,weak signal (label-only or optional-relation)
http://data.europa.eu/esco/skill/04f1b938-d4d4-4cb1-a863-982af76b9d93,IT/Software - QA & Testing,A-occupation,optional,software tester,1.0,2.0,weak signal (label-only or optional-relation)
http://data.europa.eu/esco/skill/484df271-bb52-49f1-8f50-f19624bf4df2,IT/Software - QA & Testing,A-occupation,optional,software tester,1.0,2.0,weak signal (label-only or optional-relation)
http://data.europa.eu/esco/skill/4b51e76e-9e8a-455f-a289-5b48246345c4,IT/Software - QA & Testing,A-occupation,optional,software tester,1.0,2.0,weak signal (label-only or optional-relation)
http://data.europa.eu/esco/skill/c5e8abde-d2ba-4e8e-a65e-720b71180666,IT/Software - QA & Testing,A-occupation,optional,software tester,1.0,2.0,weak signal (label-only or optional-relation)
http://data.europa.eu/esco/skill/2618f336-8e71-4666-83b5-f368edb0906d,IT/Software - QA & Testing,A-occupation,optional,ICT accessibility tester,1.0,2.0,weak signal (label-only or optional-relation)
http://data.europa.eu/esco/skill/69bbd53f-fbb0-4476-b4b2-ef7844464e28,IT/Software - QA & Testing,A-occupation,optional,ICT accessibility tester,1.0,2.0,weak signal (label-only or optional-relation)
http://data.europa.eu/esco/skill/0af062de-eb43-41e9-9b96-249e2cd22d26,IT/Software - QA & Testing,A-occupation,optional,ICT accessibility tester,1.0,2.0,weak signal (label-only or optional-relation)
http://data.europa.eu/esco/skill/fd33c66c-70c4-40e6-b87c-5495bd3bf26e,IT/Software - QA & Testing,A-occupation,optional,ICT accessibility tester,1.0,2.0,weak signal (label-only or optional-relation)
http://data.europa.eu/esco/skill/f6424ebb-8401-446b-9f7e-10d7c854da02,IT/Software - QA & Testing,A-occupation,optional,ICT system tester,1.0,2.0,weak signal (label-only or optional-relation)
http://data.europa.eu/esco/skill/14d1e367-3efe-4ec5-86ae-eca48710ee4e,IT/Software - QA & Testing,A-occupation,optional,ICT integration tester,1.0,2.0,weak signal (label-only or optional-relation)
http://data.europa.eu/esco/skill/3ce1fe19-7f9e-4070-941d-651673a5693b,IT/Software - QA & Testing,A-occupation,optional,ICT test analyst,1.0,1.0,weak signal (label-only or optional-relation)
http://data.europa.eu/esco/skill/382c11ed-20d5-4ae7-b60e-15fec527fa6c,IT/Software - QA & Testing,A-occupation,optional,ICT test analyst,1.0,1.0,weak signal (label-only or optional-relation)
http://data.europa.eu/esco/skill/000f1d3d-220f-4789-9c0a-cc742521fb02,IT/Software - QA & Testing,A-occupation,optional,software tester,1.0,1.0,weak signal (label-only or optional-relation)
http://data.europa.eu/esco/skill/034c29fa-c3ba-45ea-b8f3-bf8e3705e386,IT/Software - QA & Testing,A-occupation,optional,software tester,1.0,1.0,weak signal (label-only or optional-relation)
http://data.europa.eu/esco/skill/0ccdfe98-f845-4598-84a1-3dca66e9d9a3,IT/Software - QA & Testing,A-occupation,optional,software tester,1.0,1.0,weak signal (label-only or optional-relation)
http://data.europa.eu/esco/skill/0cd6dcf1-5778-42a5-b685-4d01ae4a4871,IT/Software - QA & Testing,A-occupation,optional,software tester,1.0,1.0,weak signal (label-only or optional-relation)
http://data.europa.eu/esco/skill/0de61385-de6d-4146-ba32-1cc1bc102220,IT/Software - QA & Testing,A-occupation,optional,software tester,1.0,1.0,weak signal (label-only or optional-relation)
http://data.europa.eu/esco/skill/13bdd41a-2a18-441f-96db-41252c519413,IT/Software - QA & Testing,A-occupation,optional,software tester,1.0,1.0,weak signal (label-only or optional-relation)
http://data.europa.eu/esco/skill/19a8293b-8e95-4de3-983f-77484079c389,IT/Software - QA & Testing,A-occupation,optional,software tester,1.0,1.0,weak signal (label-only or optional-relation)
http://data.europa.eu/esco/skill/21d2f96d-35f7-4e3f-9745-c533d2dd6e97,IT/Software - QA & Testing,A-occupation,optional,software tester,1.0,1.0,weak signal (label-only or optional-relation)
http://data.europa.eu/esco/skill/2bde42ae-e776-41c1-9ded-b07b30bfe985,IT/Software - QA & Testing,A-occupation,optional,software tester,1.0,1.0,weak signal (label-only or optional-relation)
http://data.europa.eu/esco/skill/300d432b-f457-4cd3-9cb1-1858c7d14954,IT/Software - QA & Testing,A-occupation,optional,software tester,1.0,1.0,weak signal (label-only or optional-relation)
http://data.europa.eu/esco/skill/397da142-ab35-48fe-b154-7c38f447adfb,IT/Software - QA & Testing,A-occupation,optional,software tester,1.0,1.0,weak signal (label-only or optional-relation)
http://data.europa.eu/esco/skill/401eb8d8-6daa-4f8b-90ad-60afc71eb4f8,IT/Software - QA & Testing,A-occupation,optional,software tester,1.0,1.0,weak signal (label-only or optional-relation)
http://data.europa.eu/esco/skill/42ed3bfb-1a01-4c8b-9758-fc6438865734,IT/Software - QA & Testing,A-occupation,optional,software tester,1.0,1.0,weak signal (label-only or optional-relation)
http://data.europa.eu/esco/skill/47b9bbcf-356c-4782-83a4-7f5a1b2b51a3,IT/Software - QA & Testing,A-occupation,optional,software tester,1.0,1.0,weak signal (label-only or optional-relation)
http://data.europa.eu/esco/skill/4c016b68-4116-468c-9dc6-42710c239e4a,IT/Software - QA & Testing,A-occupation,optional,software tester,1.0,1.0,weak signal (label-only or optional-relation)
http://data.europa.eu/esco/skill/51586df8-1c46-4b47-8583-773cb63bf00b,IT/Software - QA & Testing,A-occupation,optional,software tester,1.0,1.0,weak signal (label-only or optional-relation)
http://data.europa.eu/esco/skill/52cf3037-ab53-4806-85ed-7fd21ea7f6a1,IT/Software - QA & Testing,A-occupation,optional,software tester,1.0,1.0,weak signal (label-only or optional-relation)
http://data.europa.eu/esco/skill/56a7f561-1d55-43c9-9cd7-36a0a9bc6c50,IT/Software - QA & Testing,A-occupation,optional,software tester,1.0,1.0,weak signal (label-only or optional-relation)
http://data.europa.eu/esco/skill/58d7a289-dafd-4363-833f-d1dc4140885e,IT/Software - QA & Testing,A-occupation,optional,software tester,1.0,1.0,weak signal (label-only or optional-relation)
http://data.europa.eu/esco/skill/6a536b36-c5c7-4d10-bf67-a4fb0f8549b2,IT/Software - QA & Testing,A-occupation,optional,software tester,1.0,1.0,weak signal (label-only or optional-relation)
http://data.europa.eu/esco/skill/8369ede5-4200-4a44-be2e-bc60ef959259,IT/Software - QA & Testing,A-occupation,optional,software tester,1.0,1.0,weak signal (label-only or optional-relation)
http://data.europa.eu/esco/skill/867137fb-ff1b-4ca3-99f3-cb6969aa2c68,IT/Software - QA & Testing,A-occupation,optional,software tester,1.0,1.0,weak signal (label-only or optional-relation)
http://data.europa.eu/esco/skill/993b1e23-f2de-4bd8-b33f-f86dde1c8e9d,IT/Software - QA & Testing,A-occupation,optional,software tester,1.0,1.0,weak signal (label-only or optional-relation)
http://data.europa.eu/esco/skill/9973a5a2-7822-4161-99e9-95c781eb63f8,IT/Software - QA & Testing,A-occupation,optional,software tester,1.0,1.0,weak signal (label-only or optional-relation)
http://data.europa.eu/esco/skill/a4d336a6-9ffd-402a-91cc-f359716ba4e0,IT/Software - QA & Testing,A-occupation,optional,software tester,1.0,1.0,weak signal (label-only or optional-relation)
http://data.europa.eu/esco/skill/b633eb55-8f1f-4ae6-ab4c-2022ffe2cb7f,IT/Software - QA & Testing,A-occupation,optional,software tester,1.0,1.0,weak signal (label-only or optional-relation)
http://data.europa.eu/esco/skill/ba1b0441-a6b8-4e57-8ccc-871012f63e42,IT/Software - QA & Testing,A-occupation,optional,software tester,1.0,1.0,weak signal (label-only or optional-relation)
http://data.europa.eu/esco/skill/bb99af26-71ff-4dca-bde7-1eb1f6194426,IT/Software - QA & Testing,A-occupation,optional,software tester,1.0,1.0,weak signal (label-only or optional-relation)
http://data.europa.eu/esco/skill/be80acfc-b6f2-4411-9b8d-b19d9cd2556a,IT/Software - QA & Testing,A-occupation,optional,software tester,1.0,1.0,weak signal (label-only or optional-relation)
http://data.europa.eu/esco/skill/c3a03c5a-c260-4c26-9b9a-873abb396f4d,IT/Software - QA & Testing,A-occupation,optional,software tester,1.0,1.0,weak signal (label-only or optional-relation)
http://data.europa.eu/esco/skill/ccd0a1d9-afda-43d9-b901-96344886e14d,IT/Software - QA & Testing,A-occupation,optional,software tester,1.0,1.0,weak signal (label-only or optional-relation)
http://data.europa.eu/esco/skill/d56fc2b5-4b0a-4e7e-9bde-a33736f6ff18,IT/Software - QA & Testing,A-occupation,optional,software tester,1.0,1.0,weak signal (label-only or optional-relation)
http://data.europa.eu/esco/skill/dcdd5ddf-82a6-4ac3-8edc-d4b23cae9a88,IT/Software - QA & Testing,A-occupation,optional,software tester,1.0,1.0,weak signal (label-only or optional-relation)
http://data.europa.eu/esco/skill/def007fa-5fed-4a5f-91a2-b0d7e3db1be1,IT/Software - QA & Testing,A-occupation,optional,software tester,1.0,1.0,weak signal (label-only or optional-relation)
http://data.europa.eu/esco/skill/e8b89eb6-51e8-4c3a-babb-88b2e110376b,IT/Software - QA & Testing,A-occupation,optional,software tester,1.0,1.0,weak signal (label-only or optional-relation)
http://data.europa.eu/esco/skill/eb0e5615-1575-4a86-a1a2-7d39595033c5,IT/Software - QA & Testing,A-occupation,optional,software tester,1.0,1.0,weak signal (label-only or optional-relation)
http://data.europa.eu/esco/skill/ffddfc7c-a9dd-449f-9e96-882dc447c8b6,IT/Software - QA & Testing,A-occupation,optional,software tester,1.0,1.0,weak signal (label-only or optional-relation)
http://data.europa.eu/esco/skill/3497ebe1-d417-4105-a68f-f7bbcac7ee5f,IT/Software - QA & Testing,A-occupation,optional,gambling quality assurance engineer,1.0,1.0,weak signal (label-only or optional-relation)
http://data.europa.eu/esco/skill/8b2f716d-4ee3-41ca-97de-62ef56f80591,IT/Software - QA & Testing,A-occupation,optional,gambling quality assurance engineer,1.0,1.0,weak signal (label-only or optional-relation)
http://data.europa.eu/esco/skill/9ce670ec-318c-4a91-9179-03437db728dc,IT/Software - QA & Testing,A-occupation,optional,gambling quality assurance engineer,1.0,1.0,weak signal (label-only or optional-relation)
http://data.europa.eu/esco/skill/a59708e3-e654-4e37-8b8a-741c3b756eee,IT/Software - QA & Testing,A-occupation,optional,gambling quality assurance engineer,1.0,1.0,weak signal (label-only or optional-relation)
http://data.europa.eu/esco/skill/ad59afe4-6f8a-4bc4-acfd-0f228277508a,IT/Software - QA & Testing,A-occupation,optional,gambling quality assurance engineer,1.0,1.0,weak signal (label-only or optional-relation)
http://data.europa.eu/esco/skill/446d29ed-9eaa-4798-bb91-5f196651ad0a,IT/Software - QA & Testing,A-occupation,optional,gambling quality assurance engineer,1.0,1.0,weak signal (label-only or optional-relation)
http://data.europa.eu/esco/skill/6f2a4a5c-2f6e-49ab-8441-cd600d1f20ae,IT/Software - QA & Testing,A-occupation,optional,gambling quality assurance engineer,1.0,1.0,weak signal (label-only or optional-relation)
http://data.europa.eu/esco/skill/ea876ec3-4382-478c-b8b3-600c6b23ae85,IT/Software - QA & Testing,A-occupation,optional,gambling quality assurance engineer,1.0,1.0,weak signal (label-only or optional-relation)
http://data.europa.eu/esco/skill/501537a7-9d63-491d-ae02-09f04767ff1e,IT/Software - QA & Testing,A-occupation,optional,ICT system tester,1.0,1.0,weak signal (label-only or optional-relation)
http://data.europa.eu/esco/skill/6fa1c2c0-a012-4ca0-9642-e01569ba322c,IT/Software - QA & Testing,A-occupation,optional,ICT system tester,1.0,1.0,weak signal (label-only or optional-relation)
http://data.europa.eu/esco/skill/b105ec9b-0857-41d6-8d07-a83e58b73d90,IT/Software - QA & Testing,A-occupation,optional,ICT system tester,1.0,1.0,weak signal (label-only or optional-relation)
http://data.europa.eu/esco/skill/9190d87f-9792-42e0-bb7f-64294a656bcd,IT/Software - QA & Testing,A-occupation,optional,ICT system tester,1.0,1.0,weak signal (label-only or optional-relation)
http://data.europa.eu/esco/skill/9e06bac6-6b91-48ca-8b7d-c1f48cdecd7c,IT/Software - QA & Testing,A-occupation,optional,ICT system tester,1.0,1.0,weak signal (label-only or optional-relation)
http://data.europa.eu/esco/skill/93e65de1-923c-437e-aa5b-e6002967ce71,IT/Software - QA & Testing,A-occupation,optional,ICT usability tester,1.0,1.0,weak signal (label-only or optional-relation)
http://data.europa.eu/esco/skill/46e93774-7c6a-4dc5-bae9-be97cc461093,IT/Software - QA & Testing,A-occupation,optional,ICT integration tester,1.0,1.0,weak signal (label-only or optional-relation)
http://data.europa.eu/esco/skill/d0c6d77e-cb25-4770-bf77-2073fc5f7523,IT/Software - QA & Testing,A-occupation,optional,ICT integration tester,1.0,1.0,weak signal (label-only or optional-relation)
http://data.europa.eu/esco/skill/09f2f811-a3fb-4de3-a70f-6420a6935575,IT/Software - QA & Testing,A-occupation,optional,ICT quality assurance manager,1.0,1.0,weak signal (label-only or optional-relation)
http://data.europa.eu/esco/skill/7814e88f-c133-4c3b-b27f-857afa145d42,IT/Software - QA & Testing,A-occupation,optional,ICT quality assurance manager,1.0,1.0,weak signal (label-only or optional-relation)
http://data.europa.eu/esco/skill/95ee5e38-5c1e-4cd2-a21d-6921390025a9,IT/Software - QA & Testing,A-occupation,optional,ICT quality assurance manager,1.0,1.0,weak signal (label-only or optional-relation)
http://data.europa.eu/esco/skill/b5c7e0dc-dda3-4790-a7d1-d6d8023b3089,IT/Software - QA & Testing,A-occupation,optional,ICT quality assurance manager,1.0,1.0,weak signal (label-only or optional-relation)
http://data.europa.eu/esco/skill/cc7370dd-69fa-4c67-a96f-d4d135d38700,IT/Software - QA & Testing,A-occupation,optional,ICT quality assurance manager,1.0,1.0,weak signal (label-only or optional-relation)
http://data.europa.eu/esco/skill/0e0c9c11-b39e-43cf-ba95-2fe646f5de64,IT/Software - QA & Testing,A-occupation,optional,ICT quality assurance manager,1.0,1.0,weak signal (label-only or optional-relation)
http://data.europa.eu/esco/skill/1b3fc0e0-c6f9-45fc-9c6e-14bbba662979,IT/Software - QA & Testing,A-occupation,optional,ICT quality assurance manager,1.0,1.0,weak signal (label-only or optional-relation)
http://data.europa.eu/esco/skill/248894d1-42dc-474f-af6e-2da52ac0c679,IT/Software - QA & Testing,A-occupation,optional,ICT quality assurance manager,1.0,1.0,weak signal (label-only or optional-relation)
http://data.europa.eu/esco/skill/415abd43-e8e5-4643-b5da-5f11307af57a,IT/Software - QA & Testing,A-occupation,optional,ICT quality assurance manager,1.0,1.0,weak signal (label-only or optional-relation)
http://data.europa.eu/esco/skill/54c9c155-9293-4329-8ed2-2e76e8b519d4,IT/Software - QA & Testing,A-occupation,optional,ICT quality assurance manager,1.0,1.0,weak signal (label-only or optional-relation)
http://data.europa.eu/esco/skill/86d2e2ea-1ba2-4aa6-b465-8a1f9abc81b8,IT/Software - QA & Testing,A-occupation,optional,ICT quality assurance manager,1.0,1.0,weak signal (label-only or optional-relation)
http://data.europa.eu/esco/skill/8dcbcabe-09f7-4d11-940d-125af57bbc40,IT/Software - QA & Testing,A-occupation,optional,ICT quality assurance manager,1.0,1.0,weak signal (label-only or optional-relation)
http://data.europa.eu/esco/skill/9ff9db9d-d14b-426e-83f3-e7449af6c79f,IT/Software - QA & Testing,A-occupation,optional,ICT quality assurance manager,1.0,1.0,weak signal (label-only or optional-relation)
http://data.europa.eu/esco/skill/af607e5e-4ba1-4e5f-a2a6-dc05806567c7,IT/Software - QA & Testing,A-occupation,optional,ICT quality assurance manager,1.0,1.0,cut by per-sector cap - candidate for manual promotion
http://data.europa.eu/esco/skill/d54a1355-05c8-45eb-9c42-267d2cfcdf44,IT/Software - QA & Testing,A-occupation,optional,ICT quality assurance manager,1.0,1.0,cut by per-sector cap - candidate for manual promotion
http://data.europa.eu/esco/skill/9fd3b0ab-8eb4-4790-9733-9d383df53df3,IT/Software - QA & Testing,B-label,,evaluation in specialised nursing care,2.0,1.0,cut by per-sector cap - candidate for manual promotion
http://data.europa.eu/esco/skill/29154735-107a-4daa-a050-537f7707f34e,IT/Software - QA & Testing,B-label,,conduct content quality assurance,2.0,1.0,cut by per-sector cap - candidate for manual promotion
http://data.europa.eu/esco/skill/d56358e4-3bcc-4b5d-981d-ea15b2743e9e,IT/Software - QA & Testing,B-label,,quality control systems,2.0,1.0,cut by per-sector cap - candidate for manual promotion
http://data.europa.eu/esco/skill/e2fea4d5-f1f4-4dea-89bb-43b1d07658af,IT/Software - QA & Testing,B-label,,statistical quality control,2.0,1.0,cut by per-sector cap - candidate for manual promotion
http://data.europa.eu/esco/skill/0d9a7816-d3e4-4a6c-8fdc-4b4bbe278a85,IT/Software - QA & Testing,B-label,,train staff on call quality assurance,2.0,1.0,cut by per-sector cap - candidate for manual promotion
http://data.europa.eu/esco/skill/7b34af45-c010-4f1e-a2f3-b3d690addb45,IT/Software - QA & Testing,B-label,,ensure quality assurance for pharmaceutical products,2.0,1.0,cut by per-sector cap - candidate for manual promotion
http://data.europa.eu/esco/skill/2879a6f9-868b-40a1-a424-d50007ca8354,IT/Software - QA & Testing,B-label,,record production data for quality control,2.0,1.0,cut by per-sector cap - candidate for manual promotion
http://data.europa.eu/esco/skill/34016949-da9c-4107-98e3-1080ae405e27,IT/Software - QA & Testing,B-label,,perform welding inspection,2.0,1.0,cut by per-sector cap - candidate for manual promotion
http://data.europa.eu/esco/skill/7b49115c-8a9b-4474-9d88-cee7732174c8,IT/Software - QA & Testing,B-label,,provide quality assurance for meteorological services+H40,2.0,1.0,cut by per-sector cap - candidate for manual promotion
http://data.europa.eu/esco/skill/89423614-b96a-44f5-9e63-1501549d8f31,IT/Software - QA & Testing,B-label,,pharmaceutical manufacturing quality systems,2.0,1.0,cut by per-sector cap - candidate for manual promotion
http://data.europa.eu/esco/skill/737abc6e-60a9-4c49-b11e-1e0e584771bb,IT/Software - QA & Testing,B-label,,leather goods quality,2.0,1.0,cut by per-sector cap - candidate for manual promotion
http://data.europa.eu/esco/skill/05580192-9610-4bbf-9dd7-f09fe4cae28a,IT/Software - QA & Testing,B-label,,carry out quality control in microbiology laboratories,2.0,1.0,cut by per-sector cap - candidate for manual promotion
http://data.europa.eu/esco/skill/e54a3ed7-465f-432b-8940-2aeabeaa449e,IT/Software - QA & Testing,B-label,,footwear quality,2.0,1.0,cut by per-sector cap - candidate for manual promotion
http://data.europa.eu/esco/skill/bcc663c1-176b-4137-991b-1f706299aea2,IT/Software - QA & Testing,B-label,,ensure quality assurance standards for vehicles,2.0,1.0,cut by per-sector cap - candidate for manual promotion
http://data.europa.eu/esco/skill/99ca6ed2-b6b8-4eb0-8180-92e750e546be,IT/Software - QA & Testing,B-label,,liaise with quality assurance,2.0,1.0,cut by per-sector cap - candidate for manual promotion
http://data.europa.eu/esco/skill/2579f843-87e8-4a9f-83ce-1284b2218b56,IT/Software - QA & Testing,B-label,,manage aeronautical information management services,2.0,1.0,cut by per-sector cap - candidate for manual promotion
http://data.europa.eu/esco/skill/0b198656-2440-4ab6-91c1-05f2ba6e12fe,IT/Software - QA & Testing,B-label,,conduct quality assurance inspections on fuel operations,2.0,1.0,cut by per-sector cap - candidate for manual promotion
http://data.europa.eu/esco/skill/e0fefe5e-d5fa-4f83-845c-bf4f152de6ec,IT/Software - QA & Testing,B-label,,conduct quality assurance checks on aircraft cargo,2.0,1.0,cut by per-sector cap - candidate for manual promotion
http://data.europa.eu/esco/skill/1177c6f5-09c5-4c35-873c-afd22d170ad3,IT/Software - QA & Testing,B-label,,quality assurance procedures,2.0,1.0,cut by per-sector cap - candidate for manual promotion
http://data.europa.eu/esco/skill/f879a418-3e81-4216-9533-aaedce55fa97,IT/Software - QA & Testing,B-label,,ensure accuracy of aeronautical data,2.0,1.0,cut by per-sector cap - candidate for manual promotion
http://data.europa.eu/esco/skill/b535516b-9f8a-4c29-b6aa-a0a4561e1086,IT/Software - QA & Testing,B-label,,call quality assurance management,2.0,1.0,cut by per-sector cap - candidate for manual promotion
http://data.europa.eu/esco/skill/000f1d3d-220f-4789-9c0a-cc742521fb02,"IT/Software - Cybersecurity,IT/Software - IT Infrastructure & Networks,IT/Software - QA & Testing,IT/Software - Software Development",cross-sector,,Haskell,,,"also matched ['IT/Software - Cybersecurity', 'IT/Software - IT Infrastructure & Networks', 'IT/Software - QA & Testing', 'IT/Software - Software Development'], kept under 'IT/Software - Data & AI'"
http://data.europa.eu/esco/skill/013441c1-1f13-47e9-80c4-9a53e8e1bc05,"IT/Software - IT Infrastructure & Networks,IT/Software - Software Development",cross-sector,,KDevelop,,,"also matched ['IT/Software - IT Infrastructure & Networks', 'IT/Software - Software Development'], kept under 'None'"
http://data.europa.eu/esco/skill/020918ef-4b55-47c1-8430-ab7b8f6a7377,IT/Software - IT Infrastructure & Networks,cross-sector,,migrate existing data,,,"also matched ['IT/Software - IT Infrastructure & Networks'], kept under 'IT/Software - Software Development'"
http://data.europa.eu/esco/skill/034c29fa-c3ba-45ea-b8f3-bf8e3705e386,"IT/Software - Cybersecurity,IT/Software - IT Infrastructure & Networks,IT/Software - QA & Testing,IT/Software - Software Development",cross-sector,,Erlang,,,"also matched ['IT/Software - Cybersecurity', 'IT/Software - IT Infrastructure & Networks', 'IT/Software - QA & Testing', 'IT/Software - Software Development'], kept under 'IT/Software - Data & AI'"
http://data.europa.eu/esco/skill/03b9b491-fc9b-4868-914a-bf7cd47b5041,"IT/Software - Cybersecurity,IT/Software - Software Development",cross-sector,,create solutions to problems,,,"also matched ['IT/Software - Cybersecurity', 'IT/Software - Software Development'], kept under 'IT/Software - IT Infrastructure & Networks'"
http://data.europa.eu/esco/skill/04f1b938-d4d4-4cb1-a863-982af76b9d93,"IT/Software - Cybersecurity,IT/Software - IT Infrastructure & Networks,IT/Software - QA & Testing,IT/Software - Software Development",cross-sector,,SAS language,,,"also matched ['IT/Software - Cybersecurity', 'IT/Software - IT Infrastructure & Networks', 'IT/Software - QA & Testing', 'IT/Software - Software Development'], kept under 'IT/Software - Data & AI'"
http://data.europa.eu/esco/skill/04fe962b-4017-4eb7-9139-7d69b6922bc9,"IT/Software - Cybersecurity,IT/Software - IT Infrastructure & Networks,IT/Software - QA & Testing",cross-sector,,use an application-specific interface,,,"also matched ['IT/Software - Cybersecurity', 'IT/Software - IT Infrastructure & Networks', 'IT/Software - QA & Testing'], kept under 'IT/Software - Software Development'"
http://data.europa.eu/esco/skill/06358891-8424-43c5-891e-d40f226bef40,IT/Software - IT Infrastructure & Networks,cross-sector,,manage IT security compliances,,,"also matched ['IT/Software - IT Infrastructure & Networks'], kept under 'IT/Software - Cybersecurity'"
http://data.europa.eu/esco/skill/071233c4-ad2b-4f50-b79f-768d2231163e,"IT/Software - Cybersecurity,IT/Software - IT Infrastructure & Networks",cross-sector,,domain name service,,,"also matched ['IT/Software - Cybersecurity', 'IT/Software - IT Infrastructure & Networks'], kept under 'IT/Software - Software Development'"
http://data.europa.eu/esco/skill/07e47d58-dd0e-4302-9e68-70a188e89065,IT/Software - Software Development,cross-sector,,apply system organisational policies,,,"also matched ['IT/Software - Software Development'], kept under 'IT/Software - IT Infrastructure & Networks'"
http://data.europa.eu/esco/skill/09f2f811-a3fb-4de3-a70f-6420a6935575,"IT/Software - Cybersecurity,IT/Software - Data & AI,IT/Software - IT Infrastructure & Networks,IT/Software - QA & Testing",cross-sector,,systems development life-cycle,,,"also matched ['IT/Software - Cybersecurity', 'IT/Software - Data & AI', 'IT/Software - IT Infrastructure & Networks', 'IT/Software - QA & Testing'], kept under 'IT/Software - Software Development'"
http://data.europa.eu/esco/skill/0a52bed5-fd29-45fb-aba6-e32bccfda1c1,IT/Software - Software Development,cross-sector,,plan migration to cloud,,,"also matched ['IT/Software - Software Development'], kept under 'IT/Software - IT Infrastructure & Networks'"
http://data.europa.eu/esco/skill/0a9acb6b-1139-4be9-b431-3a80a959f2f4,"IT/Software - IT Infrastructure & Networks,IT/Software - QA & Testing,IT/Software - Software Development",cross-sector,,Agile project management,,,"also matched ['IT/Software - IT Infrastructure & Networks', 'IT/Software - QA & Testing', 'IT/Software - Software Development'], kept under 'IT/Software - Data & AI'"
http://data.europa.eu/esco/skill/0af062de-eb43-41e9-9b96-249e2cd22d26,IT/Software - QA & Testing,cross-sector,,use markup languages,,,"also matched ['IT/Software - QA & Testing'], kept under 'IT/Software - Software Development'"
http://data.europa.eu/esco/skill/0b0335f3-0aa1-491e-895e-81fc8774a300,IT/Software - IT Infrastructure & Networks,cross-sector,,develop automated migration methods,,,"also matched ['IT/Software - IT Infrastructure & Networks'], kept under 'IT/Software - Software Development'"
http://data.europa.eu/esco/skill/0ccdfe98-f845-4598-84a1-3dca66e9d9a3,"IT/Software - Cybersecurity,IT/Software - IT Infrastructure & Networks,IT/Software - QA & Testing,IT/Software - Software Development",cross-sector,,Ruby (computer programming),,,"also matched ['IT/Software - Cybersecurity', 'IT/Software - IT Infrastructure & Networks', 'IT/Software - QA & Testing', 'IT/Software - Software Development'], kept under 'IT/Software - Data & AI'"
http://data.europa.eu/esco/skill/0cd6dcf1-5778-42a5-b685-4d01ae4a4871,"IT/Software - Cybersecurity,IT/Software - IT Infrastructure & Networks,IT/Software - QA & Testing,IT/Software - Software Development",cross-sector,,Common Lisp,,,"also matched ['IT/Software - Cybersecurity', 'IT/Software - IT Infrastructure & Networks', 'IT/Software - QA & Testing', 'IT/Software - Software Development'], kept under 'IT/Software - Data & AI'"
http://data.europa.eu/esco/skill/0d168770-4d9c-4096-b048-a6577818d306,"IT/Software - IT Infrastructure & Networks,IT/Software - Software Development",cross-sector,,Apache Maven,,,"also matched ['IT/Software - IT Infrastructure & Networks', 'IT/Software - Software Development'], kept under 'None'"
http://data.europa.eu/esco/skill/0daaf096-1639-461c-bf1a-bbeea77e6b67,"IT/Software - IT Infrastructure & Networks,IT/Software - QA & Testing",cross-sector,,internal risk management policy,,,"also matched ['IT/Software - IT Infrastructure & Networks', 'IT/Software - QA & Testing'], kept under 'IT/Software - Cybersecurity'"
http://data.europa.eu/esco/skill/0dc7aa1b-b5af-4f4b-81ce-ee22ed8b6926,"IT/Software - Data & AI,IT/Software - IT Infrastructure & Networks",cross-sector,,assess ICT knowledge,,,"also matched ['IT/Software - Data & AI', 'IT/Software - IT Infrastructure & Networks'], kept under 'IT/Software - Cybersecurity'"
http://data.europa.eu/esco/skill/0de61385-de6d-4146-ba32-1cc1bc102220,"IT/Software - Cybersecurity,IT/Software - IT Infrastructure & Networks,IT/Software - QA & Testing,IT/Software - Software Development",cross-sector,,Lisp,,,"also matched ['IT/Software - Cybersecurity', 'IT/Software - IT Infrastructure & Networks', 'IT/Software - QA & Testing', 'IT/Software - Software Development'], kept under 'IT/Software - Data & AI'"
http://data.europa.eu/esco/skill/0e0c9c11-b39e-43cf-ba95-2fe646f5de64,IT/Software - QA & Testing,cross-sector,,identify customer requirements,,,"also matched ['IT/Software - QA & Testing'], kept under 'IT/Software - Software Development'"
http://data.europa.eu/esco/skill/0e1fe34b-f4e7-4642-8c8b-5a05ac3438e5,IT/Software - Software Development,cross-sector,,manage schedule of tasks,,,"also matched ['IT/Software - Software Development'], kept under 'IT/Software - QA & Testing'"
http://data.europa.eu/esco/skill/0ee94af1-b445-4973-9c3f-459fab250342,IT/Software - Software Development,cross-sector,,apply conflict management,,,"also matched ['IT/Software - Software Development'], kept under 'IT/Software - Cybersecurity'"
http://data.europa.eu/esco/skill/0fb753a1-2ef2-4429-84d2-ecb2b24daf7a,IT/Software - Software Development,cross-sector,,Apache Tomcat,,,"also matched ['IT/Software - Software Development'], kept under 'IT/Software - IT Infrastructure & Networks'"
http://data.europa.eu/esco/skill/11430d93-c835-48ed-8e70-285fa69c9ae6,IT/Software - IT Infrastructure & Networks,cross-sector,,design cloud architecture,,,"also matched ['IT/Software - IT Infrastructure & Networks'], kept under 'IT/Software - Software Development'"
http://data.europa.eu/esco/skill/11eebd42-44ab-401d-8a2c-bdb9fc9beb50,IT/Software - IT Infrastructure & Networks,cross-sector,,information security strategy,,,"also matched ['IT/Software - IT Infrastructure & Networks'], kept under 'IT/Software - Cybersecurity'"
http://data.europa.eu/esco/skill/12274664-b642-4945-b88f-d7787dc3c9dd,"IT/Software - IT Infrastructure & Networks,IT/Software - Software Development",cross-sector,,design interaction model,,,"also matched ['IT/Software - IT Infrastructure & Networks', 'IT/Software - Software Development'], kept under 'None'"
http://data.europa.eu/esco/skill/13bdd41a-2a18-441f-96db-41252c519413,"IT/Software - Cybersecurity,IT/Software - IT Infrastructure & Networks,IT/Software - QA & Testing,IT/Software - Software Development",cross-sector,,Visual Basic,,,"also matched ['IT/Software - Cybersecurity', 'IT/Software - IT Infrastructure & Networks', 'IT/Software - QA & Testing', 'IT/Software - Software Development'], kept under 'IT/Software - Data & AI'"
http://data.europa.eu/esco/skill/143769cb-b61e-47d8-a61e-eedfbec1016c,IT/Software - Cybersecurity,cross-sector,,business intelligence,,,"also matched ['IT/Software - Cybersecurity'], kept under 'IT/Software - Data & AI'"
http://data.europa.eu/esco/skill/14d1e367-3efe-4ec5-86ae-eca48710ee4e,"IT/Software - IT Infrastructure & Networks,IT/Software - QA & Testing",cross-sector,,implement ICT security policies,,,"also matched ['IT/Software - IT Infrastructure & Networks', 'IT/Software - QA & Testing'], kept under 'IT/Software - Cybersecurity'"
http://data.europa.eu/esco/skill/172020d1-e151-445b-8173-e2a5fb16fe51,"IT/Software - Cybersecurity,IT/Software - IT Infrastructure & Networks",cross-sector,,utilise computer-aided software engineering tools,,,"also matched ['IT/Software - Cybersecurity', 'IT/Software - IT Infrastructure & Networks'], kept under 'IT/Software - Software Development'"
http://data.europa.eu/esco/skill/1774bd31-8893-44cf-9498-7e3d95508419,IT/Software - Software Development,cross-sector,,screen reader,,,"also matched ['IT/Software - Software Development'], kept under 'IT/Software - QA & Testing'"
http://data.europa.eu/esco/skill/17924c75-45f4-4593-afac-eea0d51f04b5,"IT/Software - Cybersecurity,IT/Software - Software Development",cross-sector,,defence standard procedures,,,"also matched ['IT/Software - Cybersecurity', 'IT/Software - Software Development'], kept under 'None'"
http://data.europa.eu/esco/skill/1973c966-f236-40c9-b2d4-5d71a89019be,IT/Software - Software Development,cross-sector,,use spreadsheets software,,,"also matched ['IT/Software - Software Development'], kept under 'IT/Software - Data & AI'"
http://data.europa.eu/esco/skill/19a8293b-8e95-4de3-983f-77484079c389,"IT/Software - Cybersecurity,IT/Software - Data & AI,IT/Software - IT Infrastructure & Networks,IT/Software - QA & Testing",cross-sector,,Java (computer programming),,,"also matched ['IT/Software - Cybersecurity', 'IT/Software - Data & AI', 'IT/Software - IT Infrastructure & Networks', 'IT/Software - QA & Testing'], kept under 'IT/Software - Software Development'"
http://data.europa.eu/esco/skill/1b7c716e-af95-4cda-a42f-6479c8b139f5,"IT/Software - QA & Testing,IT/Software - Software Development",cross-sector,,MDX,,,"also matched ['IT/Software - QA & Testing', 'IT/Software - Software Development'], kept under 'IT/Software - Data & AI'"
http://data.europa.eu/esco/skill/1c2978b8-bb0d-4249-9c23-877571a4dffa,"IT/Software - Cybersecurity,IT/Software - IT Infrastructure & Networks",cross-sector,,cloud security and compliance,,,"also matched ['IT/Software - Cybersecurity', 'IT/Software - IT Infrastructure & Networks'], kept under 'IT/Software - Software Development'"
http://data.europa.eu/esco/skill/1dae8445-12e5-423a-bb26-824010e299b9,IT/Software - Software Development,cross-sector,,ensure compliance with legal requirements,,,"also matched ['IT/Software - Software Development'], kept under 'IT/Software - Cybersecurity'"
http://data.europa.eu/esco/skill/1dd23dba-dd00-45ab-abf4-642902538317,IT/Software - Software Development,cross-sector,,perform risk analysis,,,"also matched ['IT/Software - Software Development'], kept under 'IT/Software - Cybersecurity'"
http://data.europa.eu/esco/skill/1e7ed56a-6d6b-422f-962e-38543d150755,IT/Software - Cybersecurity,cross-sector,,manage changes in ICT system,,,"also matched ['IT/Software - Cybersecurity'], kept under 'IT/Software - IT Infrastructure & Networks'"
http://data.europa.eu/esco/skill/20c920d4-7ff7-4676-ba61-3f04490d9416,IT/Software - Cybersecurity,cross-sector,,keep up with the latest information systems solutions,,,"also matched ['IT/Software - Cybersecurity'], kept under 'IT/Software - Software Development'"
http://data.europa.eu/esco/skill/2180bd8c-86de-4889-8165-adac902eee9d,IT/Software - Cybersecurity,cross-sector,,embedded systems,,,"also matched ['IT/Software - Cybersecurity'], kept under 'IT/Software - Software Development'"
http://data.europa.eu/esco/skill/21d2f96d-35f7-4e3f-9745-c533d2dd6e97,"IT/Software - Cybersecurity,IT/Software - Data & AI,IT/Software - IT Infrastructure & Networks,IT/Software - QA & Testing",cross-sector,,computer programming,,,"also matched ['IT/Software - Cybersecurity', 'IT/Software - Data & AI', 'IT/Software - IT Infrastructure & Networks', 'IT/Software - QA & Testing'], kept under 'IT/Software - Software Development'"
http://data.europa.eu/esco/skill/21fecc8a-392e-49ce-ac26-fb0696ccfead,"IT/Software - Cybersecurity,IT/Software - Software Development",cross-sector,,create project specifications,,,"also matched ['IT/Software - Cybersecurity', 'IT/Software - Software Development'], kept under 'None'"
http://data.europa.eu/esco/skill/2450c3b3-e78e-435b-b84d-e05d984e71dc,IT/Software - QA & Testing,cross-sector,,software architecture models,,,"also matched ['IT/Software - QA & Testing'], kept under 'IT/Software - Software Development'"
http://data.europa.eu/esco/skill/248894d1-42dc-474f-af6e-2da52ac0c679,"IT/Software - Cybersecurity,IT/Software - QA & Testing,IT/Software - Software Development",cross-sector,,define technology strategy,,,"also matched ['IT/Software - Cybersecurity', 'IT/Software - QA & Testing', 'IT/Software - Software Development'], kept under 'IT/Software - IT Infrastructure & Networks'"
http://data.europa.eu/esco/skill/24c200e5-be20-4370-a137-ab53797f3a17,IT/Software - IT Infrastructure & Networks,cross-sector,,software frameworks,,,"also matched ['IT/Software - IT Infrastructure & Networks'], kept under 'IT/Software - Software Development'"
http://data.europa.eu/esco/skill/2522a6ce-3202-4ac8-9f5b-b9cb5a3a83a1,"IT/Software - Cybersecurity,IT/Software - IT Infrastructure & Networks,IT/Software - QA & Testing",cross-sector,,debug software,,,"also matched ['IT/Software - Cybersecurity', 'IT/Software - IT Infrastructure & Networks', 'IT/Software - QA & Testing'], kept under 'IT/Software - Software Development'"
http://data.europa.eu/esco/skill/25b291b5-8245-4d9d-b391-86a8a31d7109,"IT/Software - IT Infrastructure & Networks,IT/Software - Software Development",cross-sector,,use concurrent programming,,,"also matched ['IT/Software - IT Infrastructure & Networks', 'IT/Software - Software Development'], kept under 'None'"
http://data.europa.eu/esco/skill/283cbcd3-7101-4dbb-be37-56f3625515b1,IT/Software - Software Development,cross-sector,,provide ICT consulting advice,,,"also matched ['IT/Software - Software Development'], kept under 'IT/Software - Cybersecurity'"
http://data.europa.eu/esco/skill/2857540c-180b-4208-9127-e94a01871966,IT/Software - IT Infrastructure & Networks,cross-sector,,align software with system architectures,,,"also matched ['IT/Software - IT Infrastructure & Networks'], kept under 'IT/Software - Software Development'"
http://data.europa.eu/esco/skill/2879a6f9-868b-40a1-a424-d50007ca8354,"IT/Software - Data & AI,IT/Software - QA & Testing",cross-sector,,record production data for quality control,,,"also matched ['IT/Software - Data & AI', 'IT/Software - QA & Testing'], kept under 'None'"
http://data.europa.eu/esco/skill/29154735-107a-4daa-a050-537f7707f34e,"IT/Software - Cybersecurity,IT/Software - QA & Testing,IT/Software - Software Development",cross-sector,,conduct content quality assurance,,,"also matched ['IT/Software - Cybersecurity', 'IT/Software - QA & Testing', 'IT/Software - Software Development'], kept under 'None'"
http://data.europa.eu/esco/skill/2a3a96a3-709e-4d60-81f6-d247d6933f13,IT/Software - IT Infrastructure & Networks,cross-sector,,manage system security,,,"also matched ['IT/Software - IT Infrastructure & Networks'], kept under 'IT/Software - Cybersecurity'"
http://data.europa.eu/esco/skill/2b7a79e5-84d8-4880-be66-3d9bb05bea17,"IT/Software - Cybersecurity,IT/Software - IT Infrastructure & Networks",cross-sector,,use software design patterns,,,"also matched ['IT/Software - Cybersecurity', 'IT/Software - IT Infrastructure & Networks'], kept under 'IT/Software - Software Development'"
http://data.europa.eu/esco/skill/2b92a5b2-6758-4ee3-9fb4-b6387a55cc8f,"IT/Software - Data & AI,IT/Software - IT Infrastructure & Networks",cross-sector,,perform data analysis,,,"also matched ['IT/Software - Data & AI', 'IT/Software - IT Infrastructure & Networks'], kept under 'None'"
http://data.europa.eu/esco/skill/2bde42ae-e776-41c1-9ded-b07b30bfe985,"IT/Software - Cybersecurity,IT/Software - IT Infrastructure & Networks,IT/Software - QA & Testing,IT/Software - Software Development",cross-sector,,Prolog (computer programming),,,"also matched ['IT/Software - Cybersecurity', 'IT/Software - IT Infrastructure & Networks', 'IT/Software - QA & Testing', 'IT/Software - Software Development'], kept under 'IT/Software - Data & AI'"
http://data.europa.eu/esco/skill/2c28fc20-8a60-4311-8899-5ef8729c05b3,"IT/Software - Data & AI,IT/Software - IT Infrastructure & Networks",cross-sector,,design process,,,"also matched ['IT/Software - Data & AI', 'IT/Software - IT Infrastructure & Networks'], kept under 'IT/Software - Software Development'"
http://data.europa.eu/esco/skill/2c4e11ef-da18-4e19-816b-e6bc19e12424,"IT/Software - IT Infrastructure & Networks,IT/Software - Software Development",cross-sector,,use logic programming,,,"also matched ['IT/Software - IT Infrastructure & Networks', 'IT/Software - Software Development'], kept under 'None'"
http://data.europa.eu/esco/skill/2ddb1226-1117-4eb4-ae65-3a2f5a5a3c80,IT/Software - IT Infrastructure & Networks,cross-sector,,ICT network security risks,,,"also matched ['IT/Software - IT Infrastructure & Networks'], kept under 'IT/Software - Cybersecurity'"
http://data.europa.eu/esco/skill/2de4572a-4724-4f76-afc2-72a568a264ac,IT/Software - Cybersecurity,cross-sector,,speak different languages,,,"also matched ['IT/Software - Cybersecurity'], kept under 'IT/Software - Data & AI'"
http://data.europa.eu/esco/skill/300d432b-f457-4cd3-9cb1-1858c7d14954,"IT/Software - Cybersecurity,IT/Software - IT Infrastructure & Networks,IT/Software - QA & Testing,IT/Software - Software Development",cross-sector,,OpenEdge Advanced Business Language,,,"also matched ['IT/Software - Cybersecurity', 'IT/Software - IT Infrastructure & Networks', 'IT/Software - QA & Testing', 'IT/Software - Software Development'], kept under 'IT/Software - Data & AI'"
http://data.europa.eu/esco/skill/31c69100-b612-4a61-8db5-fd314318854c,IT/Software - Data & AI,cross-sector,,execute analytical mathematical calculations,,,"also matched ['IT/Software - Data & AI'], kept under 'IT/Software - Software Development'"
http://data.europa.eu/esco/skill/32428b21-514b-42c2-81b5-244a7804ea74,IT/Software - IT Infrastructure & Networks,cross-sector,,procurement of ICT network equipment,,,"also matched ['IT/Software - IT Infrastructure & Networks'], kept under 'IT/Software - Cybersecurity'"
http://data.europa.eu/esco/skill/339ac029-066a-4985-9f9d-b3d7c8fea0bb,"IT/Software - IT Infrastructure & Networks,IT/Software - Software Development",cross-sector,,manage staff,,,"also matched ['IT/Software - IT Infrastructure & Networks', 'IT/Software - Software Development'], kept under 'IT/Software - Cybersecurity'"
http://data.europa.eu/esco/skill/33a82b83-c838-4889-ae62-fae1317481eb,IT/Software - IT Infrastructure & Networks,cross-sector,,protect personal data and privacy,,,"also matched ['IT/Software - IT Infrastructure & Networks'], kept under 'IT/Software - Cybersecurity'"
http://data.europa.eu/esco/skill/348b74cd-49ce-4844-8bdf-ec188b497213,IT/Software - QA & Testing,cross-sector,,visual presentation techniques,,,"also matched ['IT/Software - QA & Testing'], kept under 'IT/Software - Data & AI'"
http://data.europa.eu/esco/skill/382c11ed-20d5-4ae7-b60e-15fec527fa6c,IT/Software - QA & Testing,cross-sector,,apply statistical analysis techniques,,,"also matched ['IT/Software - QA & Testing'], kept under 'IT/Software - Data & AI'"
http://data.europa.eu/esco/skill/385479b7-5da5-4367-9763-0d15b41bb65b,"IT/Software - Cybersecurity,IT/Software - Software Development",cross-sector,,provide user documentation,,,"also matched ['IT/Software - Cybersecurity', 'IT/Software - Software Development'], kept under 'None'"
http://data.europa.eu/esco/skill/38716afc-a93b-44ab-96cc-2ecf67edcf32,IT/Software - Software Development,cross-sector,,do cloud refactoring,,,"also matched ['IT/Software - Software Development'], kept under 'IT/Software - IT Infrastructure & Networks'"
http://data.europa.eu/esco/skill/397da142-ab35-48fe-b154-7c38f447adfb,"IT/Software - Cybersecurity,IT/Software - IT Infrastructure & Networks,IT/Software - QA & Testing",cross-sector,,digital systems,,,"also matched ['IT/Software - Cybersecurity', 'IT/Software - IT Infrastructure & Networks', 'IT/Software - QA & Testing'], kept under 'IT/Software - Software Development'"
http://data.europa.eu/esco/skill/3a5231a0-8c30-48ee-b671-08e2debd4441,IT/Software - Software Development,cross-sector,,organisational policies,,,"also matched ['IT/Software - Software Development'], kept under 'IT/Software - IT Infrastructure & Networks'"
http://data.europa.eu/esco/skill/3be6b84a-fa78-42b9-a8df-150cdb40b9d7,IT/Software - Cybersecurity,cross-sector,,ICT quality policy,,,"also matched ['IT/Software - Cybersecurity'], kept under 'IT/Software - QA & Testing'"
http://data.europa.eu/esco/skill/3cd569a2-4f88-4c1e-9995-8dce8c5e51a7,"IT/Software - Cybersecurity,IT/Software - Data & AI,IT/Software - IT Infrastructure & Networks,IT/Software - QA & Testing",cross-sector,,JavaScript,,,"also matched ['IT/Software - Cybersecurity', 'IT/Software - Data & AI', 'IT/Software - IT Infrastructure & Networks', 'IT/Software - QA & Testing'], kept under 'IT/Software - Software Development'"
http://data.europa.eu/esco/skill/3ce1fe19-7f9e-4070-941d-651673a5693b,IT/Software - QA & Testing,cross-sector,,decision support systems,,,"also matched ['IT/Software - QA & Testing'], kept under 'IT/Software - Cybersecurity'"
http://data.europa.eu/esco/skill/3cee858e-79e8-4a4b-b99f-93c7f735d58b,"IT/Software - IT Infrastructure & Networks,IT/Software - Software Development",cross-sector,,DB2,,,"also matched ['IT/Software - IT Infrastructure & Networks', 'IT/Software - Software Development'], kept under 'None'"
http://data.europa.eu/esco/skill/3cfa46e9-b7da-44ac-b09e-9596dffe0425,IT/Software - IT Infrastructure & Networks,cross-sector,,optimise choice of ICT solution,,,"also matched ['IT/Software - IT Infrastructure & Networks'], kept under 'IT/Software - Cybersecurity'"
http://data.europa.eu/esco/skill/3d3ee5c3-4286-457f-9f76-1704011f7e11,IT/Software - QA & Testing,cross-sector,,comply with legal regulations,,,"also matched ['IT/Software - QA & Testing'], kept under 'IT/Software - Cybersecurity'"
http://data.europa.eu/esco/skill/3e23db60-0c3d-498a-a6ac-ffbed0ecb033,IT/Software - IT Infrastructure & Networks,cross-sector,,ICT accessibility standards,,,"also matched ['IT/Software - IT Infrastructure & Networks'], kept under 'IT/Software - QA & Testing'"
http://data.europa.eu/esco/skill/3f4dab51-572b-4e2c-85ef-3b4c3f7094e1,"IT/Software - QA & Testing,IT/Software - Software Development",cross-sector,,XQuery,,,"also matched ['IT/Software - QA & Testing', 'IT/Software - Software Development'], kept under 'IT/Software - Data & AI'"
http://data.europa.eu/esco/skill/3ff589b7-68df-4ea5-ae41-b395bdb2378f,IT/Software - IT Infrastructure & Networks,cross-sector,,ICT security standards,,,"also matched ['IT/Software - IT Infrastructure & Networks'], kept under 'IT/Software - Cybersecurity'"
http://data.europa.eu/esco/skill/401eb8d8-6daa-4f8b-90ad-60afc71eb4f8,"IT/Software - Cybersecurity,IT/Software - IT Infrastructure & Networks,IT/Software - QA & Testing,IT/Software - Software Development",cross-sector,,Perl,,,"also matched ['IT/Software - Cybersecurity', 'IT/Software - IT Infrastructure & Networks', 'IT/Software - QA & Testing', 'IT/Software - Software Development'], kept under 'IT/Software - Data & AI'"
http://data.europa.eu/esco/skill/415abd43-e8e5-4643-b5da-5f11307af57a,"IT/Software - Cybersecurity,IT/Software - IT Infrastructure & Networks,IT/Software - QA & Testing",cross-sector,,use different communication channels,,,"also matched ['IT/Software - Cybersecurity', 'IT/Software - IT Infrastructure & Networks', 'IT/Software - QA & Testing'], kept under 'IT/Software - Software Development'"
http://data.europa.eu/esco/skill/41bf7ede-fc84-4a57-8c89-b548d11b0ba1,IT/Software - Data & AI,cross-sector,,manage business knowledge,,,"also matched ['IT/Software - Data & AI'], kept under 'IT/Software - Software Development'"
http://data.europa.eu/esco/skill/4216e465-7baa-4884-a241-54b197bb9278,IT/Software - Software Development,cross-sector,,perform data mining,,,"also matched ['IT/Software - Software Development'], kept under 'IT/Software - Data & AI'"
http://data.europa.eu/esco/skill/42ed3bfb-1a01-4c8b-9758-fc6438865734,"IT/Software - Cybersecurity,IT/Software - IT Infrastructure & Networks,IT/Software - QA & Testing,IT/Software - Software Development",cross-sector,,Smalltalk (computer programming),,,"also matched ['IT/Software - Cybersecurity', 'IT/Software - IT Infrastructure & Networks', 'IT/Software - QA & Testing', 'IT/Software - Software Development'], kept under 'IT/Software - Data & AI'"
http://data.europa.eu/esco/skill/4350c38d-0fe9-4ca7-bab9-40ed7f72b04f,"IT/Software - Cybersecurity,IT/Software - IT Infrastructure & Networks,IT/Software - QA & Testing,IT/Software - Software Development",cross-sector,,PHP,,,"also matched ['IT/Software - Cybersecurity', 'IT/Software - IT Infrastructure & Networks', 'IT/Software - QA & Testing', 'IT/Software - Software Development'], kept under 'IT/Software - Data & AI'"
http://data.europa.eu/esco/skill/438ff259-d086-4004-acda-1ec3e1631bc6,"IT/Software - QA & Testing,IT/Software - Software Development",cross-sector,,software anomalies,,,"also matched ['IT/Software - QA & Testing', 'IT/Software - Software Development'], kept under 'IT/Software - Cybersecurity'"
http://data.europa.eu/esco/skill/440d5784-52a5-4729-8b04-29f978bd896d,IT/Software - IT Infrastructure & Networks,cross-sector,,respond to incidents in cloud,,,"also matched ['IT/Software - IT Infrastructure & Networks'], kept under 'IT/Software - Cybersecurity'"
http://data.europa.eu/esco/skill/4463a721-69f3-413d-8321-43e3af13a4f1,IT/Software - Data & AI,cross-sector,,use databases,,,"also matched ['IT/Software - Data & AI'], kept under 'IT/Software - Software Development'"
http://data.europa.eu/esco/skill/449d119b-2d66-43a9-9230-7d27f16afbb6,"IT/Software - IT Infrastructure & Networks,IT/Software - Software Development",cross-sector,,Xcode,,,"also matched ['IT/Software - IT Infrastructure & Networks', 'IT/Software - Software Development'], kept under 'None'"
http://data.europa.eu/esco/skill/45205440-fa65-44e0-a719-e89278dd723a,IT/Software - QA & Testing,cross-sector,,follow ethical code of conduct of gambling,,,"also matched ['IT/Software - QA & Testing'], kept under 'IT/Software - Cybersecurity'"
http://data.europa.eu/esco/skill/46e93774-7c6a-4dc5-bae9-be97cc461093,IT/Software - Software Development,cross-sector,,inter-organisational middleware system,,,"also matched ['IT/Software - Software Development'], kept under 'IT/Software - QA & Testing'"
http://data.europa.eu/esco/skill/47b9bbcf-356c-4782-83a4-7f5a1b2b51a3,"IT/Software - Cybersecurity,IT/Software - IT Infrastructure & Networks,IT/Software - QA & Testing,IT/Software - Software Development",cross-sector,,Assembly (computer programming),,,"also matched ['IT/Software - Cybersecurity', 'IT/Software - IT Infrastructure & Networks', 'IT/Software - QA & Testing', 'IT/Software - Software Development'], kept under 'IT/Software - Data & AI'"
http://data.europa.eu/esco/skill/47ca0da1-cae5-4395-ae6b-fd97b9ff48d3,IT/Software - IT Infrastructure & Networks,cross-sector,,system backup best practice,,,"also matched ['IT/Software - IT Infrastructure & Networks'], kept under 'IT/Software - Cybersecurity'"
http://data.europa.eu/esco/skill/484df271-bb52-49f1-8f50-f19624bf4df2,"IT/Software - IT Infrastructure & Networks,IT/Software - QA & Testing",cross-sector,,software components libraries,,,"also matched ['IT/Software - IT Infrastructure & Networks', 'IT/Software - QA & Testing'], kept under 'IT/Software - Software Development'"
http://data.europa.eu/esco/skill/48b68726-0fd6-4e03-a5eb-82236516ee7a,IT/Software - IT Infrastructure & Networks,cross-sector,,provide cost benefit analysis reports,,,"also matched ['IT/Software - IT Infrastructure & Networks'], kept under 'IT/Software - Software Development'"
http://data.europa.eu/esco/skill/48db96bf-3314-45c6-bad8-fdb6e20e5639,"IT/Software - IT Infrastructure & Networks,IT/Software - Software Development",cross-sector,,data engineering,,,"also matched ['IT/Software - IT Infrastructure & Networks', 'IT/Software - Software Development'], kept under 'IT/Software - Data & AI'"
http://data.europa.eu/esco/skill/4b51e76e-9e8a-455f-a289-5b48246345c4,IT/Software - QA & Testing,cross-sector,,hardware components,,,"also matched ['IT/Software - QA & Testing'], kept under 'IT/Software - IT Infrastructure & Networks'"
http://data.europa.eu/esco/skill/4c016b68-4116-468c-9dc6-42710c239e4a,"IT/Software - Cybersecurity,IT/Software - IT Infrastructure & Networks,IT/Software - QA & Testing,IT/Software - Software Development",cross-sector,,C#,,,"also matched ['IT/Software - Cybersecurity', 'IT/Software - IT Infrastructure & Networks', 'IT/Software - QA & Testing', 'IT/Software - Software Development'], kept under 'IT/Software - Data & AI'"
http://data.europa.eu/esco/skill/4d85b881-e490-4b4c-897a-2faa4ef53956,IT/Software - Cybersecurity,cross-sector,,manage ICT data architecture,,,"also matched ['IT/Software - Cybersecurity'], kept under 'IT/Software - Data & AI'"
http://data.europa.eu/esco/skill/4da4587a-fd0b-4ca2-886c-c42a1562d432,IT/Software - IT Infrastructure & Networks,cross-sector,,design cloud networks,,,"also matched ['IT/Software - IT Infrastructure & Networks'], kept under 'IT/Software - Software Development'"
http://data.europa.eu/esco/skill/4fabca9a-7435-4f33-b1da-3cdb00340fdc,"IT/Software - Cybersecurity,IT/Software - Software Development",cross-sector,,perform scientific research,,,"also matched ['IT/Software - Cybersecurity', 'IT/Software - Software Development'], kept under 'IT/Software - Data & AI'"
http://data.europa.eu/esco/skill/501537a7-9d63-491d-ae02-09f04767ff1e,"IT/Software - IT Infrastructure & Networks,IT/Software - QA & Testing,IT/Software - Software Development",cross-sector,,attack vectors,,,"also matched ['IT/Software - IT Infrastructure & Networks', 'IT/Software - QA & Testing', 'IT/Software - Software Development'], kept under 'IT/Software - Cybersecurity'"
http://data.europa.eu/esco/skill/5063a99f-975b-4a7c-85e3-69ecb375b4d3,IT/Software - IT Infrastructure & Networks,cross-sector,,internet governance,,,"also matched ['IT/Software - IT Infrastructure & Networks'], kept under 'IT/Software - Cybersecurity'"
http://data.europa.eu/esco/skill/51586df8-1c46-4b47-8583-773cb63bf00b,"IT/Software - Cybersecurity,IT/Software - IT Infrastructure & Networks,IT/Software - QA & Testing,IT/Software - Software Development",cross-sector,,R,,,"also matched ['IT/Software - Cybersecurity', 'IT/Software - IT Infrastructure & Networks', 'IT/Software - QA & Testing', 'IT/Software - Software Development'], kept under 'IT/Software - Data & AI'"
http://data.europa.eu/esco/skill/52cf3037-ab53-4806-85ed-7fd21ea7f6a1,"IT/Software - Cybersecurity,IT/Software - IT Infrastructure & Networks,IT/Software - QA & Testing,IT/Software - Software Development",cross-sector,,Groovy,,,"also matched ['IT/Software - Cybersecurity', 'IT/Software - IT Infrastructure & Networks', 'IT/Software - QA & Testing', 'IT/Software - Software Development'], kept under 'IT/Software - Data & AI'"
http://data.europa.eu/esco/skill/54c9c155-9293-4329-8ed2-2e76e8b519d4,IT/Software - QA & Testing,cross-sector,,define data quality criteria,,,"also matched ['IT/Software - QA & Testing'], kept under 'IT/Software - Data & AI'"
http://data.europa.eu/esco/skill/561c2525-5bd8-4d86-8f45-820f4be7db93,IT/Software - QA & Testing,cross-sector,,report test findings,,,"also matched ['IT/Software - QA & Testing'], kept under 'IT/Software - Cybersecurity'"
http://data.europa.eu/esco/skill/56a7f561-1d55-43c9-9cd7-36a0a9bc6c50,"IT/Software - Cybersecurity,IT/Software - QA & Testing,IT/Software - Software Development",cross-sector,,ASP.NET,,,"also matched ['IT/Software - Cybersecurity', 'IT/Software - QA & Testing', 'IT/Software - Software Development'], kept under 'IT/Software - IT Infrastructure & Networks'"
http://data.europa.eu/esco/skill/5898d99a-62a4-4e10-a2e3-0d815ce44248,"IT/Software - IT Infrastructure & Networks,IT/Software - Software Development",cross-sector,,cyber attack counter-measures,,,"also matched ['IT/Software - IT Infrastructure & Networks', 'IT/Software - Software Development'], kept under 'IT/Software - Cybersecurity'"
http://data.europa.eu/esco/skill/58d7a289-dafd-4363-833f-d1dc4140885e,"IT/Software - Cybersecurity,IT/Software - QA & Testing,IT/Software - Software Development",cross-sector,,APL,,,"also matched ['IT/Software - Cybersecurity', 'IT/Software - QA & Testing', 'IT/Software - Software Development'], kept under 'IT/Software - IT Infrastructure & Networks'"
http://data.europa.eu/esco/skill/598de5b0-5b58-4ea7-8058-a4bc4d18c742,IT/Software - Software Development,cross-sector,,SQL,,,"also matched ['IT/Software - Software Development'], kept under 'IT/Software - Data & AI'"
http://data.europa.eu/esco/skill/5b9cde20-f1b9-4adc-bfb3-dbf70b14138d,"IT/Software - IT Infrastructure & Networks,IT/Software - Software Development",cross-sector,,use object-oriented programming,,,"also matched ['IT/Software - IT Infrastructure & Networks', 'IT/Software - Software Development'], kept under 'None'"
http://data.europa.eu/esco/skill/5da8018b-ae85-4cde-ad93-0394369018f3,"IT/Software - QA & Testing,IT/Software - Software Development",cross-sector,,SPARQL,,,"also matched ['IT/Software - QA & Testing', 'IT/Software - Software Development'], kept under 'IT/Software - Data & AI'"
http://data.europa.eu/esco/skill/5ef0c719-5bcb-49f8-b8eb-824388225333,"IT/Software - QA & Testing,IT/Software - Software Development",cross-sector,,use scripting programming,,,"also matched ['IT/Software - QA & Testing', 'IT/Software - Software Development'], kept under 'IT/Software - Cybersecurity'"
http://data.europa.eu/esco/skill/6014921e-1d25-4039-adc2-04852d61880e,"IT/Software - IT Infrastructure & Networks,IT/Software - QA & Testing",cross-sector,,ICT debugging tools,,,"also matched ['IT/Software - IT Infrastructure & Networks', 'IT/Software - QA & Testing'], kept under 'IT/Software - Software Development'"
http://data.europa.eu/esco/skill/611ed16b-99bf-4840-9cab-f55d1d286e0a,"IT/Software - Cybersecurity,IT/Software - IT Infrastructure & Networks,IT/Software - Software Development",cross-sector,,store digital data and systems,,,"also matched ['IT/Software - Cybersecurity', 'IT/Software - IT Infrastructure & Networks', 'IT/Software - Software Development'], kept under 'IT/Software - Data & AI'"
http://data.europa.eu/esco/skill/6195c5f7-a4fb-425d-a3dd-c4467c4471a3,IT/Software - IT Infrastructure & Networks,cross-sector,,deploy cloud resource,,,"also matched ['IT/Software - IT Infrastructure & Networks'], kept under 'IT/Software - Software Development'"
http://data.europa.eu/esco/skill/63095511-1841-4483-8224-f31a30bcdb85,IT/Software - QA & Testing,cross-sector,,legal standards in gambling,,,"also matched ['IT/Software - QA & Testing'], kept under 'IT/Software - Cybersecurity'"
http://data.europa.eu/esco/skill/63f0aa84-5e4c-4eb6-8e8c-876d9feedf1f,"IT/Software - Cybersecurity,IT/Software - Software Development",cross-sector,,Outsourcing model,,,"also matched ['IT/Software - Cybersecurity', 'IT/Software - Software Development'], kept under 'None'"
http://data.europa.eu/esco/skill/6417a4cc-6f61-4459-a114-761a7fa0279d,"IT/Software - IT Infrastructure & Networks,IT/Software - Software Development",cross-sector,,Puppet (tools for software configuration management),,,"also matched ['IT/Software - IT Infrastructure & Networks', 'IT/Software - Software Development'], kept under 'None'"
http://data.europa.eu/esco/skill/6430eb0d-c6de-46b7-a7fc-3dd2e8e62a69,"IT/Software - Cybersecurity,IT/Software - Software Development",cross-sector,,use ICT ticketing system,,,"also matched ['IT/Software - Cybersecurity', 'IT/Software - Software Development'], kept under 'None'"
http://data.europa.eu/esco/skill/64852ade-6ae1-4760-ba4a-976bf07ca255,IT/Software - IT Infrastructure & Networks,cross-sector,,manage disaster recovery plans,,,"also matched ['IT/Software - IT Infrastructure & Networks'], kept under 'IT/Software - Cybersecurity'"
http://data.europa.eu/esco/skill/65e58886-bd1e-4c5b-8ca5-8d9b353c8aa1,IT/Software - Software Development,cross-sector,,data visualisation software,,,"also matched ['IT/Software - Software Development'], kept under 'IT/Software - Data & AI'"
http://data.europa.eu/esco/skill/67a118f4-8a5f-48f7-8e5f-de34b9ca2c37,"IT/Software - Cybersecurity,IT/Software - Software Development",cross-sector,,hybrid model,,,"also matched ['IT/Software - Cybersecurity', 'IT/Software - Software Development'], kept under 'None'"
http://data.europa.eu/esco/skill/69bbd53f-fbb0-4476-b4b2-ef7844464e28,IT/Software - QA & Testing,cross-sector,,web programming,,,"also matched ['IT/Software - QA & Testing'], kept under 'IT/Software - Software Development'"
http://data.europa.eu/esco/skill/69cfc5ed-6569-4aca-a4cc-fd782ba51d9c,IT/Software - IT Infrastructure & Networks,cross-sector,,implement ICT risk management,,,"also matched ['IT/Software - IT Infrastructure & Networks'], kept under 'IT/Software - Cybersecurity'"
http://data.europa.eu/esco/skill/69f0167e-75d9-46cf-847f-72a592880ebb,"IT/Software - IT Infrastructure & Networks,IT/Software - Software Development",cross-sector,,STAF,,,"also matched ['IT/Software - IT Infrastructure & Networks', 'IT/Software - Software Development'], kept under 'None'"
http://data.europa.eu/esco/skill/6a536b36-c5c7-4d10-bf67-a4fb0f8549b2,IT/Software - QA & Testing,cross-sector,,audit techniques,,,"also matched ['IT/Software - QA & Testing'], kept under 'IT/Software - Cybersecurity'"
http://data.europa.eu/esco/skill/6b3afb82-c4ea-4f14-be54-a757fb762663,"IT/Software - IT Infrastructure & Networks,IT/Software - Software Development",cross-sector,,Vagrant,,,"also matched ['IT/Software - IT Infrastructure & Networks', 'IT/Software - Software Development'], kept under 'None'"
http://data.europa.eu/esco/skill/6b643893-0a1f-4f6c-83a1-e7eef75849b9,"IT/Software - Cybersecurity,IT/Software - IT Infrastructure & Networks",cross-sector,,develop with cloud services,,,"also matched ['IT/Software - Cybersecurity', 'IT/Software - IT Infrastructure & Networks'], kept under 'IT/Software - Software Development'"
http://data.europa.eu/esco/skill/6b6a9252-2ed7-4862-a02f-1578f4a532ea,"IT/Software - IT Infrastructure & Networks,IT/Software - Software Development",cross-sector,,Eclipse (integrated development environment software),,,"also matched ['IT/Software - IT Infrastructure & Networks', 'IT/Software - Software Development'], kept under 'None'"
http://data.europa.eu/esco/skill/6c08403c-a5bb-4868-b8c2-b7d039c0e511,IT/Software - Software Development,cross-sector,,design database scheme,,,"also matched ['IT/Software - Software Development'], kept under 'IT/Software - Data & AI'"
http://data.europa.eu/esco/skill/6e4f75b4-c60f-4623-a9ba-760c8245753b,"IT/Software - Cybersecurity,IT/Software - IT Infrastructure & Networks",cross-sector,,ICT communications protocols,,,"also matched ['IT/Software - Cybersecurity', 'IT/Software - IT Infrastructure & Networks'], kept under 'None'"
http://data.europa.eu/esco/skill/6f1edc19-191f-4ba5-a048-ee69aff05bab,"IT/Software - IT Infrastructure & Networks,IT/Software - Software Development",cross-sector,,security engineering,,,"also matched ['IT/Software - IT Infrastructure & Networks', 'IT/Software - Software Development'], kept under 'IT/Software - Cybersecurity'"
http://data.europa.eu/esco/skill/6f7512ab-d46d-402a-8c30-a8878d7c1f88,"IT/Software - Data & AI,IT/Software - Software Development",cross-sector,,SQL Server Integration Services,,,"also matched ['IT/Software - Data & AI', 'IT/Software - Software Development'], kept under 'None'"
http://data.europa.eu/esco/skill/6f8a40d6-f9ce-43ec-a72f-d4213a53f3ed,"IT/Software - IT Infrastructure & Networks,IT/Software - Software Development",cross-sector,,Ansible,,,"also matched ['IT/Software - IT Infrastructure & Networks', 'IT/Software - Software Development'], kept under 'None'"
http://data.europa.eu/esco/skill/6fa1c2c0-a012-4ca0-9642-e01569ba322c,"IT/Software - IT Infrastructure & Networks,IT/Software - QA & Testing",cross-sector,,ICT system integration,,,"also matched ['IT/Software - IT Infrastructure & Networks', 'IT/Software - QA & Testing'], kept under 'IT/Software - Software Development'"
http://data.europa.eu/esco/skill/709ef32a-7435-48e2-8fa2-16e389ecab8a,IT/Software - Cybersecurity,cross-sector,,Cisco,,,"also matched ['IT/Software - Cybersecurity'], kept under 'IT/Software - IT Infrastructure & Networks'"
http://data.europa.eu/esco/skill/7111b95d-0ce3-441a-9d92-4c75d05c4388,IT/Software - Cybersecurity,cross-sector,,project management,,,"also matched ['IT/Software - Cybersecurity'], kept under 'IT/Software - Software Development'"
http://data.europa.eu/esco/skill/71746a0b-e58d-4dc4-ad03-bd84082eae21,IT/Software - IT Infrastructure & Networks,cross-sector,,collect customer feedback on applications,,,"also matched ['IT/Software - IT Infrastructure & Networks'], kept under 'IT/Software - Software Development'"
http://data.europa.eu/esco/skill/72a74f69-5cf1-43c5-99b9-62a444578919,"IT/Software - IT Infrastructure & Networks,IT/Software - Software Development",cross-sector,,engineering processes,,,"also matched ['IT/Software - IT Infrastructure & Networks', 'IT/Software - Software Development'], kept under 'None'"
http://data.europa.eu/esco/skill/744442ac-c157-4350-8be0-ce454df4f5c5,"IT/Software - IT Infrastructure & Networks,IT/Software - Software Development",cross-sector,,perform ICT troubleshooting,,,"also matched ['IT/Software - IT Infrastructure & Networks', 'IT/Software - Software Development'], kept under 'IT/Software - Cybersecurity'"
http://data.europa.eu/esco/skill/7482a123-e801-48de-9733-262125671410,IT/Software - Software Development,cross-sector,,task algorithmisation,,,"also matched ['IT/Software - Software Development'], kept under 'IT/Software - Data & AI'"
http://data.europa.eu/esco/skill/7557f0f4-b8bc-4ac0-b91e-222ab1ba744f,IT/Software - QA & Testing,cross-sector,,tools for ICT test automation,,,"also matched ['IT/Software - QA & Testing'], kept under 'IT/Software - Cybersecurity'"
http://data.europa.eu/esco/skill/75f839c2-fd9a-4ad3-8921-6e734608568d,"IT/Software - IT Infrastructure & Networks,IT/Software - Software Development",cross-sector,,use query languages,,,"also matched ['IT/Software - IT Infrastructure & Networks', 'IT/Software - Software Development'], kept under 'None'"
http://data.europa.eu/esco/skill/76ef6ed3-1658-4a1a-9593-204d799c6d0c,"IT/Software - Data & AI,IT/Software - Software Development",cross-sector,,NoSQL,,,"also matched ['IT/Software - Data & AI', 'IT/Software - Software Development'], kept under 'None'"
http://data.europa.eu/esco/skill/7814e88f-c133-4c3b-b27f-857afa145d42,"IT/Software - IT Infrastructure & Networks,IT/Software - QA & Testing,IT/Software - Software Development",cross-sector,,ICT security legislation,,,"also matched ['IT/Software - IT Infrastructure & Networks', 'IT/Software - QA & Testing', 'IT/Software - Software Development'], kept under 'IT/Software - Cybersecurity'"
http://data.europa.eu/esco/skill/797a4416-0b8d-44f3-8fcd-eb10bd0be6b4,"IT/Software - Cybersecurity,IT/Software - IT Infrastructure & Networks",cross-sector,,develop software prototype,,,"also matched ['IT/Software - Cybersecurity', 'IT/Software - IT Infrastructure & Networks'], kept under 'IT/Software - Software Development'"
http://data.europa.eu/esco/skill/79f24a62-7718-46e1-9b41-37be0560a5ca,IT/Software - IT Infrastructure & Networks,cross-sector,,organisational resilience,,,"also matched ['IT/Software - IT Infrastructure & Networks'], kept under 'IT/Software - Cybersecurity'"
http://data.europa.eu/esco/skill/7a17d7ce-01a2-4746-bbcc-22ffe22fa16e,IT/Software - Software Development,cross-sector,,monitor technology trends,,,"also matched ['IT/Software - Software Development'], kept under 'IT/Software - Cybersecurity'"
http://data.europa.eu/esco/skill/7adb8473-bcc6-4ff8-9850-76d945d40092,IT/Software - Software Development,cross-sector,,analyse ICT system,,,"also matched ['IT/Software - Software Development'], kept under 'IT/Software - Cybersecurity'"
http://data.europa.eu/esco/skill/7d10fcb2-b368-48ab-996b-7c9fafcf68ed,"IT/Software - IT Infrastructure & Networks,IT/Software - Software Development",cross-sector,,use automatic programming,,,"also matched ['IT/Software - IT Infrastructure & Networks', 'IT/Software - Software Development'], kept under 'None'"
http://data.europa.eu/esco/skill/7e1f9657-ab4e-407c-842f-b846197060e3,"IT/Software - IT Infrastructure & Networks,IT/Software - Software Development",cross-sector,,execute ICT audits,,,"also matched ['IT/Software - IT Infrastructure & Networks', 'IT/Software - Software Development'], kept under 'IT/Software - Cybersecurity'"
http://data.europa.eu/esco/skill/7e796b51-49d7-4e73-95af-2e7323763f15,"IT/Software - Data & AI,IT/Software - IT Infrastructure & Networks",cross-sector,,design database in the cloud,,,"also matched ['IT/Software - Data & AI', 'IT/Software - IT Infrastructure & Networks'], kept under 'IT/Software - Software Development'"
http://data.europa.eu/esco/skill/7f0b1a66-ebaf-4c8a-b606-4c1844eb692e,IT/Software - QA & Testing,cross-sector,,attend to ICT systems quality,,,"also matched ['IT/Software - QA & Testing'], kept under 'IT/Software - Cybersecurity'"
http://data.europa.eu/esco/skill/8088750d-8388-4170-a76f-48354c469c44,IT/Software - IT Infrastructure & Networks,cross-sector,,cyber security,,,"also matched ['IT/Software - IT Infrastructure & Networks'], kept under 'IT/Software - Cybersecurity'"
http://data.europa.eu/esco/skill/82de2df7-0d6c-42b1-94ac-b3e9a029e917,"IT/Software - IT Infrastructure & Networks,IT/Software - Software Development",cross-sector,,use back-up and recovery tools,,,"also matched ['IT/Software - IT Infrastructure & Networks', 'IT/Software - Software Development'], kept under 'IT/Software - Cybersecurity'"
http://data.europa.eu/esco/skill/83218cac-3599-417e-93d2-26013cdccd98,"IT/Software - Cybersecurity,IT/Software - Software Development",cross-sector,,service-oriented modelling,,,"also matched ['IT/Software - Cybersecurity', 'IT/Software - Software Development'], kept under 'IT/Software - IT Infrastructure & Networks'"
http://data.europa.eu/esco/skill/8359bd04-d2cb-4757-af1f-39a921df9efe,IT/Software - IT Infrastructure & Networks,cross-sector,,remove computer virus or malware from a computer,,,"also matched ['IT/Software - IT Infrastructure & Networks'], kept under 'IT/Software - Cybersecurity'"
http://data.europa.eu/esco/skill/8369c2d6-c100-4cf6-bd83-9668d8678433,IT/Software - Software Development,cross-sector,,utilise machine learning,,,"also matched ['IT/Software - Software Development'], kept under 'IT/Software - Data & AI'"
http://data.europa.eu/esco/skill/8369ede5-4200-4a44-be2e-bc60ef959259,"IT/Software - Cybersecurity,IT/Software - IT Infrastructure & Networks,IT/Software - QA & Testing,IT/Software - Software Development",cross-sector,,Microsoft Visual C++,,,"also matched ['IT/Software - Cybersecurity', 'IT/Software - IT Infrastructure & Networks', 'IT/Software - QA & Testing', 'IT/Software - Software Development'], kept under 'IT/Software - Data & AI'"
http://data.europa.eu/esco/skill/85616cc4-98bf-4355-9cf1-72ff11752848,IT/Software - Cybersecurity,cross-sector,,develop ICT device driver,,,"also matched ['IT/Software - Cybersecurity'], kept under 'IT/Software - Software Development'"
http://data.europa.eu/esco/skill/85c11255-469f-41bd-a6d1-382bc4a87783,"IT/Software - Cybersecurity,IT/Software - IT Infrastructure & Networks",cross-sector,,interpret technical texts,,,"also matched ['IT/Software - Cybersecurity', 'IT/Software - IT Infrastructure & Networks'], kept under 'IT/Software - Software Development'"
http://data.europa.eu/esco/skill/85f46538-ae70-498a-bfbc-b8ddafe96c7d,"IT/Software - QA & Testing,IT/Software - Software Development",cross-sector,,levels of software testing,,,"also matched ['IT/Software - QA & Testing', 'IT/Software - Software Development'], kept under 'IT/Software - Cybersecurity'"
http://data.europa.eu/esco/skill/867137fb-ff1b-4ca3-99f3-cb6969aa2c68,"IT/Software - Cybersecurity,IT/Software - IT Infrastructure & Networks,IT/Software - QA & Testing,IT/Software - Software Development",cross-sector,,TypeScript,,,"also matched ['IT/Software - Cybersecurity', 'IT/Software - IT Infrastructure & Networks', 'IT/Software - QA & Testing', 'IT/Software - Software Development'], kept under 'IT/Software - Data & AI'"
http://data.europa.eu/esco/skill/8696aff0-18c0-4ba6-a4d0-9a21861b3e5e,"IT/Software - Cybersecurity,IT/Software - QA & Testing",cross-sector,,World Wide Web Consortium standards,,,"also matched ['IT/Software - Cybersecurity', 'IT/Software - QA & Testing'], kept under 'IT/Software - Software Development'"
http://data.europa.eu/esco/skill/86d2e2ea-1ba2-4aa6-b465-8a1f9abc81b8,"IT/Software - Cybersecurity,IT/Software - IT Infrastructure & Networks,IT/Software - QA & Testing",cross-sector,,apply information security policies,,,"also matched ['IT/Software - Cybersecurity', 'IT/Software - IT Infrastructure & Networks', 'IT/Software - QA & Testing'], kept under 'IT/Software - Software Development'"
http://data.europa.eu/esco/skill/89f6560b-2194-45c9-9ece-d33049a73eef,IT/Software - IT Infrastructure & Networks,cross-sector,,computer engineering,,,"also matched ['IT/Software - IT Infrastructure & Networks'], kept under 'IT/Software - Software Development'"
http://data.europa.eu/esco/skill/8b0f73ff-d36b-4196-bb83-464c3a6ef07d,IT/Software - Data & AI,cross-sector,,game theory,,,"also matched ['IT/Software - Data & AI'], kept under 'IT/Software - Software Development'"
http://data.europa.eu/esco/skill/8b94aa1e-89c9-459d-b3b4-1dfab8dec2df,IT/Software - Cybersecurity,cross-sector,,use software libraries,,,"also matched ['IT/Software - Cybersecurity'], kept under 'IT/Software - Software Development'"
http://data.europa.eu/esco/skill/8c4c49d4-9708-433f-8ca7-bf2c5211ee49,"IT/Software - Cybersecurity,IT/Software - IT Infrastructure & Networks,IT/Software - Software Development",cross-sector,,develop creative ideas,,,"also matched ['IT/Software - Cybersecurity', 'IT/Software - IT Infrastructure & Networks', 'IT/Software - Software Development'], kept under 'IT/Software - Data & AI'"
http://data.europa.eu/esco/skill/8d4271ca-c9fd-40b3-875f-15f78332a49e,IT/Software - Cybersecurity,cross-sector,,quality standards,,,"also matched ['IT/Software - Cybersecurity'], kept under 'IT/Software - QA & Testing'"
http://data.europa.eu/esco/skill/8dcbcabe-09f7-4d11-940d-125af57bbc40,IT/Software - Cybersecurity,cross-sector,,track key performance indicators,,,"also matched ['IT/Software - Cybersecurity'], kept under 'IT/Software - QA & Testing'"
http://data.europa.eu/esco/skill/8efa6a7a-6556-4cb8-908d-59d3b5c58d2f,"IT/Software - Cybersecurity,IT/Software - IT Infrastructure & Networks",cross-sector,,cloud monitoring and reporting,,,"also matched ['IT/Software - Cybersecurity', 'IT/Software - IT Infrastructure & Networks'], kept under 'IT/Software - Software Development'"
http://data.europa.eu/esco/skill/901105f8-3a08-453e-b1dc-23619e317fd3,"IT/Software - Cybersecurity,IT/Software - IT Infrastructure & Networks",cross-sector,,create flowchart diagram,,,"also matched ['IT/Software - Cybersecurity', 'IT/Software - IT Infrastructure & Networks'], kept under 'IT/Software - Software Development'"
http://data.europa.eu/esco/skill/902fb91c-3113-4004-9b4f-79aa86b638b7,IT/Software - Software Development,cross-sector,,web application security threats,,,"also matched ['IT/Software - Software Development'], kept under 'IT/Software - Cybersecurity'"
http://data.europa.eu/esco/skill/9136cbf1-7916-4f1c-bc9a-0318ee1d6016,IT/Software - Software Development,cross-sector,,human-computer interaction,,,"also matched ['IT/Software - Software Development'], kept under 'IT/Software - QA & Testing'"
http://data.europa.eu/esco/skill/913e7e83-b8f8-4574-b1ca-1b38f3fd974a,"IT/Software - QA & Testing,IT/Software - Software Development",cross-sector,,execute software tests,,,"also matched ['IT/Software - QA & Testing', 'IT/Software - Software Development'], kept under 'IT/Software - Cybersecurity'"
http://data.europa.eu/esco/skill/9190d87f-9792-42e0-bb7f-64294a656bcd,"IT/Software - IT Infrastructure & Networks,IT/Software - QA & Testing,IT/Software - Software Development",cross-sector,,monitor system performance,,,"also matched ['IT/Software - IT Infrastructure & Networks', 'IT/Software - QA & Testing', 'IT/Software - Software Development'], kept under 'IT/Software - Cybersecurity'"
http://data.europa.eu/esco/skill/925463a7-d51f-4d5b-9f79-4d28cf30acde,IT/Software - IT Infrastructure & Networks,cross-sector,,integrated development environment software,,,"also matched ['IT/Software - IT Infrastructure & Networks'], kept under 'IT/Software - Software Development'"
http://data.europa.eu/esco/skill/93e65de1-923c-437e-aa5b-e6002967ce71,IT/Software - QA & Testing,cross-sector,,web based collaborative platforms,,,"also matched ['IT/Software - QA & Testing'], kept under 'IT/Software - Software Development'"
http://data.europa.eu/esco/skill/94dd823c-148e-4614-a6e8-99249b16357d,IT/Software - Cybersecurity,cross-sector,,ICT project management,,,"also matched ['IT/Software - Cybersecurity'], kept under 'IT/Software - Software Development'"
http://data.europa.eu/esco/skill/9707091a-323b-4240-877a-5999a19286f0,IT/Software - Software Development,cross-sector,,apply ICT system usage policies,,,"also matched ['IT/Software - Software Development'], kept under 'IT/Software - IT Infrastructure & Networks'"
http://data.europa.eu/esco/skill/976455eb-5bbe-4493-ae64-ed16c3b009ea,IT/Software - IT Infrastructure & Networks,cross-sector,,mobile operating systems,,,"also matched ['IT/Software - IT Infrastructure & Networks'], kept under 'IT/Software - Software Development'"
http://data.europa.eu/esco/skill/97bd1c21-66b2-4b7e-ad0f-e3cda590e378,IT/Software - Software Development,cross-sector,,data analytics,,,"also matched ['IT/Software - Software Development'], kept under 'IT/Software - Data & AI'"
http://data.europa.eu/esco/skill/98301d4a-2cc3-439d-8d7f-0b6ac76302bb,"IT/Software - Data & AI,IT/Software - IT Infrastructure & Networks",cross-sector,,business process modelling,,,"also matched ['IT/Software - Data & AI', 'IT/Software - IT Infrastructure & Networks'], kept under 'IT/Software - Software Development'"
http://data.europa.eu/esco/skill/99207709-d076-4cce-ba38-e90d3bb28806,"IT/Software - Data & AI,IT/Software - QA & Testing",cross-sector,,resource description framework query language,,,"also matched ['IT/Software - Data & AI', 'IT/Software - QA & Testing'], kept under 'IT/Software - Software Development'"
http://data.europa.eu/esco/skill/993b1e23-f2de-4bd8-b33f-f86dde1c8e9d,"IT/Software - Cybersecurity,IT/Software - Data & AI,IT/Software - QA & Testing,IT/Software - Software Development",cross-sector,,CoffeeScript,,,"also matched ['IT/Software - Cybersecurity', 'IT/Software - Data & AI', 'IT/Software - QA & Testing', 'IT/Software - Software Development'], kept under 'IT/Software - IT Infrastructure & Networks'"
http://data.europa.eu/esco/skill/9973a5a2-7822-4161-99e9-95c781eb63f8,"IT/Software - Cybersecurity,IT/Software - Data & AI,IT/Software - QA & Testing,IT/Software - Software Development",cross-sector,,Objective-C,,,"also matched ['IT/Software - Cybersecurity', 'IT/Software - Data & AI', 'IT/Software - QA & Testing', 'IT/Software - Software Development'], kept under 'IT/Software - IT Infrastructure & Networks'"
http://data.europa.eu/esco/skill/9cf681c7-89ec-470c-b651-7fe03786f586,"IT/Software - Data & AI,IT/Software - QA & Testing",cross-sector,,query languages,,,"also matched ['IT/Software - Data & AI', 'IT/Software - QA & Testing'], kept under 'IT/Software - Software Development'"
http://data.europa.eu/esco/skill/9d2e926f-53d9-41f5-98f3-19dfaa687f3f,IT/Software - IT Infrastructure & Networks,cross-sector,,tools for software configuration management,,,"also matched ['IT/Software - IT Infrastructure & Networks'], kept under 'IT/Software - Software Development'"
http://data.europa.eu/esco/skill/9e06bac6-6b91-48ca-8b7d-c1f48cdecd7c,"IT/Software - Cybersecurity,IT/Software - IT Infrastructure & Networks,IT/Software - QA & Testing",cross-sector,,solve ICT system problems,,,"also matched ['IT/Software - Cybersecurity', 'IT/Software - IT Infrastructure & Networks', 'IT/Software - QA & Testing'], kept under 'IT/Software - Software Development'"
http://data.europa.eu/esco/skill/9ef0f3a0-9ce2-4ef1-a987-0366b5cb2dbe,"IT/Software - Cybersecurity,IT/Software - Data & AI,IT/Software - IT Infrastructure & Networks",cross-sector,,database development tools,,,"also matched ['IT/Software - Cybersecurity', 'IT/Software - Data & AI', 'IT/Software - IT Infrastructure & Networks'], kept under 'IT/Software - Software Development'"
http://data.europa.eu/esco/skill/9ff9db9d-d14b-426e-83f3-e7449af6c79f,"IT/Software - QA & Testing,IT/Software - Software Development",cross-sector,,manage data,,,"also matched ['IT/Software - QA & Testing', 'IT/Software - Software Development'], kept under 'IT/Software - Data & AI'"
http://data.europa.eu/esco/skill/a3ce2bf7-5562-4639-9b52-fdb4850a3904,"IT/Software - Cybersecurity,IT/Software - IT Infrastructure & Networks,IT/Software - Software Development",cross-sector,,ICT problem management techniques,,,"also matched ['IT/Software - Cybersecurity', 'IT/Software - IT Infrastructure & Networks', 'IT/Software - Software Development'], kept under 'None'"
http://data.europa.eu/esco/skill/a4d336a6-9ffd-402a-91cc-f359716ba4e0,"IT/Software - Cybersecurity,IT/Software - Data & AI,IT/Software - QA & Testing,IT/Software - Software Development",cross-sector,,ML (computer programming),,,"also matched ['IT/Software - Cybersecurity', 'IT/Software - Data & AI', 'IT/Software - QA & Testing', 'IT/Software - Software Development'], kept under 'IT/Software - IT Infrastructure & Networks'"
http://data.europa.eu/esco/skill/a4e31589-3632-4926-91d0-15b889c90b9b,"IT/Software - IT Infrastructure & Networks,IT/Software - Software Development",cross-sector,,IBM WebSphere,,,"also matched ['IT/Software - IT Infrastructure & Networks', 'IT/Software - Software Development'], kept under 'None'"
http://data.europa.eu/esco/skill/a56dec32-05ef-45de-a256-ee6741f356db,IT/Software - Cybersecurity,cross-sector,,information confidentiality,,,"also matched ['IT/Software - Cybersecurity'], kept under 'IT/Software - Data & AI'"
http://data.europa.eu/esco/skill/a57a54b6-2f2e-43e4-9621-b52f4a63cb08,"IT/Software - QA & Testing,IT/Software - Software Development",cross-sector,,LDAP,,,"also matched ['IT/Software - QA & Testing', 'IT/Software - Software Development'], kept under 'IT/Software - Data & AI'"
http://data.europa.eu/esco/skill/a7f0fbe0-c546-4f30-8e41-34a58c64567e,IT/Software - Data & AI,cross-sector,,data storage,,,"also matched ['IT/Software - Data & AI'], kept under 'IT/Software - Software Development'"
http://data.europa.eu/esco/skill/a846cb9e-c152-41e7-bd34-45e7ff941e3b,"IT/Software - Cybersecurity,IT/Software - IT Infrastructure & Networks",cross-sector,,legal requirements of ICT products,,,"also matched ['IT/Software - Cybersecurity', 'IT/Software - IT Infrastructure & Networks'], kept under 'IT/Software - Software Development'"
http://data.europa.eu/esco/skill/a8797f21-1af0-4c5e-98ca-bf1442929363,IT/Software - IT Infrastructure & Networks,cross-sector,,interact with users to gather requirements,,,"also matched ['IT/Software - IT Infrastructure & Networks'], kept under 'IT/Software - Software Development'"
http://data.europa.eu/esco/skill/ab1e97ed-2319-4293-a8b7-072d2648822f,IT/Software - Data & AI,cross-sector,,database management systems,,,"also matched ['IT/Software - Data & AI'], kept under 'IT/Software - Software Development'"
http://data.europa.eu/esco/skill/ab49f767-296b-47d5-af56-0b4a69515b03,IT/Software - IT Infrastructure & Networks,cross-sector,,maintain ICT identity management,,,"also matched ['IT/Software - IT Infrastructure & Networks'], kept under 'IT/Software - Cybersecurity'"
http://data.europa.eu/esco/skill/acf0a78c-f4e3-4bd9-a5cc-9cf4791b3b95,IT/Software - IT Infrastructure & Networks,cross-sector,,implement a virtual private network,,,"also matched ['IT/Software - IT Infrastructure & Networks'], kept under 'IT/Software - Cybersecurity'"
http://data.europa.eu/esco/skill/ae4f0cc6-e0b9-47f5-bdca-2fc2e6316dce,IT/Software - IT Infrastructure & Networks,cross-sector,,manage ICT virtualisation environments,,,"also matched ['IT/Software - IT Infrastructure & Networks'], kept under 'IT/Software - Cybersecurity'"
http://data.europa.eu/esco/skill/af607e5e-4ba1-4e5f-a2a6-dc05806567c7,"IT/Software - Cybersecurity,IT/Software - QA & Testing",cross-sector,,coordinate technological activities,,,"also matched ['IT/Software - Cybersecurity', 'IT/Software - QA & Testing'], kept under 'None'"
http://data.europa.eu/esco/skill/b0096dc5-2e2d-4bc1-8172-05bf486c3968,IT/Software - Data & AI,cross-sector,,design application interfaces,,,"also matched ['IT/Software - Data & AI'], kept under 'IT/Software - Software Development'"
http://data.europa.eu/esco/skill/b04f377b-ee80-4b38-aca1-19d266a23b17,"IT/Software - Data & AI,IT/Software - IT Infrastructure & Networks",cross-sector,,analyse business requirements,,,"also matched ['IT/Software - Data & AI', 'IT/Software - IT Infrastructure & Networks'], kept under 'IT/Software - Software Development'"
http://data.europa.eu/esco/skill/b105ec9b-0857-41d6-8d07-a83e58b73d90,"IT/Software - Cybersecurity,IT/Software - IT Infrastructure & Networks,IT/Software - QA & Testing",cross-sector,,ICT system programming,,,"also matched ['IT/Software - Cybersecurity', 'IT/Software - IT Infrastructure & Networks', 'IT/Software - QA & Testing'], kept under 'IT/Software - Software Development'"
http://data.europa.eu/esco/skill/b16200f4-4f39-4b8b-aa9d-3568054d6bdb,"IT/Software - Cybersecurity,IT/Software - Software Development",cross-sector,,Open source model,,,"also matched ['IT/Software - Cybersecurity', 'IT/Software - Software Development'], kept under 'None'"
http://data.europa.eu/esco/skill/b4dc6e4f-dc7d-445f-8ce2-d7b9d225e282,"IT/Software - Cybersecurity,IT/Software - QA & Testing,IT/Software - Software Development",cross-sector,,AJAX,,,"also matched ['IT/Software - Cybersecurity', 'IT/Software - QA & Testing', 'IT/Software - Software Development'], kept under 'IT/Software - IT Infrastructure & Networks'"
http://data.europa.eu/esco/skill/b633eb55-8f1f-4ae6-ab4c-2022ffe2cb7f,"IT/Software - Data & AI,IT/Software - IT Infrastructure & Networks,IT/Software - QA & Testing,IT/Software - Software Development",cross-sector,,C++,,,"also matched ['IT/Software - Data & AI', 'IT/Software - IT Infrastructure & Networks', 'IT/Software - QA & Testing', 'IT/Software - Software Development'], kept under 'IT/Software - Cybersecurity'"
http://data.europa.eu/esco/skill/b8271c8a-cba6-4baa-80f5-6361af3f07e3,IT/Software - Software Development,cross-sector,,ensure adherence to organisational ICT standards,,,"also matched ['IT/Software - Software Development'], kept under 'IT/Software - Cybersecurity'"
http://data.europa.eu/esco/skill/b9f16465-56a9-426b-a047-0f9f1f95ec92,"IT/Software - QA & Testing,IT/Software - Software Development",cross-sector,,address problems critically,,,"also matched ['IT/Software - QA & Testing', 'IT/Software - Software Development'], kept under 'IT/Software - Cybersecurity'"
http://data.europa.eu/esco/skill/ba04b19b-0b18-4d5c-b799-4db31a98e58d,IT/Software - Software Development,cross-sector,,BlackBerry,,,"also matched ['IT/Software - Software Development'], kept under 'IT/Software - IT Infrastructure & Networks'"
http://data.europa.eu/esco/skill/ba1b0441-a6b8-4e57-8ccc-871012f63e42,IT/Software - Software Development,cross-sector,,trading software,,,"also matched ['IT/Software - Software Development'], kept under 'IT/Software - QA & Testing'"
http://data.europa.eu/esco/skill/bb2b4485-2bad-402f-8517-44bf7d9afff4,"IT/Software - IT Infrastructure & Networks,IT/Software - Software Development",cross-sector,,implement anti-virus software,,,"also matched ['IT/Software - IT Infrastructure & Networks', 'IT/Software - Software Development'], kept under 'IT/Software - Cybersecurity'"
http://data.europa.eu/esco/skill/bb99af26-71ff-4dca-bde7-1eb1f6194426,"IT/Software - Cybersecurity,IT/Software - Data & AI,IT/Software - QA & Testing,IT/Software - Software Development",cross-sector,,SAP R3,,,"also matched ['IT/Software - Cybersecurity', 'IT/Software - Data & AI', 'IT/Software - QA & Testing', 'IT/Software - Software Development'], kept under 'IT/Software - IT Infrastructure & Networks'"
http://data.europa.eu/esco/skill/bd14968e-e409-45af-b362-3495ed7b10e0,"IT/Software - Cybersecurity,IT/Software - Data & AI,IT/Software - IT Infrastructure & Networks",cross-sector,,cloud technologies,,,"also matched ['IT/Software - Cybersecurity', 'IT/Software - Data & AI', 'IT/Software - IT Infrastructure & Networks'], kept under 'IT/Software - Software Development'"
http://data.europa.eu/esco/skill/be80acfc-b6f2-4411-9b8d-b19d9cd2556a,"IT/Software - Cybersecurity,IT/Software - Data & AI,IT/Software - QA & Testing,IT/Software - Software Development",cross-sector,,Swift (computer programming),,,"also matched ['IT/Software - Cybersecurity', 'IT/Software - Data & AI', 'IT/Software - QA & Testing', 'IT/Software - Software Development'], kept under 'IT/Software - IT Infrastructure & Networks'"
http://data.europa.eu/esco/skill/bec4359e-cb92-468f-a997-8fb28e32fba9,"IT/Software - Cybersecurity,IT/Software - Data & AI,IT/Software - IT Infrastructure & Networks,IT/Software - QA & Testing",cross-sector,,ICT project management methodologies,,,"also matched ['IT/Software - Cybersecurity', 'IT/Software - Data & AI', 'IT/Software - IT Infrastructure & Networks', 'IT/Software - QA & Testing'], kept under 'IT/Software - Software Development'"
http://data.europa.eu/esco/skill/c062bab3-3ea0-4291-9220-a2d8fef4bead,"IT/Software - Data & AI,IT/Software - Software Development",cross-sector,,SQL Server,,,"also matched ['IT/Software - Data & AI', 'IT/Software - Software Development'], kept under 'None'"
http://data.europa.eu/esco/skill/c13fb093-5ffb-491a-b8b7-fa2d42a57e2e,"IT/Software - Cybersecurity,IT/Software - IT Infrastructure & Networks",cross-sector,,implement cloud security and compliance,,,"also matched ['IT/Software - Cybersecurity', 'IT/Software - IT Infrastructure & Networks'], kept under 'IT/Software - Software Development'"
http://data.europa.eu/esco/skill/c2cbbccf-4ffd-4626-86e7-505b39c872a0,IT/Software - IT Infrastructure & Networks,cross-sector,,implement spam protection,,,"also matched ['IT/Software - IT Infrastructure & Networks'], kept under 'IT/Software - Cybersecurity'"
http://data.europa.eu/esco/skill/c3a03c5a-c260-4c26-9b9a-873abb396f4d,"IT/Software - Cybersecurity,IT/Software - Data & AI,IT/Software - QA & Testing,IT/Software - Software Development",cross-sector,,MATLAB,,,"also matched ['IT/Software - Cybersecurity', 'IT/Software - Data & AI', 'IT/Software - QA & Testing', 'IT/Software - Software Development'], kept under 'IT/Software - IT Infrastructure & Networks'"
http://data.europa.eu/esco/skill/c4b626c1-e71c-44ec-9f88-042766f37fcc,"IT/Software - IT Infrastructure & Networks,IT/Software - Software Development",cross-sector,,application usability,,,"also matched ['IT/Software - IT Infrastructure & Networks', 'IT/Software - Software Development'], kept under 'IT/Software - QA & Testing'"
http://data.europa.eu/esco/skill/c544a9f3-5945-4b54-afed-de0697852817,IT/Software - Data & AI,cross-sector,,report analysis results,,,"also matched ['IT/Software - Data & AI'], kept under 'IT/Software - Software Development'"
http://data.europa.eu/esco/skill/c55caed2-de9e-4a25-819e-a0b0e83fba1b,"IT/Software - Cybersecurity,IT/Software - Software Development",cross-sector,,give live presentation,,,"also matched ['IT/Software - Cybersecurity', 'IT/Software - Software Development'], kept under 'IT/Software - QA & Testing'"
http://data.europa.eu/esco/skill/c5e8abde-d2ba-4e8e-a65e-720b71180666,IT/Software - QA & Testing,cross-sector,,unstructured data,,,"also matched ['IT/Software - QA & Testing'], kept under 'IT/Software - Data & AI'"
http://data.europa.eu/esco/skill/c7451027-8249-405a-bb1b-342ff0f3fb3b,"IT/Software - IT Infrastructure & Networks,IT/Software - Software Development",cross-sector,,Salt (tools for software configuration management),,,"also matched ['IT/Software - IT Infrastructure & Networks', 'IT/Software - Software Development'], kept under 'None'"
http://data.europa.eu/esco/skill/c7cc6dc5-d56b-4323-8e5c-47c4022f615f,"IT/Software - IT Infrastructure & Networks,IT/Software - QA & Testing,IT/Software - Software Development",cross-sector,,quality assurance methodologies,,,"also matched ['IT/Software - IT Infrastructure & Networks', 'IT/Software - QA & Testing', 'IT/Software - Software Development'], kept under 'IT/Software - Cybersecurity'"
http://data.europa.eu/esco/skill/c7d24594-0c11-4b27-9039-fe0bb903da8e,"IT/Software - QA & Testing,IT/Software - Software Development",cross-sector,,LINQ,,,"also matched ['IT/Software - QA & Testing', 'IT/Software - Software Development'], kept under 'IT/Software - Data & AI'"
http://data.europa.eu/esco/skill/c9e96450-421d-48af-9ee6-d9c50e29afc2,IT/Software - IT Infrastructure & Networks,cross-sector,,ICT recovery techniques,,,"also matched ['IT/Software - IT Infrastructure & Networks'], kept under 'IT/Software - Cybersecurity'"
http://data.europa.eu/esco/skill/ca73ac82-867a-4afa-9732-834aebe896ff,"IT/Software - Cybersecurity,IT/Software - IT Infrastructure & Networks",cross-sector,,ICT system user requirements,,,"also matched ['IT/Software - Cybersecurity', 'IT/Software - IT Infrastructure & Networks'], kept under 'IT/Software - Software Development'"
http://data.europa.eu/esco/skill/cbe2c304-1e7d-489a-97d9-a7d3e37a9db6,"IT/Software - IT Infrastructure & Networks,IT/Software - QA & Testing,IT/Software - Software Development",cross-sector,,apply ICT systems theory,,,"also matched ['IT/Software - IT Infrastructure & Networks', 'IT/Software - QA & Testing', 'IT/Software - Software Development'], kept under 'IT/Software - Data & AI'"
http://data.europa.eu/esco/skill/cc7370dd-69fa-4c67-a96f-d4d135d38700,"IT/Software - Data & AI,IT/Software - QA & Testing",cross-sector,,data quality assessment,,,"also matched ['IT/Software - Data & AI', 'IT/Software - QA & Testing'], kept under 'IT/Software - Software Development'"
http://data.europa.eu/esco/skill/ccd0a1d9-afda-43d9-b901-96344886e14d,"IT/Software - Cybersecurity,IT/Software - Data & AI,IT/Software - IT Infrastructure & Networks,IT/Software - QA & Testing",cross-sector,,Python (computer programming),,,"also matched ['IT/Software - Cybersecurity', 'IT/Software - Data & AI', 'IT/Software - IT Infrastructure & Networks', 'IT/Software - QA & Testing'], kept under 'IT/Software - Software Development'"
http://data.europa.eu/esco/skill/cd5efa8c-e44d-4cbc-91c6-796018dbed68,IT/Software - Cybersecurity,cross-sector,,perform project management,,,"also matched ['IT/Software - Cybersecurity'], kept under 'IT/Software - Data & AI'"
http://data.europa.eu/esco/skill/cdd8b6b2-2fd9-453c-8d62-8a1dc6efcd49,"IT/Software - QA & Testing,IT/Software - Software Development",cross-sector,,systems theory,,,"also matched ['IT/Software - QA & Testing', 'IT/Software - Software Development'], kept under 'IT/Software - IT Infrastructure & Networks'"
http://data.europa.eu/esco/skill/ce26e71f-2d47-474e-89b6-7920931ac4fc,"IT/Software - IT Infrastructure & Networks,IT/Software - Software Development",cross-sector,,iOS,,,"also matched ['IT/Software - IT Infrastructure & Networks', 'IT/Software - Software Development'], kept under 'None'"
http://data.europa.eu/esco/skill/ce354460-500e-4eaa-8e95-8f243fcea3db,"IT/Software - QA & Testing,IT/Software - Software Development",cross-sector,,manage system testing,,,"also matched ['IT/Software - QA & Testing', 'IT/Software - Software Development'], kept under 'IT/Software - IT Infrastructure & Networks'"
http://data.europa.eu/esco/skill/ce8ae6ca-61d8-4174-b457-641de96cbff4,IT/Software - IT Infrastructure & Networks,cross-sector,,automate cloud tasks,,,"also matched ['IT/Software - IT Infrastructure & Networks'], kept under 'IT/Software - Software Development'"
http://data.europa.eu/esco/skill/cef5c0f8-1e40-4c09-b6a7-aa7811849e5d,IT/Software - IT Infrastructure & Networks,cross-sector,,ethics,,,"also matched ['IT/Software - IT Infrastructure & Networks'], kept under 'IT/Software - Cybersecurity'"
http://data.europa.eu/esco/skill/cf3e976d-2c3e-495c-a874-f9e8a66d3b48,"IT/Software - Cybersecurity,IT/Software - IT Infrastructure & Networks",cross-sector,,perform backups,,,"also matched ['IT/Software - Cybersecurity', 'IT/Software - IT Infrastructure & Networks'], kept under 'IT/Software - Software Development'"
http://data.europa.eu/esco/skill/d0c6d77e-cb25-4770-bf77-2073fc5f7523,"IT/Software - IT Infrastructure & Networks,IT/Software - QA & Testing,IT/Software - Software Development",cross-sector,,ICT infrastructure,,,"also matched ['IT/Software - IT Infrastructure & Networks', 'IT/Software - QA & Testing', 'IT/Software - Software Development'], kept under 'IT/Software - Cybersecurity'"
http://data.europa.eu/esco/skill/d31fab87-2a7d-485c-b699-2901ca294b15,"IT/Software - IT Infrastructure & Networks,IT/Software - Software Development",cross-sector,,use functional programming,,,"also matched ['IT/Software - IT Infrastructure & Networks', 'IT/Software - Software Development'], kept under 'None'"
http://data.europa.eu/esco/skill/d3286405-49f8-4e8a-8046-a4376b4e7963,"IT/Software - Cybersecurity,IT/Software - Data & AI,IT/Software - IT Infrastructure & Networks",cross-sector,,manage cloud data and storage,,,"also matched ['IT/Software - Cybersecurity', 'IT/Software - Data & AI', 'IT/Software - IT Infrastructure & Networks'], kept under 'IT/Software - Software Development'"
http://data.europa.eu/esco/skill/d32db06e-bd06-4415-a7ab-1b0ee68caa9a,IT/Software - Software Development,cross-sector,,ICT encryption,,,"also matched ['IT/Software - Software Development'], kept under 'IT/Software - Cybersecurity'"
http://data.europa.eu/esco/skill/d54a1355-05c8-45eb-9c42-267d2cfcdf44,"IT/Software - IT Infrastructure & Networks,IT/Software - QA & Testing",cross-sector,,provide technical training,,,"also matched ['IT/Software - IT Infrastructure & Networks', 'IT/Software - QA & Testing'], kept under 'None'"
http://data.europa.eu/esco/skill/d56fc2b5-4b0a-4e7e-9bde-a33736f6ff18,"IT/Software - Cybersecurity,IT/Software - Data & AI,IT/Software - IT Infrastructure & Networks,IT/Software - Software Development",cross-sector,,Scratch (computer programming),,,"also matched ['IT/Software - Cybersecurity', 'IT/Software - Data & AI', 'IT/Software - IT Infrastructure & Networks', 'IT/Software - Software Development'], kept under 'IT/Software - QA & Testing'"
http://data.europa.eu/esco/skill/d5a59ca8-2e91-472e-8571-d12ce4478679,"IT/Software - Cybersecurity,IT/Software - Data & AI,IT/Software - IT Infrastructure & Networks,IT/Software - Software Development",cross-sector,,Process-based management,,,"also matched ['IT/Software - Cybersecurity', 'IT/Software - Data & AI', 'IT/Software - IT Infrastructure & Networks', 'IT/Software - Software Development'], kept under 'IT/Software - QA & Testing'"
http://data.europa.eu/esco/skill/d78dedfc-21d2-45fd-ba05-e56b7a8865e6,IT/Software - IT Infrastructure & Networks,cross-sector,,network standards,,,"also matched ['IT/Software - IT Infrastructure & Networks'], kept under 'IT/Software - Cybersecurity'"
http://data.europa.eu/esco/skill/d8829a1d-dbde-435b-b921-29d6462f35c9,"IT/Software - IT Infrastructure & Networks,IT/Software - Software Development",cross-sector,,Android (mobile operating systems),,,"also matched ['IT/Software - IT Infrastructure & Networks', 'IT/Software - Software Development'], kept under 'None'"
http://data.europa.eu/esco/skill/d9e5349e-8791-49c2-8ba4-839fdd1606c2,"IT/Software - Cybersecurity,IT/Software - Data & AI,IT/Software - IT Infrastructure & Networks",cross-sector,,define technical requirements,,,"also matched ['IT/Software - Cybersecurity', 'IT/Software - Data & AI', 'IT/Software - IT Infrastructure & Networks'], kept under 'IT/Software - Software Development'"
http://data.europa.eu/esco/skill/d9eaf831-9348-4330-a83e-b7c099cdc8f6,IT/Software - Software Development,cross-sector,,Teradata Database,,,"also matched ['IT/Software - Software Development'], kept under 'IT/Software - Data & AI'"
http://data.europa.eu/esco/skill/da6393d5-a53c-4863-abc7-51f36281d74e,"IT/Software - Cybersecurity,IT/Software - Data & AI,IT/Software - IT Infrastructure & Networks,IT/Software - Software Development",cross-sector,,lean project management,,,"also matched ['IT/Software - Cybersecurity', 'IT/Software - Data & AI', 'IT/Software - IT Infrastructure & Networks', 'IT/Software - Software Development'], kept under 'IT/Software - QA & Testing'"
http://data.europa.eu/esco/skill/dad7e408-162f-46a4-8567-db560e19e2fc,"IT/Software - QA & Testing,IT/Software - Software Development",cross-sector,,identify ICT system weaknesses,,,"also matched ['IT/Software - QA & Testing', 'IT/Software - Software Development'], kept under 'IT/Software - Cybersecurity'"
http://data.europa.eu/esco/skill/dba46f87-0831-49cd-a1c7-340a653c0221,IT/Software - Software Development,cross-sector,,Agile development,,,"also matched ['IT/Software - Software Development'], kept under 'IT/Software - IT Infrastructure & Networks'"
http://data.europa.eu/esco/skill/dc72ad0a-c5dc-4abd-bc0d-ca43e82162e1,"IT/Software - Cybersecurity,IT/Software - Data & AI,IT/Software - IT Infrastructure & Networks",cross-sector,,build business relationships,,,"also matched ['IT/Software - Cybersecurity', 'IT/Software - Data & AI', 'IT/Software - IT Infrastructure & Networks'], kept under 'IT/Software - Software Development'"
http://data.europa.eu/esco/skill/dcdd5ddf-82a6-4ac3-8edc-d4b23cae9a88,"IT/Software - Cybersecurity,IT/Software - Data & AI,IT/Software - IT Infrastructure & Networks,IT/Software - Software Development",cross-sector,,VBScript,,,"also matched ['IT/Software - Cybersecurity', 'IT/Software - Data & AI', 'IT/Software - IT Infrastructure & Networks', 'IT/Software - Software Development'], kept under 'IT/Software - QA & Testing'"
http://data.europa.eu/esco/skill/def007fa-5fed-4a5f-91a2-b0d7e3db1be1,"IT/Software - Cybersecurity,IT/Software - Data & AI,IT/Software - IT Infrastructure & Networks,IT/Software - Software Development",cross-sector,,COBOL,,,"also matched ['IT/Software - Cybersecurity', 'IT/Software - Data & AI', 'IT/Software - IT Infrastructure & Networks', 'IT/Software - Software Development'], kept under 'IT/Software - QA & Testing'"
http://data.europa.eu/esco/skill/df329d70-87b0-466b-a214-3431f36e2a5e,IT/Software - IT Infrastructure & Networks,cross-sector,,protect ICT devices,,,"also matched ['IT/Software - IT Infrastructure & Networks'], kept under 'IT/Software - Cybersecurity'"
http://data.europa.eu/esco/skill/dfff95c6-9758-4c04-a228-7eaa88dec6cd,"IT/Software - Cybersecurity,IT/Software - IT Infrastructure & Networks",cross-sector,,design for organisational complexity,,,"also matched ['IT/Software - Cybersecurity', 'IT/Software - IT Infrastructure & Networks'], kept under 'IT/Software - Software Development'"
http://data.europa.eu/esco/skill/e207163b-7963-4c3e-9494-7a4bb000211b,IT/Software - Cybersecurity,cross-sector,,estimate duration of work,,,"also matched ['IT/Software - Cybersecurity'], kept under 'IT/Software - Software Development'"
http://data.europa.eu/esco/skill/e2fea4d5-f1f4-4dea-89bb-43b1d07658af,"IT/Software - Data & AI,IT/Software - QA & Testing",cross-sector,,statistical quality control,,,"also matched ['IT/Software - Data & AI', 'IT/Software - QA & Testing'], kept under 'None'"
http://data.europa.eu/esco/skill/e54ff029-1ce9-447d-a5b2-eb7283a23e6e,IT/Software - Software Development,cross-sector,,train employees,,,"also matched ['IT/Software - Software Development'], kept under 'IT/Software - Cybersecurity'"
http://data.europa.eu/esco/skill/e5a6e1e0-1b07-4432-83ba-77d593b2cb47,IT/Software - Software Development,cross-sector,,SAS Data Management,,,"also matched ['IT/Software - Software Development'], kept under 'IT/Software - Data & AI'"
http://data.europa.eu/esco/skill/e5b5053e-0ef6-4c4e-a3f2-42f955f4322c,IT/Software - IT Infrastructure & Networks,cross-sector,,implement a firewall,,,"also matched ['IT/Software - IT Infrastructure & Networks'], kept under 'IT/Software - Cybersecurity'"
http://data.europa.eu/esco/skill/e5beeff8-7c98-490a-ae2c-16fbb6a87305,IT/Software - IT Infrastructure & Networks,cross-sector,,manage keys for data protection,,,"also matched ['IT/Software - IT Infrastructure & Networks'], kept under 'IT/Software - Cybersecurity'"
http://data.europa.eu/esco/skill/e8b89eb6-51e8-4c3a-babb-88b2e110376b,"IT/Software - Cybersecurity,IT/Software - Data & AI,IT/Software - IT Infrastructure & Networks,IT/Software - Software Development",cross-sector,,Pascal (computer programming),,,"also matched ['IT/Software - Cybersecurity', 'IT/Software - Data & AI', 'IT/Software - IT Infrastructure & Networks', 'IT/Software - Software Development'], kept under 'IT/Software - QA & Testing'"
http://data.europa.eu/esco/skill/ea412de3-9d7a-4943-8d8c-c6d3c7495d0e,"IT/Software - IT Infrastructure & Networks,IT/Software - Software Development",cross-sector,,execute integration testing,,,"also matched ['IT/Software - IT Infrastructure & Networks', 'IT/Software - Software Development'], kept under 'IT/Software - QA & Testing'"
http://data.europa.eu/esco/skill/eb0e5615-1575-4a86-a1a2-7d39595033c5,"IT/Software - Cybersecurity,IT/Software - IT Infrastructure & Networks,IT/Software - Software Development",cross-sector,,ABAP,,,"also matched ['IT/Software - Cybersecurity', 'IT/Software - IT Infrastructure & Networks', 'IT/Software - Software Development'], kept under 'IT/Software - QA & Testing'"
http://data.europa.eu/esco/skill/ed39edd3-44d0-4a16-9796-bfb99f92baf3,"IT/Software - IT Infrastructure & Networks,IT/Software - QA & Testing",cross-sector,,ICT performance analysis methods,,,"also matched ['IT/Software - IT Infrastructure & Networks', 'IT/Software - QA & Testing'], kept under 'IT/Software - Cybersecurity'"
http://data.europa.eu/esco/skill/ed8de897-adbe-4f0e-b4d2-534953e64c72,"IT/Software - IT Infrastructure & Networks,IT/Software - QA & Testing,IT/Software - Software Development",cross-sector,,integrate system components,,,"also matched ['IT/Software - IT Infrastructure & Networks', 'IT/Software - QA & Testing', 'IT/Software - Software Development'], kept under 'IT/Software - Cybersecurity'"
http://data.europa.eu/esco/skill/f049d050-12da-4e40-813a-2b5eb6df6b51,"IT/Software - Cybersecurity,IT/Software - IT Infrastructure & Networks",cross-sector,,Internet of Things,,,"also matched ['IT/Software - Cybersecurity', 'IT/Software - IT Infrastructure & Networks'], kept under 'IT/Software - Software Development'"
http://data.europa.eu/esco/skill/f0de4973-0a70-4644-8fd4-3a97080476f4,IT/Software - Software Development,cross-sector,,DevOps,,,"also matched ['IT/Software - Software Development'], kept under 'IT/Software - IT Infrastructure & Networks'"
http://data.europa.eu/esco/skill/f0f5bb34-71df-4715-9c9e-03567b76ec8f,IT/Software - QA & Testing,cross-sector,,create website wireframe,,,"also matched ['IT/Software - QA & Testing'], kept under 'IT/Software - Software Development'"
http://data.europa.eu/esco/skill/f28617ad-afdd-4041-814c-216153a38998,IT/Software - IT Infrastructure & Networks,cross-sector,,analyse software specifications,,,"also matched ['IT/Software - IT Infrastructure & Networks'], kept under 'IT/Software - Software Development'"
http://data.europa.eu/esco/skill/f47a1998-0beb-43be-9f46-380aa4d183da,IT/Software - Software Development,cross-sector,,Jenkins (tools for software configuration management),,,"also matched ['IT/Software - Software Development'], kept under 'IT/Software - IT Infrastructure & Networks'"
http://data.europa.eu/esco/skill/f4a85869-1855-45d5-a43c-7ee8cd451996,"IT/Software - IT Infrastructure & Networks,IT/Software - QA & Testing",cross-sector,,perform ICT security testing,,,"also matched ['IT/Software - IT Infrastructure & Networks', 'IT/Software - QA & Testing'], kept under 'IT/Software - Cybersecurity'"
http://data.europa.eu/esco/skill/f5308e60-d763-4ead-be95-88c96fb3e02b,"IT/Software - IT Infrastructure & Networks,IT/Software - Software Development",cross-sector,,adapt to changes in technological development plans,,,"also matched ['IT/Software - IT Infrastructure & Networks', 'IT/Software - Software Development'], kept under 'None'"
http://data.europa.eu/esco/skill/f597f772-24d3-4cec-813c-cf5a7027c794,"IT/Software - QA & Testing,IT/Software - Software Development",cross-sector,,N1QL,,,"also matched ['IT/Software - QA & Testing', 'IT/Software - Software Development'], kept under 'IT/Software - Data & AI'"
http://data.europa.eu/esco/skill/f5dd06b8-5d17-4932-9d03-957d0c4f5051,"IT/Software - IT Infrastructure & Networks,IT/Software - Software Development",cross-sector,,perform resource planning,,,"also matched ['IT/Software - IT Infrastructure & Networks', 'IT/Software - Software Development'], kept under 'None'"
http://data.europa.eu/esco/skill/f6424ebb-8401-446b-9f7e-10d7c854da02,IT/Software - IT Infrastructure & Networks,cross-sector,,ICT network simulation,,,"also matched ['IT/Software - IT Infrastructure & Networks'], kept under 'IT/Software - QA & Testing'"
http://data.europa.eu/esco/skill/f84a433f-34f1-4083-b0a3-24802623509c,IT/Software - IT Infrastructure & Networks,cross-sector,,web services,,,"also matched ['IT/Software - IT Infrastructure & Networks'], kept under 'IT/Software - Software Development'"
http://data.europa.eu/esco/skill/f9a6f35b-01a7-40c9-8b61-b6ee46f97272,IT/Software - Cybersecurity,cross-sector,,operating systems,,,"also matched ['IT/Software - Cybersecurity'], kept under 'IT/Software - IT Infrastructure & Networks'"
http://data.europa.eu/esco/skill/f9e788df-d68a-4f92-92c7-80e135fc35ff,IT/Software - IT Infrastructure & Networks,cross-sector,,ICT networking hardware,,,"also matched ['IT/Software - IT Infrastructure & Networks'], kept under 'IT/Software - Cybersecurity'"
http://data.europa.eu/esco/skill/fae27053-8924-4bfd-b565-c9fe502044c9,IT/Software - IT Infrastructure & Networks,cross-sector,,system design,,,"also matched ['IT/Software - IT Infrastructure & Networks'], kept under 'IT/Software - Software Development'"
http://data.europa.eu/esco/skill/fafe0b9d-dbd9-46bd-b770-26299539ce66,IT/Software - QA & Testing,cross-sector,,ICT process quality models,,,"also matched ['IT/Software - QA & Testing'], kept under 'IT/Software - Cybersecurity'"
http://data.europa.eu/esco/skill/fb7aee4d-f6c6-4a87-8e9d-8e542b3771f8,IT/Software - Software Development,cross-sector,,software metrics,,,"also matched ['IT/Software - Software Development'], kept under 'IT/Software - QA & Testing'"
http://data.europa.eu/esco/skill/fbafa41f-cd05-4109-a649-8b44d306d779,IT/Software - Software Development,cross-sector,,create data models,,,"also matched ['IT/Software - Software Development'], kept under 'IT/Software - Data & AI'"
http://data.europa.eu/esco/skill/fd33c66c-70c4-40e6-b87c-5495bd3bf26e,"IT/Software - Cybersecurity,IT/Software - QA & Testing",cross-sector,,design user interface,,,"also matched ['IT/Software - Cybersecurity', 'IT/Software - QA & Testing'], kept under 'IT/Software - Software Development'"
http://data.europa.eu/esco/skill/fd6d2981-3d4a-4ce2-9741-cfc98c5b74bd,IT/Software - Software Development,cross-sector,,implement data warehousing techniques,,,"also matched ['IT/Software - Software Development'], kept under 'IT/Software - Data & AI'"
http://data.europa.eu/esco/skill/fe1c2b32-7fe9-4668-affa-07ff658a68cf,IT/Software - Software Development,cross-sector,,identify ICT security risks,,,"also matched ['IT/Software - Software Development'], kept under 'IT/Software - Cybersecurity'"
http://data.europa.eu/esco/skill/fecf8a0d-62c4-4e71-9b03-0f4fc2ad7bf5,IT/Software - Data & AI,cross-sector,,data models,,,"also matched ['IT/Software - Data & AI'], kept under 'IT/Software - Software Development'"
http://data.europa.eu/esco/skill/ffddfc7c-a9dd-449f-9e96-882dc447c8b6,"IT/Software - Cybersecurity,IT/Software - Data & AI,IT/Software - IT Infrastructure & Networks,IT/Software - Software Development",cross-sector,,Scala,,,"also matched ['IT/Software - Cybersecurity', 'IT/Software - Data & AI', 'IT/Software - IT Infrastructure & Networks', 'IT/Software - Software Development'], kept under 'IT/Software - QA & Testing'"
